ticker,label,unit,months_supporting,months_clean,first_month,last_month,has_nav_vocab,is_rule
8IH,a based on a s pre tax and s,dollars,2,2,2025-01,2025-02,False,False
8IH,per share as of is s a,dollars,1,1,2025-11,2025-11,False,False
8IH,nta per share as of is s,dollars,1,1,2025-01,2025-01,True,False
ACQ,includes dividends nta after taxes and before taxes,dollars,1,1,2024-10,2024-10,True,False
ACQ,returns both nta after taxes including taxes on,dollars,1,1,2024-10,2024-10,True,False
ACQ,capital sirca microcap acc index companies universe asx,cents,1,1,2025-03,2025-03,False,False
ACQ,for the nta after taxes including taxes on,dollars,1,1,2025-11,2025-11,True,False
AFI,pre tax nta per share,dollars,11,11,2024-09,2026-03,True,True
AFI,share as at pre tax nta per share,dollars,11,11,2024-09,2026-03,True,True
AFI,as at before tax after tax,dollars,2,2,2025-10,2025-12,False,False
AFI,of million portfolio commonwealth bank of australia bhp,cents,1,1,2025-04,2025-04,False,False
AFI,bank westpac banking corporation csl macquarie group wesfarmers,dollars,1,1,2026-01,2026-01,False,False
AFI,com afi cm mpms mufg com page of,dollars,1,1,2026-01,2026-01,False,False
AFI,after tax cum div cum div,dollars,1,1,2025-08,2025-08,False,False
AIQ,special investments net cash incl fortress pe funds,dollars,2,2,2025-05,2025-07,False,False
AIQ,cents per unit closing aud usd cents per unit,dollars,1,1,2025-01,2025-01,False,False
ALI,and approximate pre tax nta per share,dollars,3,3,2024-09,2025-11,True,True
ALI,nta per share nta per share,dollars,3,3,2024-09,2026-01,True,True
AMH,pre tax nta per share,dollars,8,8,2024-09,2026-03,True,True
AMH,share as at pre tax nta per share,dollars,8,8,2024-09,2026-03,True,True
AMH,as at before tax after tax,dollars,2,2,2024-10,2025-04,False,False
AMH,at before tax after tax,dollars,2,2,2024-10,2025-01,False,False
AMH,before tax after tax ex div,dollars,1,1,2026-03,2026-03,False,False
AMH,after tax ex div cum div,dollars,1,1,2024-09,2024-09,False,False
AMH,com amcil cm mpms mufg com page of,dollars,1,1,2026-02,2026-02,False,False
AMH,staples as percentage of total portfolio value energy,dollars,1,1,2024-10,2024-10,False,False
ARG,and approximate pre tax nta per share,dollars,7,7,2025-08,2026-06,True,True
ARG,nta per share nta per share,dollars,3,3,2024-09,2025-12,True,True
ARG,approximate n ovember pre tax nta per share,dollars,2,2,2025-11,2025-12,True,False
ARG,earlier guidance its share price jumped more than,dollars,1,1,2024-12,2024-12,False,False
ARG,j uly j uly pre tax nta per share,dollars,1,1,2025-07,2025-07,True,False
BEL,au bentley capital limited a b n suite,cents,1,0,2024-07,2024-07,False,False
BEL,limited lel materials other listed securities various various,dollars,1,0,2024-07,2024-07,False,False
BEL,bentley capital limited a b n suite level,cents,1,0,2024-07,2024-07,False,False
CD2,nta value after tax as at was,dollars,4,4,2024-11,2026-05,True,True
CD2,unit fund inception last months since inception return,dollars,4,4,2024-11,2026-05,False,False
CD2,ylno esu lanosrep rof cd quarterly nta movement,dollars,3,3,2025-05,2026-05,True,True
CD2,as at was per unit was,dollars,2,2,2025-04,2025-07,False,False
CD2,nta as illustrated below nta per unit,dollars,1,1,2025-05,2025-05,True,False
CD3,unaudited nta value before tax at of,dollars,2,2,2024-11,2024-12,True,False
CD3,as at was per unit was,dollars,1,1,2025-07,2025-07,False,False
CDM,dividend yield based on the pre tax nta of,dollars,1,1,2024-10,2024-10,True,False
CDO,for more information contact cadence opportunities fund on,dollars,1,1,2024-07,2024-07,False,False
DJW,pre tax nta per share,dollars,9,9,2024-11,2026-06,True,True
DJW,share as at pre tax nta per share,dollars,9,9,2024-11,2026-06,True,True
DJW,as at before tax after tax,dollars,2,2,2025-03,2025-09,False,False
DJW,com djerri cm mpms mufg com page of,dollars,1,1,2025-06,2025-06,False,False
DN1,per unit of the dominion income trust was,dollars,13,13,2025-05,2026-06,False,False
DN1,previously announced on has been amended to,dollars,1,1,2025-07,2025-07,False,False
FGX,month end share price research ratings portfolio performance m,dollars,1,1,2026-06,2026-06,False,False
FGX,s p asx all ordinaries accumulation index by cents,cents,1,1,2026-06,2026-06,False,False
FGX,in line with the s p asx all ordinaries,cents,1,1,2026-02,2026-02,False,False
FGX,future generation australia firetrail investments eley griffiths group,dollars,1,1,2025-05,2025-05,False,False
FGX,eley griffiths group small companies fund long equities,dollars,1,1,2025-05,2025-05,False,False
FPC,fund as at th amount pre tax nta,dollars,3,3,2024-11,2025-08,True,True
FPC,pre tax nta,dollars,2,1,2024-11,2025-11,True,False
FPC,music entertainment group sumitomo mitsui financial group inc,cents,1,1,2024-09,2024-09,False,False
FPC,below st th change pre tax nta,dollars,1,1,2025-11,2025-11,True,False
FPC,contrarian fund as at amount pre tax nta,dollars,1,1,2025-10,2025-10,True,False
FPC,to solid start with estimated pre tax nta reaching,dollars,1,1,2026-01,2026-01,True,False
FPC,nta hitting the highest level on record at,dollars,1,1,2025-06,2025-06,True,False
FPC,to th st change pre tax nta,dollars,1,0,2024-11,2024-11,True,False
FPC,with pre tax and post tax nta increasing to,dollars,1,0,2024-11,2024-11,True,False
GCI,on nta per unit as at,dollars,21,21,2024-07,2026-06,True,True
GCI,rate distribution cap unit m distribution nta unit m,dollars,6,6,2025-03,2025-09,True,True
GCI,macquarie tower farrer place sydney nsw p f,dollars,3,3,2024-09,2025-02,False,False
GCI,governor macquarie tower farrer place sydney nsw p,dollars,3,3,2024-09,2025-02,False,False
GCI,net return cap unit m distribution nta unit m,dollars,3,3,2024-07,2024-12,True,True
GCI,return rba cash rate p a nta unit m,dollars,2,2,2025-10,2025-12,True,False
GCI,on nta per unit as at mach,dollars,1,1,2026-03,2026-03,True,False
GCI,return floating rate distribution cap unit m distribution,dollars,1,1,2025-06,2025-06,False,False
GCI,fund return reflects compounded movements in the nta,dollars,3,0,2024-09,2025-02,True,False
GCI,and gci s strategic objectives professionals globally sustainable,dollars,3,0,2024-09,2025-02,False,False
GCI,in arrears as of loans loans m balance,dollars,3,0,2024-09,2025-02,False,False
GCI,mth mth mth yr yr yr incep,dollars,2,0,2024-09,2025-01,False,False
GCI,arsn asx announcement,dollars,2,0,2024-09,2025-01,False,False
GCI,business on nta per unit as at,dollars,2,0,2024-09,2025-01,True,False
GCI,trust as at the close of business on,dollars,2,0,2024-09,2025-01,False,False
GCI,managed investment funds limited acn afsl cash aaa,dollars,1,0,2024-09,2024-09,False,False
GCI,enquiries boardroomlimited com au investment update page,dollars,1,0,2024-09,2024-09,False,False
GCI,annualised actual distribution for the months to,dollars,1,0,2024-09,2024-09,False,False
GCI,gcapinvest com asx price nta per unit boardroom,dollars,1,0,2024-09,2024-09,True,False
GCI,rba cash rate p a unit pricing daily,dollars,1,0,2024-09,2024-09,False,False
GCI,reinvestment target return rba cash rate p a,dollars,1,0,2025-01,2025-01,False,False
GCI,sector aa a bbb bb b abs sme,dollars,1,0,2025-01,2025-01,False,False
GCI,nta per unit general email info gcapinvest com,dollars,1,0,2025-01,2025-01,True,False
GCI,westpac australian securitisation investment update page,dollars,1,0,2025-01,2025-01,False,False
GCI,recovery rates can also influence the assessment bloomberg,dollars,1,0,2025-01,2025-01,False,False
GCI,return rba cash rate p a distributions monthly,dollars,1,0,2025-02,2025-02,False,False
GCI,gcapinvest com our lit asx price nta per unit general,dollars,1,0,2025-02,2025-02,True,False
GCI,gryphon s website gryphon investment update page,dollars,1,0,2025-02,2025-02,False,False
GCI,mortgage loans distribution as of nta annualised,dollars,1,0,2025-02,2025-02,True,False
GCI,mth yr yr yr incep ipo date,dollars,1,0,2025-02,2025-02,False,False
GFL,tax on unrealised gains unrealised gains at,cents,1,1,2026-02,2026-02,False,False
GLS,nta backings per ordinary share nta before tax,dollars,1,1,2026-04,2026-04,True,False
GLS,ordinary share nta before tax nta after tax,dollars,1,1,2026-06,2026-06,True,False
GVF,share staude capital global value nta before tax,dollars,1,1,2025-02,2025-02,True,False
GVF,per share at the end of was,dollars,1,1,2025-02,2025-02,False,False
GVF,on the end of month share price of,dollars,1,1,2025-06,2025-06,False,False
GVF,on issue m denotes australian dollar share price,dollars,1,1,2025-06,2025-06,False,False
HM1,nta per share pre tax nta,dollars,7,7,2025-05,2026-05,True,True
HM1,pre tax nta post current tax nta,dollars,2,2,2024-12,2025-08,True,False
HM1,estimated nta per ordinary share pre tax nta,dollars,2,2,2024-08,2024-09,True,False
HM1,investment update at investment objective pre tax nta,dollars,1,1,2025-08,2025-08,True,False
HM1,per ordinary share pre tax nta,dollars,1,1,2024-11,2024-11,True,False
KAT,after tax nta backing per share before tax,dollars,2,2,2025-12,2026-02,True,False
KAT,nta backing per share after tax,dollars,2,2,2024-12,2025-11,True,False
KAT,per share after tax as at was,dollars,1,1,2024-12,2024-12,False,False
KIT,is as follows value date nta per unit,dollars,3,3,2026-04,2026-06,True,True
KKC,previous nta estimate,dollars,12,8,2024-07,2026-05,True,True
KKC,time current nta estimate previous nta estimate,dollars,12,8,2024-07,2026-05,True,True
KKC,current nta estimate,dollars,10,4,2024-07,2026-05,True,True
KKC,end of day us time current nta estimate,dollars,6,3,2024-07,2025-05,True,True
KKC,value of day us time current nta estimate,dollars,3,1,2025-09,2026-04,True,False
KKC,yield distribution frequency monthly asx unit price a,dollars,1,1,2026-03,2026-03,False,False
KKC,of value day us time current nta estimate,dollars,1,1,2026-05,2026-05,True,False
KKC,at close of business nta per unit,dollars,1,1,2026-04,2026-04,True,False
KKC,of day value us time current nta estimate,dollars,1,0,2026-05,2026-05,True,False
KKC,net tangible assets,dollars,1,0,2026-04,2026-04,True,False
KKC,of nta a nta per unit a,dollars,1,0,2026-04,2026-04,True,False
KKC,per annum at the current nta of a,dollars,1,0,2026-04,2026-04,True,False
LF1,fund was as follows nta per unit,dollars,9,9,2025-07,2026-06,True,True
LF1,nta per unit,dollars,9,9,2025-07,2026-06,True,True
LRT,unit of the trust as at was,dollars,7,7,2025-07,2026-06,False,False
LRT,unit of the trust as at as,dollars,4,4,2024-07,2025-04,False,False
LSF,were nta per ordinary share nta before tax,dollars,11,11,2024-07,2025-10,True,True
LSF,nta after tax,dollars,5,5,2024-11,2025-03,True,True
LSF,ordinary share nta before tax nta after tax,dollars,5,5,2024-11,2025-03,True,True
LSF,per ordinary share f f nta before tax,dollars,4,4,2025-12,2026-06,True,True
LSF,the l long short fund limited as at,dollars,1,1,2025-12,2025-12,False,False
MEC,noted below dollars per share estimated nta pre tax,dollars,5,5,2024-10,2026-02,True,True
MEC,per share estimated nta pre tax estimated nta post tax,dollars,1,1,2024-09,2024-09,True,False
MFF,monthly nta per share as at was,dollars,9,9,2024-07,2025-11,True,True
MFF,nta per share nta per share,dollars,3,3,2026-03,2026-06,True,True
MFF,weekly nta per share as at was,dollars,3,3,2024-08,2025-12,True,True
MFF,platforms allianz home depot dicks sporting goods microsoft,dollars,1,1,2026-06,2026-06,False,False
MFF,capital investments limited weekly nta mffadvisesthatitsapproximateweeklyntapershareasatfriday was,dollars,1,1,2025-06,2025-06,True,False
MFF,a percentage of investment assets was approximately at,dollars,1,1,2026-06,2026-06,False,False
MFF,coinbase followed enron and worldcom into the s p,cents,1,1,2025-06,2025-06,False,False
MFF,prosus home depot rb global alphabet class c,dollars,1,1,2025-06,2025-06,False,False
MIR,pre tax nta per share,dollars,6,6,2024-09,2026-06,True,True
MIR,share as at pre tax nta per share,dollars,6,6,2024-09,2026-06,True,True
MIR,at before tax after tax,dollars,2,2,2025-01,2025-04,False,False
MIR,mir share price asx closing price on,dollars,1,1,2026-03,2026-03,False,False
MIR,as at before tax after tax,dollars,1,1,2025-04,2025-04,False,False
MOT,is as follows value date nta per unit,dollars,23,23,2024-07,2026-05,True,True
MOT,trust as at value date nta per unit,dollars,1,1,2026-03,2026-03,True,False
MXT,is as follows value date nta per unit,dollars,24,24,2024-07,2026-06,True,True
MXT,limited level exchange centre bridge street sydney nsw,dollars,15,15,2024-07,2026-06,False,False
OPH,prior value date nav per unit month end,dollars,18,18,2024-07,2026-05,True,True
OPH,is as follows value date nav per unit,dollars,7,7,2024-09,2026-06,True,True
OPH,vs prior value date cum month end distribution,dollars,2,2,2025-06,2026-06,False,False
OPH,the worst performing sectors inflation fell from to,dollars,1,1,2026-01,2026-01,False,False
PAI,pre tax nta per share as at was,dollars,3,3,2024-10,2025-02,True,True
PCX,nav as at cents per unit nav,cents,11,5,2024-07,2026-06,True,True
PCX,net asset value,cents,11,5,2024-07,2026-06,True,True
PCX,visit our website pengana com pcx client service t,dollars,8,2,2024-07,2026-03,False,False
PCX,nav as at cents per unit nav,dollars,1,1,2025-04,2025-04,True,False
PCX,net asset value,dollars,1,1,2025-04,2025-04,True,False
PE1,net asset value,cents,2,2,2025-11,2025-12,True,False
PE1,nav as at cents per unit nav,cents,2,2,2025-11,2025-12,True,False
PGF,share gross dividend yield nta before tax accruals,dollars,11,11,2024-07,2026-05,True,True
PGF,nta before tax accruals,dollars,11,11,2024-07,2026-05,True,True
PIC,was nta per ordinary share nta before tax,dollars,22,22,2024-07,2026-06,True,True
PIC,nta before tax,dollars,22,22,2024-07,2026-06,True,True
PIC,nta after tax,dollars,6,6,2024-10,2026-06,True,True
PIC,ordinary share nta before tax nta after tax,dollars,6,6,2024-10,2026-06,True,True
PIC,before tax paid s p asx acc index excess returns,dollars,2,2,2025-07,2026-05,False,False
PIC,after tax capitalisation million nta before tax,dollars,2,2,2025-02,2025-10,True,False
PIC,investment company listing date nta after tax,dollars,1,1,2024-12,2024-12,True,False
PL8,as at nta per share pre tax nta,dollars,6,6,2024-09,2026-06,True,True
PL8,p a p a total return pre tax nta,dollars,2,2,2025-06,2026-06,True,False
PL8,a reliable indicator of future performance pre tax nta,dollars,2,2,2025-06,2026-06,True,False
PMC,pre tax nta per share as at was,dollars,6,6,2024-09,2025-09,True,True
PMC,an insurance group china financials finland total italy,dollars,1,1,2025-05,2025-05,False,False
REV,is as follows value date nta per unit,dollars,10,10,2025-09,2026-06,True,True
REV,please contact revolution private credit income trust on,dollars,4,4,2025-11,2026-06,False,False
RF1,nav per unit of regal investment fund was,dollars,9,9,2024-08,2026-05,True,True
RG1,share for regal partners global investments limited was,dollars,4,4,2026-01,2026-05,False,False
RG1,applicable fees and charges the nta value of,dollars,1,1,2026-02,2026-02,True,False
RG1,vgi partners global investments limited asx vg was,dollars,1,1,2025-11,2025-11,False,False
RG8,ordinary share for regal asian investments limited was,dollars,13,13,2024-08,2026-05,False,False
RG8,all applicable fees and charges the nta of,dollars,2,2,2024-08,2024-09,True,False
RG8,applicable fees and charges the nta value of,dollars,1,1,2026-02,2026-02,True,False
SB2,post tax nta share price discount to nta,dollars,2,2,2024-10,2024-12,True,False
SB2,pre tax post tax dividends sb investment report,dollars,1,1,2025-08,2025-08,False,False
SB2,tax nta share price discount premium to nta,dollars,1,1,2025-01,2025-01,True,False
SB2,recent addition to the portfolio monthly return of,dollars,1,1,2024-07,2024-07,False,False
SB2,year p a p a p a sb,dollars,1,1,2024-07,2024-07,False,False
SET,at estimated nta per share pre tax nta,dollars,3,3,2026-04,2026-06,True,True
SNC,investments limited nta before tax nta after tax,dollars,2,2,2024-12,2025-08,True,False
TCF,as follows value date nav per unit,dollars,18,18,2024-11,2026-06,True,True
TCF,price unit nav commercial unit price unit nav,dollars,9,9,2024-12,2026-06,True,True
TCF,unit price unit nav unit price unit nav,dollars,7,7,2025-01,2025-07,True,True
TCF,at is as follows nav per unit,dollars,2,2,2024-07,2024-09,True,False
TCF,net asset value per unit,dollars,2,2,2024-07,2024-09,True,False
TCF,sector unit price unit nav commercial unit price,dollars,1,1,2024-12,2024-12,True,False
TCF,unit nav,dollars,1,1,2026-05,2026-05,True,False
TCF,unit nav commercial industrial unit price unit nav,dollars,1,1,2025-12,2025-12,True,False
TVL,nta a m a m nta per share,dollars,5,5,2025-02,2025-11,True,True
TVL,m total nav nta per share a m,dollars,4,4,2025-02,2025-11,True,True
TVL,prior month nta m m nta per share,dollars,1,1,2026-04,2026-04,True,False
VG1,share for vgi partners global investments limited was,dollars,8,8,2024-08,2025-08,False,False
VG1,all applicable fees and charges the nta of,dollars,2,2,2024-08,2025-08,True,False
WAX,cents cents cents cents cents cents m,dollars,1,1,2024-12,2024-12,False,False
WAX,the australian nta nta tax paid cents,cents,1,1,2025-07,2025-07,True,False
WHI,investment returns per share prior month nta,dollars,3,3,2025-11,2026-02,True,True
WHI,portfolio portfolio return gross of franking credits nta,dollars,1,1,2025-01,2025-01,True,False
WHI,nta gross assets m shares on issue nta,dollars,1,1,2025-11,2025-11,True,False
WHI,returns per share prior month strategy nta,dollars,1,1,2026-04,2026-04,True,False
WHI,mth since strategy to listing inception nta,dollars,1,1,2025-08,2025-08,True,False
WMA,wma unique opportunities beyond traditional assets cents,cents,3,3,2024-12,2025-03,False,False
WMA,asx wma unique opportunities beyond traditional assets,cents,2,2,2024-12,2026-01,False,False
WMA,assets nta nta fully franked dividend paid cents,cents,1,1,2024-11,2024-11,True,False
WMA,beyond traditional assets nta nta dividend paid cents,cents,1,1,2026-05,2026-05,True,False
WMA,dividend of cents per share payable on,cents,1,1,2025-04,2025-04,False,False
WMA,beyond traditional assets the nta figure is,cents,1,1,2025-04,2025-04,True,False
WMA,traditional assets the nta figure is before,cents,1,1,2026-04,2026-04,True,False
WMI,ex dividend on nta nta tax paid cents,cents,1,1,2025-10,2025-10,True,False
WMI,esu lanosrep rof interim result interim financial report,dollars,1,1,2025-03,2025-03,False,False
WMI,nta nta fully franked dividend paid cents,cents,1,1,2024-11,2024-11,True,False
WMX,share before tax s p asx accumulation index and benchmark,dollars,1,1,2025-12,2025-12,False,False
WMX,dividend frequency fully franked dividend payable on,dollars,1,1,2025-10,2025-10,False,False
WQG,below net tangible assets nta before tax,dollars,5,5,2024-09,2026-05,True,True
WQG,nta before tax,dollars,5,5,2024-09,2026-05,True,True
WQG,after tax on unrealised gains dividend a a,dollars,2,2,2025-11,2025-12,False,False
WQG,management tax share price inception date a,dollars,1,1,2025-08,2025-08,False,False
