issue,issue_key,severity,market,ticker,name,security_id,nav_source,price_source,price_age_days,nav_age_days,unit_check_reason,recommended_fix
Somewhat stale NAV,stale_nav,AMBER,ASX,TCF,360 Capital Mortgage REIT,ASX:TCF,aggregator_panel:2026-06,yahoo:TCF.AX,0.0,62.0,,re-run the NAV harvest; the anchor is past the fresh window
Rolled-forward (modelled) NAV,rolled_forward_nav,AMBER,ASX,TCF,360 Capital Mortgage REIT,ASX:TCF,aggregator_panel:2026-06,yahoo:TCF.AX,0.0,62.0,,none needed - the NAV is modelled forward from a published anchor and carries its own error band
ASX monthly report NTA (no announcement route),monthly_report_nav_not_announcement,AMBER,ASX,TCF,360 Capital Mortgage REIT,ASX:TCF,aggregator_panel:2026-06,yahoo:TCF.AX,0.0,62.0,,the NTA comes from the ASX monthly investment-products report - a legitimate but monthly source. Harvest the fund's own NTA announcement (Tier 0) to get NAV at announcement frequency
NAV announcement found but unparsed,nav_announcement_unparsed,RED,ASX,AIX,AI Private Opportunities Trust,ASX:AIX,,yahoo:AIX.AX,0.0,,price_or_nav_missing,a NAV announcement exists but the parser produced no value - add a rule for its layout in harvest_nav.UK_RULES / the ASX parser
NAV older than the amber window,nav_too_stale,RED,ASX,ALR,Aberdeen Leaders Limited,ASX:ALR,aggregator_panel:2018-02,yahoo:ALR.AX,0.0,3106.0,"price/NAV 0.04017 is ~0.1x - a unit mismatch (pence/pounds, cents/dollars) or a misparsed NAV, not a market price",the newest NAV we hold is older than the amber window - re-run the NAV harvest for this fund and check its publication frequency
Suspected unit mismatch,suspected_unit_mismatch,RED,ASX,ALR,Aberdeen Leaders Limited,ASX:ALR,aggregator_panel:2018-02,yahoo:ALR.AX,0.0,3106.0,"price/NAV 0.04017 is ~0.1x - a unit mismatch (pence/pounds, cents/dollars) or a misparsed NAV, not a market price",do NOT rescale the output - find which side is wrong (NAV parse or quote currency) and fix the source reader
NAV older than the amber window,nav_too_stale,RED,ASX,AEG,Absolute Equity Performance Fund Limited,ASX:AEG,aggregator_panel:2022-08,yahoo:AEG.AX,0.0,1461.0,"price/NAV 0.08586 is ~0.1x - a unit mismatch (pence/pounds, cents/dollars) or a misparsed NAV, not a market price",the newest NAV we hold is older than the amber window - re-run the NAV harvest for this fund and check its publication frequency
Suspected unit mismatch,suspected_unit_mismatch,RED,ASX,AEG,Absolute Equity Performance Fund Limited,ASX:AEG,aggregator_panel:2022-08,yahoo:AEG.AX,0.0,1461.0,"price/NAV 0.08586 is ~0.1x - a unit mismatch (pence/pounds, cents/dollars) or a misparsed NAV, not a market price",do NOT rescale the output - find which side is wrong (NAV parse or quote currency) and fix the source reader
Somewhat stale NAV,stale_nav,AMBER,ASX,ACQ,Acorn Capital Investment Fund Limited,ASX:ACQ,aggregator_panel:2026-06,yahoo:ACQ.AX,0.0,62.0,,re-run the NAV harvest; the anchor is past the fresh window
Rolled-forward (modelled) NAV,rolled_forward_nav,AMBER,ASX,ACQ,Acorn Capital Investment Fund Limited,ASX:ACQ,aggregator_panel:2026-06,yahoo:ACQ.AX,0.0,62.0,,none needed - the NAV is modelled forward from a published anchor and carries its own error band
ASX monthly report NTA (no announcement route),monthly_report_nav_not_announcement,AMBER,ASX,ACQ,Acorn Capital Investment Fund Limited,ASX:ACQ,aggregator_panel:2026-06,yahoo:ACQ.AX,0.0,62.0,,the NTA comes from the ASX monthly investment-products report - a legitimate but monthly source. Harvest the fund's own NTA announcement (Tier 0) to get NAV at announcement frequency
Somewhat stale NAV,stale_nav,AMBER,ASX,AIQ,Alternative Investment Trust,ASX:AIQ,asx_ann:03117982,yahoo:AIQ.AX,3.0,38.0,,re-run the NAV harvest; the anchor is past the fresh window
NAV older than the amber window,nav_too_stale,RED,ASX,APL,Antipodes Global Investment Company Ltd,ASX:APL,own_nav_history:2021-12-15,yahoo:APL.AX,3.0,1720.0,,the newest NAV we hold is older than the amber window - re-run the NAV harvest for this fund and check its publication frequency
Stale historical panel price only,stale_panel_price_only,RED,ASX,ALF,Australian Leaders Fund Limited,ASX:ALF,aggregator_panel:2021-01,aggregator_panel,2068.0,2038.0,,the live price feed returned nothing for this symbol - verify the Yahoo symbol and re-run; never present the panel price as today's
NAV older than the amber window,nav_too_stale,RED,ASX,ALF,Australian Leaders Fund Limited,ASX:ALF,aggregator_panel:2021-01,aggregator_panel,2068.0,2038.0,,the newest NAV we hold is older than the amber window - re-run the NAV harvest for this fund and check its publication frequency
NAV older than the amber window,nav_too_stale,RED,ASX,BST,Barrack St Investments Limited,ASX:BST,aggregator_panel:2019-09,yahoo:BST.AX,0.0,2527.0,,the newest NAV we hold is older than the amber window - re-run the NAV harvest for this fund and check its publication frequency
Suspected unit mismatch,suspected_unit_mismatch,RED,ASX,BHD,Benjamin Hornigold Limited,ASX:BHD,asx_ann:03125294,yahoo:BHD.AX,0.0,17.0,"price/NAV 0.01283 is ~0.01x - a unit mismatch (pence/pounds, cents/dollars) or a misparsed NAV, not a market price",do NOT rescale the output - find which side is wrong (NAV parse or quote currency) and fix the source reader
Somewhat stale NAV,stale_nav,AMBER,ASX,BEL,Bentley Capital Limited,ASX:BEL,aggregator_panel:2026-06,yahoo:BEL.AX,3.0,62.0,,re-run the NAV harvest; the anchor is past the fresh window
Rolled-forward (modelled) NAV,rolled_forward_nav,AMBER,ASX,BEL,Bentley Capital Limited,ASX:BEL,aggregator_panel:2026-06,yahoo:BEL.AX,3.0,62.0,,none needed - the NAV is modelled forward from a published anchor and carries its own error band
ASX monthly report NTA (no announcement route),monthly_report_nav_not_announcement,AMBER,ASX,BEL,Bentley Capital Limited,ASX:BEL,aggregator_panel:2026-06,yahoo:BEL.AX,3.0,62.0,,the NTA comes from the ASX monthly investment-products report - a legitimate but monthly source. Harvest the fund's own NTA announcement (Tier 0) to get NAV at announcement frequency
NAV older than the amber window,nav_too_stale,RED,ASX,BSN,Bisan Limited,ASX:BSN,aggregator_panel:2019-08,yahoo:BSN.AX,0.0,2557.0,"price/NAV 22.31 is ~10x - a unit mismatch (pence/pounds, cents/dollars) or a misparsed NAV, not a market price",the newest NAV we hold is older than the amber window - re-run the NAV harvest for this fund and check its publication frequency
Suspected unit mismatch,suspected_unit_mismatch,RED,ASX,BSN,Bisan Limited,ASX:BSN,aggregator_panel:2019-08,yahoo:BSN.AX,0.0,2557.0,"price/NAV 22.31 is ~10x - a unit mismatch (pence/pounds, cents/dollars) or a misparsed NAV, not a market price",do NOT rescale the output - find which side is wrong (NAV parse or quote currency) and fix the source reader
Somewhat stale NAV,stale_nav,AMBER,ASX,CDM,Cadence Capital Limited,ASX:CDM,aggregator_panel:2026-06,yahoo:CDM.AX,0.0,62.0,,re-run the NAV harvest; the anchor is past the fresh window
Rolled-forward (modelled) NAV,rolled_forward_nav,AMBER,ASX,CDM,Cadence Capital Limited,ASX:CDM,aggregator_panel:2026-06,yahoo:CDM.AX,0.0,62.0,,none needed - the NAV is modelled forward from a published anchor and carries its own error band
ASX monthly report NTA (no announcement route),monthly_report_nav_not_announcement,AMBER,ASX,CDM,Cadence Capital Limited,ASX:CDM,aggregator_panel:2026-06,yahoo:CDM.AX,0.0,62.0,,the NTA comes from the ASX monthly investment-products report - a legitimate but monthly source. Harvest the fund's own NTA announcement (Tier 0) to get NAV at announcement frequency
Somewhat stale NAV,stale_nav,AMBER,ASX,CDO,Cadence Opportunities Fund Limited,ASX:CDO,aggregator_panel:2026-06,yahoo:CDO.AX,3.0,62.0,,re-run the NAV harvest; the anchor is past the fresh window
Rolled-forward (modelled) NAV,rolled_forward_nav,AMBER,ASX,CDO,Cadence Opportunities Fund Limited,ASX:CDO,aggregator_panel:2026-06,yahoo:CDO.AX,3.0,62.0,,none needed - the NAV is modelled forward from a published anchor and carries its own error band
ASX monthly report NTA (no announcement route),monthly_report_nav_not_announcement,AMBER,ASX,CDO,Cadence Opportunities Fund Limited,ASX:CDO,aggregator_panel:2026-06,yahoo:CDO.AX,3.0,62.0,,the NTA comes from the ASX monthly investment-products report - a legitimate but monthly source. Harvest the fund's own NTA announcement (Tier 0) to get NAV at announcement frequency
Somewhat stale NAV,stale_nav,AMBER,ASX,CIN,Carlton Investments Limited,ASX:CIN,aggregator_panel:2026-06,yahoo:CIN.AX,0.0,62.0,,re-run the NAV harvest; the anchor is past the fresh window
Rolled-forward (modelled) NAV,rolled_forward_nav,AMBER,ASX,CIN,Carlton Investments Limited,ASX:CIN,aggregator_panel:2026-06,yahoo:CIN.AX,0.0,62.0,,none needed - the NAV is modelled forward from a published anchor and carries its own error band
ASX monthly report NTA (no announcement route),monthly_report_nav_not_announcement,AMBER,ASX,CIN,Carlton Investments Limited,ASX:CIN,aggregator_panel:2026-06,yahoo:CIN.AX,0.0,62.0,,the NTA comes from the ASX monthly investment-products report - a legitimate but monthly source. Harvest the fund's own NTA announcement (Tier 0) to get NAV at announcement frequency
Extreme discount/premium,extreme_discount_premium,AMBER,ASX,CD3,Cd Private Equity Fund III,ASX:CD3,asx_ann:03127085,yahoo:CD3.AX,0.0,12.0,price/NAV 3.15 implies +215% discount/premium (>80%),verify price and NAV against the fund's own latest announcement before trusting the discount
NAV older than the amber window,nav_too_stale,RED,ASX,CTN,Contango Microcap Limited,ASX:CTN,own_nav_history:2017-10-31,yahoo:CTN.AX,0.0,3226.0,"price/NAV 0.04615 is ~0.1x - a unit mismatch (pence/pounds, cents/dollars) or a misparsed NAV, not a market price",the newest NAV we hold is older than the amber window - re-run the NAV harvest for this fund and check its publication frequency
Suspected unit mismatch,suspected_unit_mismatch,RED,ASX,CTN,Contango Microcap Limited,ASX:CTN,own_nav_history:2017-10-31,yahoo:CTN.AX,0.0,3226.0,"price/NAV 0.04615 is ~0.1x - a unit mismatch (pence/pounds, cents/dollars) or a misparsed NAV, not a market price",do NOT rescale the output - find which side is wrong (NAV parse or quote currency) and fix the source reader
Stale historical panel price only,stale_panel_price_only,RED,ASX,DUI,Diversified United Investment Limited,ASX:DUI,aggregator_panel:2026-03,aggregator_panel,183.0,153.0,,the live price feed returned nothing for this symbol - verify the Yahoo symbol and re-run; never present the panel price as today's
NAV older than the amber window,nav_too_stale,RED,ASX,DUI,Diversified United Investment Limited,ASX:DUI,aggregator_panel:2026-03,aggregator_panel,183.0,153.0,,the newest NAV we hold is older than the amber window - re-run the NAV harvest for this fund and check its publication frequency
Insufficient z-score history,insufficient_zscore_history,AMBER,ASX,DN1,Dominion Income Trust 1,ASX:DN1,asx_ann:03124939,yahoo:DN1.AX,0.0,18.0,,the fund needs its own discount history in the monthly panel; until then it can be monitored but not z-scored
Stale historical panel price only,stale_panel_price_only,RED,ASX,D2O,Duxton Water Limited,ASX:D2O,aggregator_panel:2019-03,aggregator_panel,2740.0,2710.0,,the live price feed returned nothing for this symbol - verify the Yahoo symbol and re-run; never present the panel price as today's
NAV older than the amber window,nav_too_stale,RED,ASX,D2O,Duxton Water Limited,ASX:D2O,aggregator_panel:2019-03,aggregator_panel,2740.0,2710.0,,the newest NAV we hold is older than the amber window - re-run the NAV harvest for this fund and check its publication frequency
Stale historical panel price only,stale_panel_price_only,RED,ASX,EAF,Evans & Partners Asia Fund,ASX:EAF,aggregator_panel:2020-11,aggregator_panel,2129.0,2100.0,,the live price feed returned nothing for this symbol - verify the Yahoo symbol and re-run; never present the panel price as today's
NAV older than the amber window,nav_too_stale,RED,ASX,EAF,Evans & Partners Asia Fund,ASX:EAF,aggregator_panel:2020-11,aggregator_panel,2129.0,2100.0,,the newest NAV we hold is older than the amber window - re-run the NAV harvest for this fund and check its publication frequency
Somewhat stale NAV,stale_nav,AMBER,ASX,ECL,Excelsior Capital Ltd,ASX:ECL,aggregator_panel:2026-06,yahoo:ECL.AX,3.0,62.0,,re-run the NAV harvest; the anchor is past the fresh window
Rolled-forward (modelled) NAV,rolled_forward_nav,AMBER,ASX,ECL,Excelsior Capital Ltd,ASX:ECL,aggregator_panel:2026-06,yahoo:ECL.AX,3.0,62.0,,none needed - the NAV is modelled forward from a published anchor and carries its own error band
ASX monthly report NTA (no announcement route),monthly_report_nav_not_announcement,AMBER,ASX,ECL,Excelsior Capital Ltd,ASX:ECL,aggregator_panel:2026-06,yahoo:ECL.AX,3.0,62.0,,the NTA comes from the ASX monthly investment-products report - a legitimate but monthly source. Harvest the fund's own NTA announcement (Tier 0) to get NAV at announcement frequency
Stale historical panel price only,stale_panel_price_only,RED,ASX,FPP,Fat Prophets Global Property Fund,ASX:FPP,aggregator_panel:2025-02,aggregator_panel,576.0,549.0,,the live price feed returned nothing for this symbol - verify the Yahoo symbol and re-run; never present the panel price as today's
NAV older than the amber window,nav_too_stale,RED,ASX,FPP,Fat Prophets Global Property Fund,ASX:FPP,aggregator_panel:2025-02,aggregator_panel,576.0,549.0,,the newest NAV we hold is older than the amber window - re-run the NAV harvest for this fund and check its publication frequency
Somewhat stale NAV,stale_nav,AMBER,ASX,FGX,Future Generation Australia Limited,ASX:FGX,aggregator_panel:2026-06,yahoo:FGX.AX,0.0,62.0,,re-run the NAV harvest; the anchor is past the fresh window
Rolled-forward (modelled) NAV,rolled_forward_nav,AMBER,ASX,FGX,Future Generation Australia Limited,ASX:FGX,aggregator_panel:2026-06,yahoo:FGX.AX,0.0,62.0,,none needed - the NAV is modelled forward from a published anchor and carries its own error band
ASX monthly report NTA (no announcement route),monthly_report_nav_not_announcement,AMBER,ASX,FGX,Future Generation Australia Limited,ASX:FGX,aggregator_panel:2026-06,yahoo:FGX.AX,0.0,62.0,,the NTA comes from the ASX monthly investment-products report - a legitimate but monthly source. Harvest the fund's own NTA announcement (Tier 0) to get NAV at announcement frequency
Somewhat stale NAV,stale_nav,AMBER,ASX,GCI,Gryphon Capital Income Trust,ASX:GCI,aggregator_panel:2026-06,yahoo:GCI.AX,0.0,62.0,,re-run the NAV harvest; the anchor is past the fresh window
Rolled-forward (modelled) NAV,rolled_forward_nav,AMBER,ASX,GCI,Gryphon Capital Income Trust,ASX:GCI,aggregator_panel:2026-06,yahoo:GCI.AX,0.0,62.0,,none needed - the NAV is modelled forward from a published anchor and carries its own error band
ASX monthly report NTA (no announcement route),monthly_report_nav_not_announcement,AMBER,ASX,GCI,Gryphon Capital Income Trust,ASX:GCI,aggregator_panel:2026-06,yahoo:GCI.AX,0.0,62.0,,the NTA comes from the ASX monthly investment-products report - a legitimate but monthly source. Harvest the fund's own NTA announcement (Tier 0) to get NAV at announcement frequency
Extreme discount/premium,extreme_discount_premium,AMBER,ASX,HCF,H&G High Conviction Limited,ASX:HCF,asx_ann:03122969,yahoo:HCF.AX,3.0,24.0,price/NAV 3.33 implies +233% discount/premium (>80%),verify price and NAV against the fund's own latest announcement before trusting the discount
Insufficient z-score history,insufficient_zscore_history,AMBER,ASX,KIT,Kapstream Investment Trust,ASX:KIT,asx_ann:03127071,yahoo:KIT.AX,0.0,14.0,price/NAV 0.107 implies -89% discount/premium (>80%),the fund needs its own discount history in the monthly panel; until then it can be monitored but not z-scored
Extreme discount/premium,extreme_discount_premium,AMBER,ASX,KIT,Kapstream Investment Trust,ASX:KIT,asx_ann:03127071,yahoo:KIT.AX,0.0,14.0,price/NAV 0.107 implies -89% discount/premium (>80%),verify price and NAV against the fund's own latest announcement before trusting the discount
Insufficient z-score history,insufficient_zscore_history,AMBER,ASX,GLS,L1 Global Long Short Fund Limited,ASX:GLS,asx_ann:03124243,yahoo:GLS.AX,0.0,20.0,,the fund needs its own discount history in the monthly panel; until then it can be monitored but not z-scored
Insufficient z-score history,insufficient_zscore_history,AMBER,ASX,LGF,L1 Gold Fund Limited,ASX:LGF,aggregator_panel:2026-06,yahoo:LGF.AX,0.0,62.0,,the fund needs its own discount history in the monthly panel; until then it can be monitored but not z-scored
Somewhat stale NAV,stale_nav,AMBER,ASX,LGF,L1 Gold Fund Limited,ASX:LGF,aggregator_panel:2026-06,yahoo:LGF.AX,0.0,62.0,,re-run the NAV harvest; the anchor is past the fresh window
ASX monthly report NTA (no announcement route),monthly_report_nav_not_announcement,AMBER,ASX,LGF,L1 Gold Fund Limited,ASX:LGF,aggregator_panel:2026-06,yahoo:LGF.AX,0.0,62.0,,the NTA comes from the ASX monthly investment-products report - a legitimate but monthly source. Harvest the fund's own NTA announcement (Tier 0) to get NAV at announcement frequency
Insufficient z-score history,insufficient_zscore_history,AMBER,ASX,LF1,La Trobe Private Credit Fund,ASX:LF1,asx_ann:03122599,yahoo:LF1.AX,0.0,25.0,,the fund needs its own discount history in the monthly panel; until then it can be monitored but not z-scored
Somewhat stale NAV,stale_nav,AMBER,ASX,LRT,Lowell Resources Fund,ASX:LRT,aggregator_panel:2026-06,yahoo:LRT.AX,0.0,62.0,,re-run the NAV harvest; the anchor is past the fresh window
Rolled-forward (modelled) NAV,rolled_forward_nav,AMBER,ASX,LRT,Lowell Resources Fund,ASX:LRT,aggregator_panel:2026-06,yahoo:LRT.AX,0.0,62.0,,none needed - the NAV is modelled forward from a published anchor and carries its own error band
ASX monthly report NTA (no announcement route),monthly_report_nav_not_announcement,AMBER,ASX,LRT,Lowell Resources Fund,ASX:LRT,aggregator_panel:2026-06,yahoo:LRT.AX,0.0,62.0,,the NTA comes from the ASX monthly investment-products report - a legitimate but monthly source. Harvest the fund's own NTA announcement (Tier 0) to get NAV at announcement frequency
Stale historical panel price only,stale_panel_price_only,RED,ASX,MHH,Magellan High Conviction Trust,ASX:MHH,own_nav_history:2021-08-27,aggregator_panel,1917.0,1830.0,,the live price feed returned nothing for this symbol - verify the Yahoo symbol and re-run; never present the panel price as today's
NAV older than the amber window,nav_too_stale,RED,ASX,MHH,Magellan High Conviction Trust,ASX:MHH,own_nav_history:2021-08-27,aggregator_panel,1917.0,1830.0,,the newest NAV we hold is older than the amber window - re-run the NAV harvest for this fund and check its publication frequency
Somewhat stale NAV,stale_nav,AMBER,ASX,MOT,Metrics Income Opportunities Trust,ASX:MOT,aggregator_panel:2026-06,yahoo:MOT.AX,0.0,62.0,,re-run the NAV harvest; the anchor is past the fresh window
Rolled-forward (modelled) NAV,rolled_forward_nav,AMBER,ASX,MOT,Metrics Income Opportunities Trust,ASX:MOT,aggregator_panel:2026-06,yahoo:MOT.AX,0.0,62.0,,none needed - the NAV is modelled forward from a published anchor and carries its own error band
ASX monthly report NTA (no announcement route),monthly_report_nav_not_announcement,AMBER,ASX,MOT,Metrics Income Opportunities Trust,ASX:MOT,aggregator_panel:2026-06,yahoo:MOT.AX,0.0,62.0,,the NTA comes from the ASX monthly investment-products report - a legitimate but monthly source. Harvest the fund's own NTA announcement (Tier 0) to get NAV at announcement frequency
Somewhat stale NAV,stale_nav,AMBER,ASX,MXT,Metrics Master Income Trust,ASX:MXT,aggregator_panel:2026-06,yahoo:MXT.AX,0.0,62.0,,re-run the NAV harvest; the anchor is past the fresh window
Rolled-forward (modelled) NAV,rolled_forward_nav,AMBER,ASX,MXT,Metrics Master Income Trust,ASX:MXT,aggregator_panel:2026-06,yahoo:MXT.AX,0.0,62.0,,none needed - the NAV is modelled forward from a published anchor and carries its own error band
ASX monthly report NTA (no announcement route),monthly_report_nav_not_announcement,AMBER,ASX,MXT,Metrics Master Income Trust,ASX:MXT,aggregator_panel:2026-06,yahoo:MXT.AX,0.0,62.0,,the NTA comes from the ASX monthly investment-products report - a legitimate but monthly source. Harvest the fund's own NTA announcement (Tier 0) to get NAV at announcement frequency
Insufficient z-score history,insufficient_zscore_history,AMBER,ASX,MRE,Metrics Real Estate Multi-Strategy Fund,ASX:MRE,aggregator_panel:2026-06,yahoo:MRE.AX,0.0,62.0,,the fund needs its own discount history in the monthly panel; until then it can be monitored but not z-scored
Somewhat stale NAV,stale_nav,AMBER,ASX,MRE,Metrics Real Estate Multi-Strategy Fund,ASX:MRE,aggregator_panel:2026-06,yahoo:MRE.AX,0.0,62.0,,re-run the NAV harvest; the anchor is past the fresh window
ASX monthly report NTA (no announcement route),monthly_report_nav_not_announcement,AMBER,ASX,MRE,Metrics Real Estate Multi-Strategy Fund,ASX:MRE,aggregator_panel:2026-06,yahoo:MRE.AX,0.0,62.0,,the NTA comes from the ASX monthly investment-products report - a legitimate but monthly source. Harvest the fund's own NTA announcement (Tier 0) to get NAV at announcement frequency
Somewhat stale NAV,stale_nav,AMBER,ASX,OPH,Ophir High Conviction Fund,ASX:OPH,aggregator_panel:2026-06,yahoo:OPH.AX,0.0,62.0,,re-run the NAV harvest; the anchor is past the fresh window
Rolled-forward (modelled) NAV,rolled_forward_nav,AMBER,ASX,OPH,Ophir High Conviction Fund,ASX:OPH,aggregator_panel:2026-06,yahoo:OPH.AX,0.0,62.0,,none needed - the NAV is modelled forward from a published anchor and carries its own error band
ASX monthly report NTA (no announcement route),monthly_report_nav_not_announcement,AMBER,ASX,OPH,Ophir High Conviction Fund,ASX:OPH,aggregator_panel:2026-06,yahoo:OPH.AX,0.0,62.0,,the NTA comes from the ASX monthly investment-products report - a legitimate but monthly source. Harvest the fund's own NTA announcement (Tier 0) to get NAV at announcement frequency
Extreme discount/premium,extreme_discount_premium,AMBER,ASX,OEQ,Orion Equities Limited,ASX:OEQ,asx_ann:03124107,yahoo:OEQ.AX,3.0,31.0,price/NAV 4.11 implies +311% discount/premium (>80%),verify price and NAV against the fund's own latest announcement before trusting the discount
NAV older than the amber window,nav_too_stale,RED,ASX,PAF,PM Capital Asian Opportunities Fund Limited,ASX:PAF,own_nav_history:2022-02-28,yahoo:PAF.AX,0.0,1645.0,price/NAV 2.36 implies +136% discount/premium (>80%),the newest NAV we hold is older than the amber window - re-run the NAV harvest for this fund and check its publication frequency
Somewhat stale NAV,stale_nav,AMBER,ASX,PCX,Pengana Global Private Credit Trust,ASX:PCX,aggregator_panel:2026-06,yahoo:PCX.AX,0.0,62.0,,re-run the NAV harvest; the anchor is past the fresh window
ASX monthly report NTA (no announcement route),monthly_report_nav_not_announcement,AMBER,ASX,PCX,Pengana Global Private Credit Trust,ASX:PCX,aggregator_panel:2026-06,yahoo:PCX.AX,0.0,62.0,,the NTA comes from the ASX monthly investment-products report - a legitimate but monthly source. Harvest the fund's own NTA announcement (Tier 0) to get NAV at announcement frequency
Somewhat stale NAV,stale_nav,AMBER,ASX,PIA,Pengana International Equities Limited,ASX:PIA,aggregator_panel:2026-06,yahoo:PIA.AX,0.0,62.0,,re-run the NAV harvest; the anchor is past the fresh window
Rolled-forward (modelled) NAV,rolled_forward_nav,AMBER,ASX,PIA,Pengana International Equities Limited,ASX:PIA,aggregator_panel:2026-06,yahoo:PIA.AX,0.0,62.0,,none needed - the NAV is modelled forward from a published anchor and carries its own error band
ASX monthly report NTA (no announcement route),monthly_report_nav_not_announcement,AMBER,ASX,PIA,Pengana International Equities Limited,ASX:PIA,aggregator_panel:2026-06,yahoo:PIA.AX,0.0,62.0,,the NTA comes from the ASX monthly investment-products report - a legitimate but monthly source. Harvest the fund's own NTA announcement (Tier 0) to get NAV at announcement frequency
Somewhat stale NAV,stale_nav,AMBER,ASX,PE1,Pengana Private Equity Trust,ASX:PE1,aggregator_panel:2026-06,yahoo:PE1.AX,0.0,62.0,,re-run the NAV harvest; the anchor is past the fresh window
Rolled-forward (modelled) NAV,rolled_forward_nav,AMBER,ASX,PE1,Pengana Private Equity Trust,ASX:PE1,aggregator_panel:2026-06,yahoo:PE1.AX,0.0,62.0,,none needed - the NAV is modelled forward from a published anchor and carries its own error band
ASX monthly report NTA (no announcement route),monthly_report_nav_not_announcement,AMBER,ASX,PE1,Pengana Private Equity Trust,ASX:PE1,aggregator_panel:2026-06,yahoo:PE1.AX,0.0,62.0,,the NTA comes from the ASX monthly investment-products report - a legitimate but monthly source. Harvest the fund's own NTA announcement (Tier 0) to get NAV at announcement frequency
Somewhat stale NAV,stale_nav,AMBER,ASX,PCI,Perpetual Credit Income Trust,ASX:PCI,aggregator_panel:2026-06,yahoo:PCI.AX,0.0,62.0,,re-run the NAV harvest; the anchor is past the fresh window
Rolled-forward (modelled) NAV,rolled_forward_nav,AMBER,ASX,PCI,Perpetual Credit Income Trust,ASX:PCI,aggregator_panel:2026-06,yahoo:PCI.AX,0.0,62.0,,none needed - the NAV is modelled forward from a published anchor and carries its own error band
ASX monthly report NTA (no announcement route),monthly_report_nav_not_announcement,AMBER,ASX,PCI,Perpetual Credit Income Trust,ASX:PCI,aggregator_panel:2026-06,yahoo:PCI.AX,0.0,62.0,,the NTA comes from the ASX monthly investment-products report - a legitimate but monthly source. Harvest the fund's own NTA announcement (Tier 0) to get NAV at announcement frequency
Stale historical panel price only,stale_panel_price_only,RED,ASX,PAI,Platinum Asia Investments Limited,ASX:PAI,aggregator_panel:2025-06,aggregator_panel,456.0,427.0,,the live price feed returned nothing for this symbol - verify the Yahoo symbol and re-run; never present the panel price as today's
NAV older than the amber window,nav_too_stale,RED,ASX,PAI,Platinum Asia Investments Limited,ASX:PAI,aggregator_panel:2025-06,aggregator_panel,456.0,427.0,,the newest NAV we hold is older than the amber window - re-run the NAV harvest for this fund and check its publication frequency
Stale historical panel price only,stale_panel_price_only,RED,ASX,PMC,Platinum Capital Limited,ASX:PMC,aggregator_panel:2025-10,aggregator_panel,334.0,304.0,,the live price feed returned nothing for this symbol - verify the Yahoo symbol and re-run; never present the panel price as today's
NAV older than the amber window,nav_too_stale,RED,ASX,PMC,Platinum Capital Limited,ASX:PMC,aggregator_panel:2025-10,aggregator_panel,334.0,304.0,,the newest NAV we hold is older than the amber window - re-run the NAV harvest for this fund and check its publication frequency
NAV older than the amber window,nav_too_stale,RED,ASX,QRI,Qualitas Real Estate Income Fund,ASX:QRI,aggregator_panel:2025-12,yahoo:QRI.AX,0.0,243.0,,the newest NAV we hold is older than the amber window - re-run the NAV harvest for this fund and check its publication frequency
Somewhat stale NAV,stale_nav,AMBER,ASX,RG8,Regal Asian Investments Limited,ASX:RG8,aggregator_panel:2026-06,yahoo:RG8.AX,0.0,62.0,,re-run the NAV harvest; the anchor is past the fresh window
Rolled-forward (modelled) NAV,rolled_forward_nav,AMBER,ASX,RG8,Regal Asian Investments Limited,ASX:RG8,aggregator_panel:2026-06,yahoo:RG8.AX,0.0,62.0,,none needed - the NAV is modelled forward from a published anchor and carries its own error band
ASX monthly report NTA (no announcement route),monthly_report_nav_not_announcement,AMBER,ASX,RG8,Regal Asian Investments Limited,ASX:RG8,aggregator_panel:2026-06,yahoo:RG8.AX,0.0,62.0,,the NTA comes from the ASX monthly investment-products report - a legitimate but monthly source. Harvest the fund's own NTA announcement (Tier 0) to get NAV at announcement frequency
Insufficient z-score history,insufficient_zscore_history,AMBER,ASX,RG1,Regal Partners Global Investments Limited,ASX:RG1,aggregator_panel:2026-06,yahoo:RG1.AX,0.0,62.0,,the fund needs its own discount history in the monthly panel; until then it can be monitored but not z-scored
Somewhat stale NAV,stale_nav,AMBER,ASX,RG1,Regal Partners Global Investments Limited,ASX:RG1,aggregator_panel:2026-06,yahoo:RG1.AX,0.0,62.0,,re-run the NAV harvest; the anchor is past the fresh window
ASX monthly report NTA (no announcement route),monthly_report_nav_not_announcement,AMBER,ASX,RG1,Regal Partners Global Investments Limited,ASX:RG1,aggregator_panel:2026-06,yahoo:RG1.AX,0.0,62.0,,the NTA comes from the ASX monthly investment-products report - a legitimate but monthly source. Harvest the fund's own NTA announcement (Tier 0) to get NAV at announcement frequency
Insufficient z-score history,insufficient_zscore_history,AMBER,ASX,REV,Revolution Private Credit Income Trust,ASX:REV,asx_ann:03126964,yahoo:REV.AX,0.0,13.0,price/NAV 0.111 implies -89% discount/premium (>80%),the fund needs its own discount history in the monthly panel; until then it can be monitored but not z-scored
Extreme discount/premium,extreme_discount_premium,AMBER,ASX,REV,Revolution Private Credit Income Trust,ASX:REV,asx_ann:03126964,yahoo:REV.AX,0.0,13.0,price/NAV 0.111 implies -89% discount/premium (>80%),verify price and NAV against the fund's own latest announcement before trusting the discount
Insufficient z-score history,insufficient_zscore_history,AMBER,ASX,SET,Solaris Australian Equity Income Plus Limited,ASX:SET,asx_ann:03131763,yahoo:SET.AX,0.0,4.0,,the fund needs its own discount history in the monthly panel; until then it can be monitored but not z-scored
Somewhat stale NAV,stale_nav,AMBER,ASX,TOP,Thorney Opportunities Ltd,ASX:TOP,aggregator_panel:2026-06,yahoo:TOP.AX,0.0,62.0,,re-run the NAV harvest; the anchor is past the fresh window
Rolled-forward (modelled) NAV,rolled_forward_nav,AMBER,ASX,TOP,Thorney Opportunities Ltd,ASX:TOP,aggregator_panel:2026-06,yahoo:TOP.AX,0.0,62.0,,none needed - the NAV is modelled forward from a published anchor and carries its own error band
ASX monthly report NTA (no announcement route),monthly_report_nav_not_announcement,AMBER,ASX,TOP,Thorney Opportunities Ltd,ASX:TOP,aggregator_panel:2026-06,yahoo:TOP.AX,0.0,62.0,,the NTA comes from the ASX monthly investment-products report - a legitimate but monthly source. Harvest the fund's own NTA announcement (Tier 0) to get NAV at announcement frequency
Suspected unit mismatch,suspected_unit_mismatch,RED,ASX,TEK,Thorney Technologies Ltd,ASX:TEK,asx_ann:03124570,yahoo:TEK.AX,0.0,19.0,"price/NAV 0.0525 is ~0.1x - a unit mismatch (pence/pounds, cents/dollars) or a misparsed NAV, not a market price",do NOT rescale the output - find which side is wrong (NAV parse or quote currency) and fix the source reader
Insufficient z-score history,insufficient_zscore_history,AMBER,ASX,UWC,Underwood Capital Limited,ASX:UWC,aggregator_panel:2026-06,yahoo:UWC.AX,0.0,62.0,,the fund needs its own discount history in the monthly panel; until then it can be monitored but not z-scored
Somewhat stale NAV,stale_nav,AMBER,ASX,UWC,Underwood Capital Limited,ASX:UWC,aggregator_panel:2026-06,yahoo:UWC.AX,0.0,62.0,,re-run the NAV harvest; the anchor is past the fresh window
ASX monthly report NTA (no announcement route),monthly_report_nav_not_announcement,AMBER,ASX,UWC,Underwood Capital Limited,ASX:UWC,aggregator_panel:2026-06,yahoo:UWC.AX,0.0,62.0,,the NTA comes from the ASX monthly investment-products report - a legitimate but monthly source. Harvest the fund's own NTA announcement (Tier 0) to get NAV at announcement frequency
Stale historical panel price only,stale_panel_price_only,RED,ASX,VG1,VGI Partners Global Investments Limited,ASX:VG1,aggregator_panel:2025-09,aggregator_panel,364.0,335.0,,the live price feed returned nothing for this symbol - verify the Yahoo symbol and re-run; never present the panel price as today's
NAV older than the amber window,nav_too_stale,RED,ASX,VG1,VGI Partners Global Investments Limited,ASX:VG1,aggregator_panel:2025-09,aggregator_panel,364.0,335.0,,the newest NAV we hold is older than the amber window - re-run the NAV harvest for this fund and check its publication frequency
Somewhat stale NAV,stale_nav,AMBER,ASX,WAA,WAM Active Limited,ASX:WAA,aggregator_panel:2026-06,yahoo:WAA.AX,0.0,62.0,,re-run the NAV harvest; the anchor is past the fresh window
Rolled-forward (modelled) NAV,rolled_forward_nav,AMBER,ASX,WAA,WAM Active Limited,ASX:WAA,aggregator_panel:2026-06,yahoo:WAA.AX,0.0,62.0,,none needed - the NAV is modelled forward from a published anchor and carries its own error band
ASX monthly report NTA (no announcement route),monthly_report_nav_not_announcement,AMBER,ASX,WAA,WAM Active Limited,ASX:WAA,aggregator_panel:2026-06,yahoo:WAA.AX,0.0,62.0,,the NTA comes from the ASX monthly investment-products report - a legitimate but monthly source. Harvest the fund's own NTA announcement (Tier 0) to get NAV at announcement frequency
Somewhat stale NAV,stale_nav,AMBER,ASX,WMA,WAM Alternative Assets Limited,ASX:WMA,aggregator_panel:2026-06,yahoo:WMA.AX,0.0,62.0,,re-run the NAV harvest; the anchor is past the fresh window
Rolled-forward (modelled) NAV,rolled_forward_nav,AMBER,ASX,WMA,WAM Alternative Assets Limited,ASX:WMA,aggregator_panel:2026-06,yahoo:WMA.AX,0.0,62.0,,none needed - the NAV is modelled forward from a published anchor and carries its own error band
ASX monthly report NTA (no announcement route),monthly_report_nav_not_announcement,AMBER,ASX,WMA,WAM Alternative Assets Limited,ASX:WMA,aggregator_panel:2026-06,yahoo:WMA.AX,0.0,62.0,,the NTA comes from the ASX monthly investment-products report - a legitimate but monthly source. Harvest the fund's own NTA announcement (Tier 0) to get NAV at announcement frequency
Somewhat stale NAV,stale_nav,AMBER,ASX,WAM,WAM Capital Limited,ASX:WAM,aggregator_panel:2026-06,yahoo:WAM.AX,0.0,62.0,,re-run the NAV harvest; the anchor is past the fresh window
Rolled-forward (modelled) NAV,rolled_forward_nav,AMBER,ASX,WAM,WAM Capital Limited,ASX:WAM,aggregator_panel:2026-06,yahoo:WAM.AX,0.0,62.0,,none needed - the NAV is modelled forward from a published anchor and carries its own error band
ASX monthly report NTA (no announcement route),monthly_report_nav_not_announcement,AMBER,ASX,WAM,WAM Capital Limited,ASX:WAM,aggregator_panel:2026-06,yahoo:WAM.AX,0.0,62.0,,the NTA comes from the ASX monthly investment-products report - a legitimate but monthly source. Harvest the fund's own NTA announcement (Tier 0) to get NAV at announcement frequency
Somewhat stale NAV,stale_nav,AMBER,ASX,WGB,WAM Global Limited,ASX:WGB,aggregator_panel:2026-06,yahoo:WGB.AX,0.0,62.0,,re-run the NAV harvest; the anchor is past the fresh window
Rolled-forward (modelled) NAV,rolled_forward_nav,AMBER,ASX,WGB,WAM Global Limited,ASX:WGB,aggregator_panel:2026-06,yahoo:WGB.AX,0.0,62.0,,none needed - the NAV is modelled forward from a published anchor and carries its own error band
ASX monthly report NTA (no announcement route),monthly_report_nav_not_announcement,AMBER,ASX,WGB,WAM Global Limited,ASX:WGB,aggregator_panel:2026-06,yahoo:WGB.AX,0.0,62.0,,the NTA comes from the ASX monthly investment-products report - a legitimate but monthly source. Harvest the fund's own NTA announcement (Tier 0) to get NAV at announcement frequency
Insufficient z-score history,insufficient_zscore_history,AMBER,ASX,WMX,WAM Income Maximiser Limited,ASX:WMX,asx_ann:03125764,yahoo:WMX.AX,0.0,15.0,,the fund needs its own discount history in the monthly panel; until then it can be monitored but not z-scored
Somewhat stale NAV,stale_nav,AMBER,ASX,WMI,WAM Microcap Limited,ASX:WMI,aggregator_panel:2026-06,yahoo:WMI.AX,0.0,62.0,,re-run the NAV harvest; the anchor is past the fresh window
Rolled-forward (modelled) NAV,rolled_forward_nav,AMBER,ASX,WMI,WAM Microcap Limited,ASX:WMI,aggregator_panel:2026-06,yahoo:WMI.AX,0.0,62.0,,none needed - the NAV is modelled forward from a published anchor and carries its own error band
ASX monthly report NTA (no announcement route),monthly_report_nav_not_announcement,AMBER,ASX,WMI,WAM Microcap Limited,ASX:WMI,aggregator_panel:2026-06,yahoo:WMI.AX,0.0,62.0,,the NTA comes from the ASX monthly investment-products report - a legitimate but monthly source. Harvest the fund's own NTA announcement (Tier 0) to get NAV at announcement frequency
Somewhat stale NAV,stale_nav,AMBER,ASX,WAX,WAM Research Limited,ASX:WAX,aggregator_panel:2026-06,yahoo:WAX.AX,0.0,62.0,,re-run the NAV harvest; the anchor is past the fresh window
Rolled-forward (modelled) NAV,rolled_forward_nav,AMBER,ASX,WAX,WAM Research Limited,ASX:WAX,aggregator_panel:2026-06,yahoo:WAX.AX,0.0,62.0,,none needed - the NAV is modelled forward from a published anchor and carries its own error band
ASX monthly report NTA (no announcement route),monthly_report_nav_not_announcement,AMBER,ASX,WAX,WAM Research Limited,ASX:WAX,aggregator_panel:2026-06,yahoo:WAX.AX,0.0,62.0,,the NTA comes from the ASX monthly investment-products report - a legitimate but monthly source. Harvest the fund's own NTA announcement (Tier 0) to get NAV at announcement frequency
Insufficient z-score history,insufficient_zscore_history,AMBER,ASX,WHI,Whitefield Income Limited,ASX:WHI,aggregator_panel:2026-06,yahoo:WHI.AX,0.0,62.0,,the fund needs its own discount history in the monthly panel; until then it can be monitored but not z-scored
Somewhat stale NAV,stale_nav,AMBER,ASX,WHI,Whitefield Income Limited,ASX:WHI,aggregator_panel:2026-06,yahoo:WHI.AX,0.0,62.0,,re-run the NAV harvest; the anchor is past the fresh window
ASX monthly report NTA (no announcement route),monthly_report_nav_not_announcement,AMBER,ASX,WHI,Whitefield Income Limited,ASX:WHI,aggregator_panel:2026-06,yahoo:WHI.AX,0.0,62.0,,the NTA comes from the ASX monthly investment-products report - a legitimate but monthly source. Harvest the fund's own NTA announcement (Tier 0) to get NAV at announcement frequency
Somewhat stale NAV,stale_nav,AMBER,ASX,WHF,Whitefield Industrials Limited,ASX:WHF,aggregator_panel:2026-06,yahoo:WHF.AX,0.0,62.0,,re-run the NAV harvest; the anchor is past the fresh window
Rolled-forward (modelled) NAV,rolled_forward_nav,AMBER,ASX,WHF,Whitefield Industrials Limited,ASX:WHF,aggregator_panel:2026-06,yahoo:WHF.AX,0.0,62.0,,none needed - the NAV is modelled forward from a published anchor and carries its own error band
ASX monthly report NTA (no announcement route),monthly_report_nav_not_announcement,AMBER,ASX,WHF,Whitefield Industrials Limited,ASX:WHF,aggregator_panel:2026-06,yahoo:WHF.AX,0.0,62.0,,the NTA comes from the ASX monthly investment-products report - a legitimate but monthly source. Harvest the fund's own NTA announcement (Tier 0) to get NAV at announcement frequency
NAV older than the amber window,nav_too_stale,RED,UK,3IN,3i Infrastructure,SEDOL:BYR8GK6,aggregator_panel:2017-09,yahoo:3IN.L,3.0,3257.0,price/NAV 2.23 implies +123% discount/premium (>80%),the newest NAV we hold is older than the amber window - re-run the NAV harvest for this fund and check its publication frequency
NAV older than the amber window,nav_too_stale,RED,UK,AEWU,AEW UK REIT,SEDOL:BWD2415,aggregator_panel:2018-07,yahoo:AEWU.L,3.0,2953.0,,the newest NAV we hold is older than the amber window - re-run the NAV harvest for this fund and check its publication frequency
Insufficient z-score history,insufficient_zscore_history,AMBER,UK,AIC,Achilles Investment Company,SEDOL:BT3GKD0,investegate:9711515,yahoo:AIC.L,3.0,31.0,,the fund needs its own discount history in the monthly panel; until then it can be monitored but not z-scored
Stale historical panel price only,stale_panel_price_only,RED,UK,AA4,Amedeo Air Four Plus,SEDOL:BWC53H4,aggregator_panel:2025-09,aggregator_panel,364.0,335.0,,the live price feed returned nothing for this symbol - verify the Yahoo symbol and re-run; never present the panel price as today's
NAV older than the amber window,nav_too_stale,RED,UK,AA4,Amedeo Air Four Plus,SEDOL:BWC53H4,aggregator_panel:2025-09,aggregator_panel,364.0,335.0,,the newest NAV we hold is older than the amber window - re-run the NAV harvest for this fund and check its publication frequency
Stale historical panel price only,stale_panel_price_only,RED,UK,ATS,Artemis Alpha Trust,SEDOL:435594,own_nav_history:2025-06-11,aggregator_panel,699.0,446.0,,the live price feed returned nothing for this symbol - verify the Yahoo symbol and re-run; never present the panel price as today's
NAV older than the amber window,nav_too_stale,RED,UK,ATS,Artemis Alpha Trust,SEDOL:435594,own_nav_history:2025-06-11,aggregator_panel,699.0,446.0,,the newest NAV we hold is older than the amber window - re-run the NAV harvest for this fund and check its publication frequency
Insufficient z-score history,insufficient_zscore_history,AMBER,UK,AWEM,Ashoka WhiteOak Emerging Markets,SEDOL:BMZR7D1,investegate:9746409,yahoo:AWEM.L,3.0,4.0,,the fund needs its own discount history in the monthly panel; until then it can be monitored but not z-scored
No price returned,no_price,RED,UK,AUGM,Augmentum Fintech,SEDOL:BG12XV8,,none,,,price_or_nav_missing,check the fund still trades under this ticker; re-run the price layer for it and record the provider error
NAV announcement found but unparsed,nav_announcement_unparsed,RED,UK,AUGM,Augmentum Fintech,SEDOL:BG12XV8,,none,,,price_or_nav_missing,a NAV announcement exists but the parser produced no value - add a rule for its layout in harvest_nav.UK_RULES / the ASX parser
Suspected unit mismatch,suspected_unit_mismatch,RED,UK,BHMU,BH Macro,SEDOL:B1NPGV1,investegate:9739458,yahoo:BHMU.L,3.0,6.0,"price/NAV 0.009557 is ~0.01x - a unit mismatch (pence/pounds, cents/dollars) or a misparsed NAV, not a market price; quote_currency_USD_not_sterling",do NOT rescale the output - find which side is wrong (NAV parse or quote currency) and fix the source reader
No usable NAV,no_nav,RED,UK,BSRT,Baker Steel Resources Trust,SEDOL:B6686L2,,yahoo:BSRT.L,3.0,,price_or_nav_missing,"no NAV from any source - confirm the fund publishes one, then add its announcement route (Tier 0 harvest / ASX index)"
Stale historical panel price only,stale_panel_price_only,RED,UK,THRG,BlackRock Throgmorton Trust,SEDOL:891055,own_nav_history:2026-04-15,aggregator_panel,183.0,138.0,,the live price feed returned nothing for this symbol - verify the Yahoo symbol and re-run; never present the panel price as today's
NAV older than the amber window,nav_too_stale,RED,UK,THRG,BlackRock Throgmorton Trust,SEDOL:891055,own_nav_history:2026-04-15,aggregator_panel,183.0,138.0,,the newest NAV we hold is older than the amber window - re-run the NAV harvest for this fund and check its publication frequency
No price returned,no_price,RED,UK,BSIF,Bluefield Solar Income Fund,SEDOL:BB0RDB9,own_nav_history:2023-03-31,none,,1249.0,price_or_nav_missing,check the fund still trades under this ticker; re-run the price layer for it and record the provider error
NAV older than the amber window,nav_too_stale,RED,UK,BSIF,Bluefield Solar Income Fund,SEDOL:BB0RDB9,own_nav_history:2023-03-31,none,,1249.0,price_or_nav_missing,the newest NAV we hold is older than the amber window - re-run the NAV harvest for this fund and check its publication frequency
Insufficient z-score history,insufficient_zscore_history,AMBER,UK,BAF,British & American,NAME:british and american|ordinary share,investegate:9709325,yahoo:BAF.L,3.0,25.0,,the fund needs its own discount history in the monthly panel; until then it can be monitored but not z-scored
No usable NAV,no_nav,RED,UK,CTPE,CT Private Equity Trust,SEDOL:3073827,,yahoo:CTPE.L,3.0,,price_or_nav_missing,"no NAV from any source - confirm the fund publishes one, then add its announcement route (Tier 0 harvest / ASX index)"
NAV announcement found but unparsed,nav_announcement_unparsed,RED,UK,CVCE,CVC Income & Growth,SEDOL:B9G79F5,,yahoo:CVCE.L,3.0,,price_or_nav_missing; quote_currency_EUR_not_sterling,a NAV announcement exists but the parser produced no value - add a rule for its layout in harvest_nav.UK_RULES / the ASX parser
NAV announcement found but unparsed,nav_announcement_unparsed,RED,UK,CVCG,CVC Income & Growth,SEDOL:B9MRHZ5,,yahoo:CVCG.L,3.0,,price_or_nav_missing,a NAV announcement exists but the parser produced no value - add a rule for its layout in harvest_nav.UK_RULES / the ASX parser
NAV announcement found but unparsed,nav_announcement_unparsed,RED,UK,CGI,Canadian General Investments,SEDOL:5825107,,yahoo:CGI.L,3.0,,price_or_nav_missing,a NAV announcement exists but the parser produced no value - add a rule for its layout in harvest_nav.UK_RULES / the ASX parser
Rolled-forward (modelled) NAV,rolled_forward_nav,AMBER,UK,CGT,Capital Gearing Trust,SEDOL:173861,aggregator_panel:2026-07,yahoo:CGT.L,3.0,31.0,,none needed - the NAV is modelled forward from a published anchor and carries its own error band
Aggregator NAV only (no own route),aggregator_nav_only,AMBER,UK,CGT,Capital Gearing Trust,SEDOL:173861,aggregator_panel:2026-07,yahoo:CGT.L,3.0,31.0,,the fund's own NAV route is missing - resolve its ticker and add it to the Tier 0 harvest so it stops depending on the aggregator
NAV announcement found but unparsed,nav_announcement_unparsed,RED,UK,CGL,Castelnau Group,SEDOL:BMWWJM2,,yahoo:CGL.L,3.0,,price_or_nav_missing,a NAV announcement exists but the parser produced no value - add a rule for its layout in harvest_nav.UK_RULES / the ASX parser
NAV announcement found but unparsed,nav_announcement_unparsed,RED,UK,CBA,Ceiba Investments,SEDOL:BFMDJH1,,yahoo:CBA.L,3.0,,price_or_nav_missing,a NAV announcement exists but the parser produced no value - add a rule for its layout in harvest_nav.UK_RULES / the ASX parser
Rolled-forward (modelled) NAV,rolled_forward_nav,AMBER,UK,SDV,Chelverton UK Dividend Trust,SEDOL:661582,aggregator_panel:2026-07,yahoo:SDV.L,3.0,31.0,,none needed - the NAV is modelled forward from a published anchor and carries its own error band
Aggregator NAV only (no own route),aggregator_nav_only,AMBER,UK,SDV,Chelverton UK Dividend Trust,SEDOL:661582,aggregator_panel:2026-07,yahoo:SDV.L,3.0,31.0,,the fund's own NAV route is missing - resolve its ticker and add it to the Tier 0 harvest so it stops depending on the aggregator
NAV older than the amber window,nav_too_stale,RED,UK,CHRY,Chrysalis Investments,SEDOL:BGJYPP4,aggregator_panel:2019-06,yahoo:CHRY.L,3.0,2619.0,,the newest NAV we hold is older than the amber window - re-run the NAV harvest for this fund and check its publication frequency
NAV announcement found but unparsed,nav_announcement_unparsed,RED,UK,CRS,Crystal Amber Fund,SEDOL:B1Z2SL4,,yahoo:CRS.L,3.0,,price_or_nav_missing,a NAV announcement exists but the parser produced no value - add a rule for its layout in harvest_nav.UK_RULES / the ASX parser
No usable NAV,no_nav,RED,UK,DPA,DP Aircraft I,SEDOL:BBP6HP3,,yahoo:DPA.L,3.0,,price_or_nav_missing; quote_currency_USD_not_sterling,"no NAV from any source - confirm the fund publishes one, then add its announcement route (Tier 0 harvest / ASX index)"
Insufficient z-score history,insufficient_zscore_history,AMBER,UK,DVNO,Develop North,SEDOL:BD0ND66,investegate:9708653,yahoo:DVNO.L,3.0,92.0,,the fund needs its own discount history in the monthly panel; until then it can be monitored but not z-scored
Somewhat stale NAV,stale_nav,AMBER,UK,DVNO,Develop North,SEDOL:BD0ND66,investegate:9708653,yahoo:DVNO.L,3.0,92.0,,re-run the NAV harvest; the anchor is past the fresh window
No usable NAV,no_nav,RED,UK,DGI9,Digital 9 Infrastructure,SEDOL:BMDKH43,,yahoo:DGI9.L,3.0,,price_or_nav_missing,"no NAV from any source - confirm the fund publishes one, then add its announcement route (Tier 0 harvest / ASX index)"
Stale historical panel price only,stale_panel_price_only,RED,UK,DIVI,Diverse Income Trust,SEDOL:B65TLW2,own_nav_history:2026-06-26,aggregator_panel,122.0,66.0,,the live price feed returned nothing for this symbol - verify the Yahoo symbol and re-run; never present the panel price as today's
Insufficient z-score history,insufficient_zscore_history,AMBER,UK,EJFI,EJF Investments,SEDOL:BF0D1M2,investegate:9733054,yahoo:EJFI.L,3.0,31.0,,the fund needs its own discount history in the monthly panel; until then it can be monitored but not z-scored
Stale historical panel price only,stale_panel_price_only,RED,UK,EAT,European Assets Trust,SEDOL:322566,aggregator_panel:2025-09,aggregator_panel,364.0,335.0,,the live price feed returned nothing for this symbol - verify the Yahoo symbol and re-run; never present the panel price as today's
NAV older than the amber window,nav_too_stale,RED,UK,EAT,European Assets Trust,SEDOL:322566,aggregator_panel:2025-09,aggregator_panel,364.0,335.0,,the newest NAV we hold is older than the amber window - re-run the NAV harvest for this fund and check its publication frequency
Stale historical panel price only,stale_panel_price_only,RED,UK,EOT,European Opportunities Trust,NAME:european opportunities|ordinary share,investegate:9698537,aggregator_panel,61.0,31.0,,the live price feed returned nothing for this symbol - verify the Yahoo symbol and re-run; never present the panel price as today's
Stale historical panel price only,stale_panel_price_only,RED,UK,FJV,Fidelity Japan Trust,SEDOL:332855,aggregator_panel:2025-10,aggregator_panel,334.0,304.0,,the live price feed returned nothing for this symbol - verify the Yahoo symbol and re-run; never present the panel price as today's
NAV older than the amber window,nav_too_stale,RED,UK,FJV,Fidelity Japan Trust,SEDOL:332855,aggregator_panel:2025-10,aggregator_panel,334.0,304.0,,the newest NAV we hold is older than the amber window - re-run the NAV harvest for this fund and check its publication frequency
Insufficient z-score history,insufficient_zscore_history,AMBER,UK,FGEN,Foresight Environmental Infrastructure,SEDOL:BJL5FH8,investegate:9716744,yahoo:FGEN.L,3.0,62.0,,the fund needs its own discount history in the monthly panel; until then it can be monitored but not z-scored
Somewhat stale NAV,stale_nav,AMBER,UK,FGEN,Foresight Environmental Infrastructure,SEDOL:BJL5FH8,investegate:9716744,yahoo:FGEN.L,3.0,62.0,,re-run the NAV harvest; the anchor is past the fresh window
NAV announcement found but unparsed,nav_announcement_unparsed,RED,UK,FSFL,Foresight Solar Fund,SEDOL:BD3QJR5,,yahoo:FSFL.L,3.0,,price_or_nav_missing,a NAV announcement exists but the parser produced no value - add a rule for its layout in harvest_nav.UK_RULES / the ASX parser
Stale historical panel price only,stale_panel_price_only,RED,UK,FRGT,Franklin Global Trust,SEDOL:537241,aggregator_panel:2025-10,aggregator_panel,334.0,304.0,,the live price feed returned nothing for this symbol - verify the Yahoo symbol and re-run; never present the panel price as today's
NAV older than the amber window,nav_too_stale,RED,UK,FRGT,Franklin Global Trust,SEDOL:537241,aggregator_panel:2025-10,aggregator_panel,334.0,304.0,,the newest NAV we hold is older than the amber window - re-run the NAV harvest for this fund and check its publication frequency
NAV older than the amber window,nav_too_stale,RED,UK,GABI,GCP Asset Backed Income,SEDOL:BYXX8B0,own_nav_history:2025-06-30,yahoo:GABI.L,3.0,427.0,,the newest NAV we hold is older than the amber window - re-run the NAV harvest for this fund and check its publication frequency
Insufficient z-score history,insufficient_zscore_history,AMBER,UK,GCP,GCP Infrastructure Investments,SEDOL:B6173J1,investegate:9685271,yahoo:GCP.L,3.0,62.0,,the fund needs its own discount history in the monthly panel; until then it can be monitored but not z-scored
Somewhat stale NAV,stale_nav,AMBER,UK,GCP,GCP Infrastructure Investments,SEDOL:B6173J1,investegate:9685271,yahoo:GCP.L,3.0,62.0,,re-run the NAV harvest; the anchor is past the fresh window
Stale historical panel price only,stale_panel_price_only,RED,UK,GRIT,GRIT Investment Trust,SEDOL:BCKFVJ4,aggregator_panel:2015-10,aggregator_panel,3987.0,3957.0,price/NAV 0.188 implies -81% discount/premium (>80%),the live price feed returned nothing for this symbol - verify the Yahoo symbol and re-run; never present the panel price as today's
NAV older than the amber window,nav_too_stale,RED,UK,GRIT,GRIT Investment Trust,SEDOL:BCKFVJ4,aggregator_panel:2015-10,aggregator_panel,3987.0,3957.0,price/NAV 0.188 implies -81% discount/premium (>80%),the newest NAV we hold is older than the amber window - re-run the NAV harvest for this fund and check its publication frequency
NAV announcement found but unparsed,nav_announcement_unparsed,RED,UK,GSF,Gore Street Energy Storage,SEDOL:BG0P0V7,,yahoo:GSF.L,3.0,,price_or_nav_missing,a NAV announcement exists but the parser produced no value - add a rule for its layout in harvest_nav.UK_RULES / the ASX parser
Somewhat stale NAV,stale_nav,AMBER,UK,UKW,Greencoat UK Wind,SEDOL:B8SC6K5,aggregator_panel:2026-06,yahoo:UKW.L,3.0,62.0,,re-run the NAV harvest; the anchor is past the fresh window
Aggregator NAV only (no own route),aggregator_nav_only,AMBER,UK,UKW,Greencoat UK Wind,SEDOL:B8SC6K5,aggregator_panel:2026-06,yahoo:UKW.L,3.0,62.0,,the fund's own NAV route is missing - resolve its ticker and add it to the Tier 0 harvest so it stops depending on the aggregator
No usable NAV,no_nav,RED,UK,GRID,Gresham House Energy Storage,SEDOL:BFX3K77,,yahoo:GRID.L,3.0,,price_or_nav_missing,"no NAV from any source - confirm the fund publishes one, then add its announcement route (Tier 0 harvest / ASX index)"
NAV announcement found but unparsed,nav_announcement_unparsed,RED,UK,HVPE,HarbourVest Global Private Equity,SEDOL:B28XHD6,,yahoo:HVPE.L,3.0,,price_or_nav_missing,a NAV announcement exists but the parser produced no value - add a rule for its layout in harvest_nav.UK_RULES / the ASX parser
Stale historical panel price only,stale_panel_price_only,RED,UK,HET,Henderson European Trust,SEDOL:526885,own_nav_history:2025-09-19,aggregator_panel,395.0,346.0,,the live price feed returned nothing for this symbol - verify the Yahoo symbol and re-run; never present the panel price as today's
NAV older than the amber window,nav_too_stale,RED,UK,HET,Henderson European Trust,SEDOL:526885,own_nav_history:2025-09-19,aggregator_panel,395.0,346.0,,the newest NAV we hold is older than the amber window - re-run the NAV harvest for this fund and check its publication frequency
Stale historical panel price only,stale_panel_price_only,RED,UK,HINT,Henderson International Income,SEDOL:B3PHCS8,own_nav_history:2025-05-21,aggregator_panel,517.0,467.0,,the live price feed returned nothing for this symbol - verify the Yahoo symbol and re-run; never present the panel price as today's
NAV older than the amber window,nav_too_stale,RED,UK,HINT,Henderson International Income,SEDOL:B3PHCS8,own_nav_history:2025-05-21,aggregator_panel,517.0,467.0,,the newest NAV we hold is older than the amber window - re-run the NAV harvest for this fund and check its publication frequency
Stale historical panel price only,stale_panel_price_only,RED,UK,HOT,Henderson Opportunities Trust,SEDOL:853657,own_nav_history:2025-03-03,aggregator_panel,576.0,546.0,,the live price feed returned nothing for this symbol - verify the Yahoo symbol and re-run; never present the panel price as today's
NAV older than the amber window,nav_too_stale,RED,UK,HOT,Henderson Opportunities Trust,SEDOL:853657,own_nav_history:2025-03-03,aggregator_panel,576.0,546.0,,the newest NAV we hold is older than the amber window - re-run the NAV harvest for this fund and check its publication frequency
No usable NAV,no_nav,RED,UK,HGT,HgCapital Trust,SEDOL:392105,,yahoo:HGT.L,3.0,,price_or_nav_missing,"no NAV from any source - confirm the fund publishes one, then add its announcement route (Tier 0 harvest / ASX index)"
No usable NAV,no_nav,RED,UK,HOME,Home REIT,SEDOL:BJP5HK1,,yahoo:HOME.L,3.0,,price_or_nav_missing,"no NAV from any source - confirm the fund publishes one, then add its announcement route (Tier 0 harvest / ASX index)"
Stale historical panel price only,stale_panel_price_only,RED,UK,HGEN,Hydrogen Capital Growth,SEDOL:BL6K7L0,own_nav_history:2024-09-30,aggregator_panel,1430.0,243.0,price/NAV 2.73 implies +173% discount/premium (>80%),the live price feed returned nothing for this symbol - verify the Yahoo symbol and re-run; never present the panel price as today's
NAV older than the amber window,nav_too_stale,RED,UK,HGEN,Hydrogen Capital Growth,SEDOL:BL6K7L0,own_nav_history:2024-09-30,aggregator_panel,1430.0,243.0,price/NAV 2.73 implies +173% discount/premium (>80%),the newest NAV we hold is older than the amber window - re-run the NAV harvest for this fund and check its publication frequency
NAV older than the amber window,nav_too_stale,RED,UK,ICGT,ICG Enterprise Trust,SEDOL:329200,aggregator_panel:2011-01,yahoo:ICGT.L,3.0,5691.0,price/NAV 2.8 implies +180% discount/premium (>80%),the newest NAV we hold is older than the amber window - re-run the NAV harvest for this fund and check its publication frequency
No usable NAV,no_nav,RED,UK,LBOW,ICG-Longbow Senior Secured UK Property Debt Invest,SEDOL:B8C23S8,,yahoo:LBOW.L,3.0,,price_or_nav_missing,"no NAV from any source - confirm the fund publishes one, then add its announcement route (Tier 0 harvest / ASX index)"
NAV announcement found but unparsed,nav_announcement_unparsed,RED,UK,IGC,India Capital Growth Fund,SEDOL:B0P8RJ6,,yahoo:IGC.L,3.0,,price_or_nav_missing,a NAV announcement exists but the parser produced no value - add a rule for its layout in harvest_nav.UK_RULES / the ASX parser
NAV announcement found but unparsed,nav_announcement_unparsed,RED,UK,INPP,International Public Partnerships,SEDOL:B188SR5,,yahoo:INPP.L,3.0,,price_or_nav_missing,a NAV announcement exists but the parser produced no value - add a rule for its layout in harvest_nav.UK_RULES / the ASX parser
Extreme discount/premium,extreme_discount_premium,AMBER,UK,JEMA,"JPMorgan Emerging Europe, Middle East & Africa",SEDOL:3216473,investegate:9745974,yahoo:JEMA.L,3.0,3.0,price/NAV 3.36 implies +236% discount/premium (>80%),verify price and NAV against the fund's own latest announcement before trusting the discount
Stale historical panel price only,stale_panel_price_only,RED,UK,JGC,Jupiter Green Investment Trust,SEDOL:B120GL7,own_nav_history:2025-03-11,aggregator_panel,576.0,538.0,,the live price feed returned nothing for this symbol - verify the Yahoo symbol and re-run; never present the panel price as today's
NAV older than the amber window,nav_too_stale,RED,UK,JGC,Jupiter Green Investment Trust,SEDOL:B120GL7,own_nav_history:2025-03-11,aggregator_panel,576.0,538.0,,the newest NAV we hold is older than the amber window - re-run the NAV harvest for this fund and check its publication frequency
Stale historical panel price only,stale_panel_price_only,RED,UK,KPC,Keystone Positive Change,SEDOL:491206,own_nav_history:2025-03-18,aggregator_panel,576.0,531.0,,the live price feed returned nothing for this symbol - verify the Yahoo symbol and re-run; never present the panel price as today's
NAV older than the amber window,nav_too_stale,RED,UK,KPC,Keystone Positive Change,SEDOL:491206,own_nav_history:2025-03-18,aggregator_panel,576.0,531.0,,the newest NAV we hold is older than the amber window - re-run the NAV harvest for this fund and check its publication frequency
NAV older than the amber window,nav_too_stale,RED,UK,LMS,LMS Capital,SEDOL:B12MHD2,own_nav_history:2022-12-31,yahoo:LMS.L,3.0,243.0,,the newest NAV we hold is older than the amber window - re-run the NAV harvest for this fund and check its publication frequency
No price returned,no_price,RED,UK,LABS,Life Science REIT,SEDOL:BP5X4Q2,,none,,,price_or_nav_missing,check the fund still trades under this ticker; re-run the price layer for it and record the provider error
No usable NAV,no_nav,RED,UK,LABS,Life Science REIT,SEDOL:BP5X4Q2,,none,,,price_or_nav_missing,"no NAV from any source - confirm the fund publishes one, then add its announcement route (Tier 0 harvest / ASX index)"
Suspected unit mismatch,suspected_unit_mismatch,RED,UK,LTI,Lindsell Train Investment Trust,SEDOL:3197794,investegate:9739747,yahoo:LTI.L,3.0,6.0,"price/NAV 0.008013 is ~0.01x - a unit mismatch (pence/pounds, cents/dollars) or a misparsed NAV, not a market price; quote_currency_GBP_is_ambiguous_read_as_pence",do NOT rescale the output - find which side is wrong (NAV parse or quote currency) and fix the source reader
NAV announcement found but unparsed,nav_announcement_unparsed,RED,UK,LIVE,Living REIT,SEDOL:BF0P7H5,,yahoo:LIVE.L,3.0,,price_or_nav_missing,a NAV announcement exists but the parser produced no value - add a rule for its layout in harvest_nav.UK_RULES / the ASX parser
Rolled-forward (modelled) NAV,rolled_forward_nav,AMBER,UK,MGCI,M&G Credit Income,SEDOL:BFYYL32,aggregator_panel:2026-07,yahoo:MGCI.L,3.0,31.0,,none needed - the NAV is modelled forward from a published anchor and carries its own error band
Aggregator NAV only (no own route),aggregator_nav_only,AMBER,UK,MGCI,M&G Credit Income,SEDOL:BFYYL32,aggregator_panel:2026-07,yahoo:MGCI.L,3.0,31.0,,the fund's own NAV route is missing - resolve its ticker and add it to the Tier 0 harvest so it stops depending on the aggregator
NAV announcement found but unparsed,nav_announcement_unparsed,RED,UK,MVI,Marwyn Value Investors,SEDOL:B1DSZV3,,yahoo:MVI.L,3.0,,price_or_nav_missing,a NAV announcement exists but the parser produced no value - add a rule for its layout in harvest_nav.UK_RULES / the ASX parser
Stale historical panel price only,stale_panel_price_only,RED,UK,MHN,Menhaden Resource Efficiency,SEDOL:BZ0XWD0,own_nav_history:2025-03-24,aggregator_panel,576.0,525.0,,the live price feed returned nothing for this symbol - verify the Yahoo symbol and re-run; never present the panel price as today's
NAV older than the amber window,nav_too_stale,RED,UK,MHN,Menhaden Resource Efficiency,SEDOL:BZ0XWD0,own_nav_history:2025-03-24,aggregator_panel,576.0,525.0,,the newest NAV we hold is older than the amber window - re-run the NAV harvest for this fund and check its publication frequency
Stale historical panel price only,stale_panel_price_only,RED,UK,MINI,Miton UK Microcap Trust,SEDOL:BWFGQ08,aggregator_panel:2025-04,aggregator_panel,517.0,488.0,,the live price feed returned nothing for this symbol - verify the Yahoo symbol and re-run; never present the panel price as today's
NAV older than the amber window,nav_too_stale,RED,UK,MINI,Miton UK Microcap Trust,SEDOL:BWFGQ08,aggregator_panel:2025-04,aggregator_panel,517.0,488.0,,the newest NAV we hold is older than the amber window - re-run the NAV harvest for this fund and check its publication frequency
No usable NAV,no_nav,RED,UK,GROW,Molten Ventures,SEDOL:BY7QYJ5,,yahoo:GROW.L,3.0,,price_or_nav_missing,"no NAV from any source - confirm the fund publishes one, then add its announcement route (Tier 0 harvest / ASX index)"
No usable NAV,no_nav,RED,UK,NBPE,Neuberger Private Equity Partners,SEDOL:B1ZBD49,,yahoo:NBPE.L,3.0,,price_or_nav_missing,"no NAV from any source - confirm the fund publishes one, then add its announcement route (Tier 0 harvest / ASX index)"
No usable NAV,no_nav,RED,UK,NESF,NextEnergy Solar Fund,SEDOL:BJ0JVY0,,yahoo:NESF.L,3.0,,price_or_nav_missing,"no NAV from any source - confirm the fund publishes one, then add its announcement route (Tier 0 harvest / ASX index)"
NAV announcement found but unparsed,nav_announcement_unparsed,RED,UK,ORIT,Octopus Renewables Infrastructure Trust,SEDOL:BJM0293,,yahoo:ORIT.L,3.0,,price_or_nav_missing,a NAV announcement exists but the parser produced no value - add a rule for its layout in harvest_nav.UK_RULES / the ASX parser
Insufficient z-score history,insufficient_zscore_history,AMBER,UK,ONWD,Onward Opportunities,SEDOL:BMZR151,investegate:9743928,yahoo:ONWD.L,3.0,5.0,,the fund needs its own discount history in the monthly panel; until then it can be monitored but not z-scored
No usable NAV,no_nav,RED,UK,PINT,Pantheon Infrastructure,SEDOL:BLNNFL8,,yahoo:PINT.L,3.0,,price_or_nav_missing,"no NAV from any source - confirm the fund publishes one, then add its announcement route (Tier 0 harvest / ASX index)"
NAV older than the amber window,nav_too_stale,RED,UK,PIN,Pantheon International,SEDOL:414850,aggregator_panel:2006-12,yahoo:PIN.L,3.0,7183.0,,the newest NAV we hold is older than the amber window - re-run the NAV harvest for this fund and check its publication frequency
NAV announcement found but unparsed,nav_announcement_unparsed,RED,UK,AEET,Parvus Energy Efficiency Trust,SEDOL:BN6JYS7,,yahoo:AEET.L,3.0,,price_or_nav_missing,a NAV announcement exists but the parser produced no value - add a rule for its layout in harvest_nav.UK_RULES / the ASX parser
NAV older than the amber window,nav_too_stale,RED,UK,PPET,Patria Private Equity,SEDOL:3047468,aggregator_panel:2018-06,yahoo:PPET.L,3.0,2984.0,,the newest NAV we hold is older than the amber window - re-run the NAV harvest for this fund and check its publication frequency
NAV announcement found but unparsed,nav_announcement_unparsed,RED,UK,PSH,Pershing Square Holdings,SEDOL:BPFJTF4,,yahoo:PSH.L,3.0,,price_or_nav_missing,a NAV announcement exists but the parser produced no value - add a rule for its layout in harvest_nav.UK_RULES / the ASX parser
Rolled-forward (modelled) NAV,rolled_forward_nav,AMBER,UK,PCGH,Polar Capital Global Healthcare,SEDOL:B6832P1,own_nav_history:2026-08-25,yahoo:PCGH.L,3.0,3.0,,none needed - the NAV is modelled forward from a published anchor and carries its own error band
Stale historical panel price only,stale_panel_price_only,RED,UK,PMGR,Premier Miton Global Renewables,SEDOL:3353790,aggregator_panel:2025-11,aggregator_panel,303.0,274.0,,the live price feed returned nothing for this symbol - verify the Yahoo symbol and re-run; never present the panel price as today's
NAV older than the amber window,nav_too_stale,RED,UK,PMGR,Premier Miton Global Renewables,SEDOL:3353790,aggregator_panel:2025-11,aggregator_panel,303.0,274.0,,the newest NAV we hold is older than the amber window - re-run the NAV harvest for this fund and check its publication frequency
NAV older than the amber window,nav_too_stale,RED,UK,RCP,RIT Capital Partners,SEDOL:736639,own_nav_history:2022-12-31,yahoo:RCP.L,3.0,883.0,"price/NAV 65.77 is ~100x - a unit mismatch (pence/pounds, cents/dollars) or a misparsed NAV, not a market price",the newest NAV we hold is older than the amber window - re-run the NAV harvest for this fund and check its publication frequency
Suspected unit mismatch,suspected_unit_mismatch,RED,UK,RCP,RIT Capital Partners,SEDOL:736639,own_nav_history:2022-12-31,yahoo:RCP.L,3.0,883.0,"price/NAV 65.77 is ~100x - a unit mismatch (pence/pounds, cents/dollars) or a misparsed NAV, not a market price",do NOT rescale the output - find which side is wrong (NAV parse or quote currency) and fix the source reader
No usable NAV,no_nav,RED,UK,RECI,Real Estate Credit Investments,SEDOL:B0HW536,,yahoo:RECI.L,3.0,,price_or_nav_missing,"no NAV from any source - confirm the fund publishes one, then add its announcement route (Tier 0 harvest / ASX index)"
No usable NAV,no_nav,RED,UK,RGL,Regional REIT,SEDOL:BYV2ZQ3,,yahoo:RGL.L,3.0,,price_or_nav_missing,"no NAV from any source - confirm the fund publishes one, then add its announcement route (Tier 0 harvest / ASX index)"
Suspected unit mismatch,suspected_unit_mismatch,RED,UK,TRIG,Renewables Infrastructure Group,SEDOL:BBHX2H9,investegate:9697097,yahoo:TRIG.L,3.0,62.0,"price/NAV 10.19 is ~10x - a unit mismatch (pence/pounds, cents/dollars) or a misparsed NAV, not a market price",do NOT rescale the output - find which side is wrong (NAV parse or quote currency) and fix the source reader
NAV announcement found but unparsed,nav_announcement_unparsed,RED,UK,RESI,Residential Secure Income REIT,SEDOL:BYSX150,,yahoo:RESI.L,3.0,,price_or_nav_missing,a NAV announcement exists but the parser produced no value - add a rule for its layout in harvest_nav.UK_RULES / the ASX parser
Insufficient z-score history,insufficient_zscore_history,AMBER,UK,RIII,Rights & Issues Investment Trust,SEDOL:739207,own_nav_history:2016-06-30,yahoo:RIII.L,3.0,3.0,,the fund needs its own discount history in the monthly panel; until then it can be monitored but not z-scored
NAV announcement found but unparsed,nav_announcement_unparsed,RED,UK,RMMC,River UK Micro Cap,SEDOL:BRGCGK0,,yahoo:RMMC.L,3.0,,price_or_nav_missing,a NAV announcement exists but the parser produced no value - add a rule for its layout in harvest_nav.UK_RULES / the ASX parser
No usable NAV,no_nav,RED,UK,RSE,Riverstone Energy,SEDOL:BBHXCL3,,yahoo:RSE.L,3.0,,price_or_nav_missing,"no NAV from any source - confirm the fund publishes one, then add its announcement route (Tier 0 harvest / ASX index)"
NAV older than the amber window,nav_too_stale,RED,UK,RICA,Ruffer Investment Company,SEDOL:B018CS4,own_nav_history:2023-02-08,yahoo:RICA.L,3.0,1300.0,"price/NAV 0.08757 is ~0.1x - a unit mismatch (pence/pounds, cents/dollars) or a misparsed NAV, not a market price",the newest NAV we hold is older than the amber window - re-run the NAV harvest for this fund and check its publication frequency
Suspected unit mismatch,suspected_unit_mismatch,RED,UK,RICA,Ruffer Investment Company,SEDOL:B018CS4,own_nav_history:2023-02-08,yahoo:RICA.L,3.0,1300.0,"price/NAV 0.08757 is ~0.1x - a unit mismatch (pence/pounds, cents/dollars) or a misparsed NAV, not a market price",do NOT rescale the output - find which side is wrong (NAV parse or quote currency) and fix the source reader
Stale historical panel price only,stale_panel_price_only,RED,UK,SVM,SVM UK Emerging Fund,SEDOL:0068417,aggregator_panel:2025-01,aggregator_panel,607.0,577.0,,the live price feed returned nothing for this symbol - verify the Yahoo symbol and re-run; never present the panel price as today's
NAV older than the amber window,nav_too_stale,RED,UK,SVM,SVM UK Emerging Fund,SEDOL:0068417,aggregator_panel:2025-01,aggregator_panel,607.0,577.0,,the newest NAV we hold is older than the amber window - re-run the NAV harvest for this fund and check its publication frequency
No usable NAV,no_nav,RED,UK,SERE,Schroder European Real Estate,SEDOL:BY7R8K7,,yahoo:SERE.L,3.0,,price_or_nav_missing,"no NAV from any source - confirm the fund publishes one, then add its announcement route (Tier 0 harvest / ASX index)"
NAV announcement found but unparsed,nav_announcement_unparsed,RED,UK,SREI,Schroder Real Estate,SEDOL:B01HM14,,yahoo:SREI.L,3.0,,price_or_nav_missing,a NAV announcement exists but the parser produced no value - add a rule for its layout in harvest_nav.UK_RULES / the ASX parser
NAV older than the amber window,nav_too_stale,RED,UK,INOV,Schroders Capital Global Innovation Trust,SEDOL:BVG1CF2,aggregator_panel:2024-04,yahoo:INOV.L,3.0,853.0,,the newest NAV we hold is older than the amber window - re-run the NAV harvest for this fund and check its publication frequency
No usable NAV,no_nav,RED,UK,SEQI,Sequoia Economic Infrastructure Income,SEDOL:BV54HY6,,yahoo:SEQI.L,3.0,,price_or_nav_missing,"no NAV from any source - confirm the fund publishes one, then add its announcement route (Tier 0 harvest / ASX index)"
Stale historical panel price only,stale_panel_price_only,RED,UK,SHRS,Shires Income,SEDOL:805250,own_nav_history:2026-03-12,aggregator_panel,211.0,172.0,,the live price feed returned nothing for this symbol - verify the Yahoo symbol and re-run; never present the panel price as today's
NAV older than the amber window,nav_too_stale,RED,UK,SHRS,Shires Income,SEDOL:805250,own_nav_history:2026-03-12,aggregator_panel,211.0,172.0,,the newest NAV we hold is older than the amber window - re-run the NAV harvest for this fund and check its publication frequency
Stale historical panel price only,stale_panel_price_only,RED,UK,SSON,Smithson Investment Trust,SEDOL:BGJWTR8,own_nav_history:2026-02-10,aggregator_panel,242.0,202.0,,the live price feed returned nothing for this symbol - verify the Yahoo symbol and re-run; never present the panel price as today's
NAV older than the amber window,nav_too_stale,RED,UK,SSON,Smithson Investment Trust,SEDOL:BGJWTR8,own_nav_history:2026-02-10,aggregator_panel,242.0,202.0,,the newest NAV we hold is older than the amber window - re-run the NAV harvest for this fund and check its publication frequency
NAV announcement found but unparsed,nav_announcement_unparsed,RED,UK,SYNC,Syncona,SEDOL:B8P59C0,,yahoo:SYNC.L,3.0,,price_or_nav_missing,a NAV announcement exists but the parser produced no value - add a rule for its layout in harvest_nav.UK_RULES / the ASX parser
NAV announcement found but unparsed,nav_announcement_unparsed,RED,UK,THRL,Target Healthcare REIT,SEDOL:B95CGW7,,yahoo:THRL.L,3.0,,price_or_nav_missing,a NAV announcement exists but the parser produced no value - add a rule for its layout in harvest_nav.UK_RULES / the ASX parser
No usable NAV,no_nav,RED,UK,BBOX,Tritax Big Box REIT,SEDOL:BG49KP9,,yahoo:BBOX.L,3.0,,price_or_nav_missing,"no NAV from any source - confirm the fund publishes one, then add its announcement route (Tier 0 harvest / ASX index)"
NAV older than the amber window,nav_too_stale,RED,UK,TFIF,TwentyFour Income Fund,SEDOL:B90J5Z9,own_nav_history:2014-02-03,yahoo:TFIF.L,3.0,4592.0,,the newest NAV we hold is older than the amber window - re-run the NAV harvest for this fund and check its publication frequency
NAV announcement found but unparsed,nav_announcement_unparsed,RED,UK,SMIF,TwentyFour Select Monthly Income,SEDOL:BJVDZ94,,yahoo:SMIF.L,3.0,,price_or_nav_missing,a NAV announcement exists but the parser produced no value - add a rule for its layout in harvest_nav.UK_RULES / the ASX parser
Rolled-forward (modelled) NAV,rolled_forward_nav,AMBER,UK,UTL,UIL,SEDOL:B00KTN5,own_nav_history:2026-08-26,yahoo:UTL.L,3.0,3.0,,none needed - the NAV is modelled forward from a published anchor and carries its own error band
NAV announcement found but unparsed,nav_announcement_unparsed,RED,UK,ENRG,VH Global Energy Infrastructure,SEDOL:BNKVP75,,yahoo:ENRG.L,3.0,,price_or_nav_missing,a NAV announcement exists but the parser produced no value - add a rule for its layout in harvest_nav.UK_RULES / the ASX parser
NAV older than the amber window,nav_too_stale,RED,UK,VSL,VPC Specialty Lending Investments,SEDOL:BVG6X43,own_nav_history:2022-12-31,yahoo:VSL.L,3.0,1339.0,"price/NAV 0.002167 is ~0.001x - a unit mismatch (pence/pounds, cents/dollars) or a misparsed NAV, not a market price",the newest NAV we hold is older than the amber window - re-run the NAV harvest for this fund and check its publication frequency
Suspected unit mismatch,suspected_unit_mismatch,RED,UK,VSL,VPC Specialty Lending Investments,SEDOL:BVG6X43,own_nav_history:2022-12-31,yahoo:VSL.L,3.0,1339.0,"price/NAV 0.002167 is ~0.001x - a unit mismatch (pence/pounds, cents/dollars) or a misparsed NAV, not a market price",do NOT rescale the output - find which side is wrong (NAV parse or quote currency) and fix the source reader
NAV older than the amber window,nav_too_stale,RED,UK,VIP,Value and Indexed Property Income Trust,SEDOL:848471,aggregator_panel:2022-11,yahoo:VIP.L,3.0,1370.0,,the newest NAV we hold is older than the amber window - re-run the NAV harvest for this fund and check its publication frequency
NAV announcement found but unparsed,nav_announcement_unparsed,RED,UK,VNH,VietNam Holding,SEDOL:BJQZ9H1,,yahoo:VNH.L,3.0,,price_or_nav_missing,a NAV announcement exists but the parser produced no value - add a rule for its layout in harvest_nav.UK_RULES / the ASX parser
NAV older than the amber window,nav_too_stale,RED,UK,VEIL,Vietnam Enterprise Investments,SEDOL:361H109,own_nav_history:2023-02-15,yahoo:VEIL.L,3.0,1293.0,"price/NAV 0.07507 is ~0.1x - a unit mismatch (pence/pounds, cents/dollars) or a misparsed NAV, not a market price",the newest NAV we hold is older than the amber window - re-run the NAV harvest for this fund and check its publication frequency
Suspected unit mismatch,suspected_unit_mismatch,RED,UK,VEIL,Vietnam Enterprise Investments,SEDOL:361H109,own_nav_history:2023-02-15,yahoo:VEIL.L,3.0,1293.0,"price/NAV 0.07507 is ~0.1x - a unit mismatch (pence/pounds, cents/dollars) or a misparsed NAV, not a market price",do NOT rescale the output - find which side is wrong (NAV parse or quote currency) and fix the source reader
NAV announcement found but unparsed,nav_announcement_unparsed,RED,UK,VOF,VinaCapital Vietnam Opportunity,SEDOL:3351642,,yahoo:VOF.L,3.0,,price_or_nav_missing,a NAV announcement exists but the parser produced no value - add a rule for its layout in harvest_nav.UK_RULES / the ASX parser
NAV older than the amber window,nav_too_stale,RED,UK,WINV,Worsley Investors,SEDOL:B06T260,own_nav_history:2016-09-30,yahoo:WINV.L,3.0,153.0,,the newest NAV we hold is older than the amber window - re-run the NAV harvest for this fund and check its publication frequency
Stale historical panel price only,stale_panel_price_only,RED,UK,ADIG,abrdn Diversified Income and Growth,SEDOL:129756,aggregator_panel:2026-02,aggregator_panel,211.0,184.0,,the live price feed returned nothing for this symbol - verify the Yahoo symbol and re-run; never present the panel price as today's
NAV older than the amber window,nav_too_stale,RED,UK,ADIG,abrdn Diversified Income and Growth,SEDOL:129756,aggregator_panel:2026-02,aggregator_panel,211.0,184.0,,the newest NAV we hold is older than the amber window - re-run the NAV harvest for this fund and check its publication frequency
No usable NAV,no_nav,RED,UK,ASLI,abrdn European Logistics Income,SEDOL:BD9PXH4,,yahoo:ASLI.L,3.0,,price_or_nav_missing,"no NAV from any source - confirm the fund publishes one, then add its announcement route (Tier 0 harvest / ASX index)"
