security_id,ticker,name,sector,share_type,currency,isin,is_vct,nav_route,status,first_seen,last_seen
SEDOL:B0P6J83,AAIF,Aberdeen Asian Income Fund,Asia Pacific Equity Income,Ordinary Share,GBX,GB00B0P6J834,False,registry,live,2007-01,2026-07
NAME:aberdeen asia focus|ordinary share,AAS,Aberdeen Asia Focus,Asia Pacific Smaller Companies,Ordinary Share,GBX,GB00BMF19B58,False,registry,live,2007-01,2026-07
SEDOL:558167,AATG,Albion Technology & General VCT,VCT,Ordinary Share,GBX,GB0005581672,True,registry,delist_candidate,2006-09,2026-07
SEDOL:603959,AEI,Aberdeen Equity Income Trust,UK Equity Income,Ordinary Share,GBX,GB0006039597,False,registry,live,2007-01,2026-07
SEDOL:BDVK708,AEWL,AEW UK Long Lease REIT,Property Specialist,Ordinary Share,,GB00BDVK7088,False,registry,delist_candidate,2017-06,2018-06
SEDOL:B1FL3C7,AFL,Artemis UK Future Leaders,UK Smaller Companies,Ordinary Share,GBX,GB00B1FL3C76,False,registry,live,2007-01,2026-07
SEDOL:B1W59J1,AFMC,Aberdeen Frontier Markets,Global Emerging Markets,Ordinary Share,GBX,GG00B1W59J17,False,registry,delist_candidate,2010-12,2020-07
SEDOL:133508,AGT,AVI Global Trust,Global,Ordinary Share,GBX,GB00BLH3CY60,False,registry,live,2007-01,2026-07
SEDOL:BPJMQ25,AGVI,Aberforth Geared Value & Income Trust,UK Smaller Companies,Ordinary Share,GBX,GB00BPJMQ253,False,registry,live,2024-07,2026-07
SEDOL:BT3GKD0,AIC,Achilles Investment Company,Flexible Investment,Ordinary Share,,GG00BT3GKD08,False,announcements_only,live,2025-02,2026-07
SEDOL:BF50VS4,AIE,Ashoka India Equity,India / Indian Subcontinent,Ordinary Share,GBX,GB00BF50VS41,False,registry,live,2018-07,2026-07
SEDOL:BD6H5D3,AJOT,AVI Japan Opportunity Trust,Japanese Smaller Companies,Ordinary Share,GBX,GB00BD6H5D36,False,registry,live,2018-10,2026-07
SEDOL:BYRGPD6,ALF,Alternative Liquidity Fund,Hedge Funds,Ordinary Share,USD,GG00BYRGPD65,False,announcements_only,live,2015-09,2026-07
SEDOL:B11V7W9,ALW,Alliance Witan,Global,Ordinary Share,GBX,GB00B11V7W98,False,registry,live,2007-01,2026-07
SEDOL:604877,ANII,Aberdeen New India Investment Trust,India / Indian Subcontinent,Ordinary Share,GBX,GB0006048770,False,registry,live,2007-01,2026-07
NAME:aberdeen new thai|ordinary share,ANW,Aberdeen New Thai,Country Specialist,Ordinary Share,GBX,GB0000059971,False,registry,delist_candidate,2007-01,2021-10
NAME:aurora uk alpha|ordinary share,ARR,Aurora UK Alpha,UK All Companies,Ordinary Share,GBX,GB0000633262,False,registry,live,2007-01,2026-07
NAME:aberforth smaller companies|ordinary share,ASL,Aberforth Smaller Companies,UK Smaller Companies,Ordinary Share,GBX,GB0000066554,False,registry,live,2007-01,2026-07
SEDOL:BD9PXH4,ASLI,abrdn European Logistics Income,Property - Europe,Ordinary Share,GBX,GB00BD9PXH49,False,announcements_only,live,2018-01,2026-07
SEDOL:871079,ATR,Schroder Asian Total Return,Asia Pacific,Ordinary Share,GBX,GB0008710799,False,registry,live,2007-01,2026-07
SEDOL:339072,ATT,Allianz Technology Trust,Technology & Technology Innovation,Ordinary Share,GBX,GB00BNG2M159,False,registry,live,2007-01,2026-07
SEDOL:0060929,ATY,Athelney Trust,UK Smaller Companies,Ordinary Share,GBX,GB0000609296,False,registry,live,2014-11,2026-07
SEDOL:295958,AUSC,Aberdeen UK Smaller Companies Growth,UK Smaller Companies,Ordinary Share,GBX,GB0002959582,False,registry,live,2007-01,2026-07
SEDOL:BMZR7D1,AWEM,Ashoka WhiteOak Emerging Markets,Global Emerging Markets,Ordinary Share,,GB00BMZR7D19,False,announcements_only,live,2023-05,2026-07
NAME:british and american|ordinary share,BAF,British & American,Global Equity Income,Ordinary Share,GBX,GB0000653112,False,announcements_only,live,2007-01,2026-07
SEDOL:B3KJH95,BAIL,Bailiwick Investments,Flexible Investment,Ordinary Share,,GG00B3KJH957,False,announcements_only,delist_candidate,2018-10,2026-04
SEDOL:346340,BASC,Brown Advisory US Smaller Companies,North American Smaller Companies,Ordinary Share,GBX,GB0003463402,False,registry,live,2007-01,2026-07
SEDOL:B0BN1P9,BEEP,BlackRock Emerging Europe,European Emerging Markets,Ordinary Share,GBP,GB00B0BN1P96,False,registry,delist_candidate,2007-01,2018-10
SEDOL:3227334,BEMO,Barings Emerging EMEA Opportunities,Global Emerging Markets,Ordinary Share,GBX,GB0032273343,False,registry,live,2007-01,2026-07
SEDOL:B0N8MF9,BERI,BlackRock Energy and Resources Income,Commodities & Natural Resources,Ordinary Share,GBX,GB00B0N8MF98,False,registry,live,2007-01,2026-07
SEDOL:BKV46W4,BFSP,Blackfinch Spring VCT,VCT,Ordinary Share,,GB00BKV46W45,True,announcements_only,live,2023-10,2026-07
SEDOL:365602,BGCG,Baillie Gifford China Growth,China / Greater China,Ordinary Share,GBX,GB0003656021,False,registry,live,2007-01,2026-07
SEDOL:329501,BGEU,Baillie Gifford European Growth,Europe,Ordinary Share,GBX,GB00BMC7T380,False,registry,live,2007-01,2026-07
NAME:baillie gifford japan|ordinary share,BGFD,Baillie Gifford Japan Trust,Japan,Ordinary Share,GBX,GB0000485838,False,registry,live,2007-01,2026-07
NAME:baillie gifford shin nippon|ordinary share,BGS,Baillie Gifford Shin Nippon,Japanese Smaller Companies,Ordinary Share,GBX,GB00BFXYH242,False,registry,live,2007-01,2026-07
SEDOL:791348,BGUK,Baillie Gifford UK Growth,UK All Companies,Ordinary Share,GBX,GB0007913485,False,registry,live,2006-12,2026-07
SEDOL:B1NPGV1,BHMU,BH Macro,Hedge Funds,Ordinary Share,GBX,GG00BQBFY479,False,announcements_only,live,2007-09,2026-07
NAME:biotech growth|ordinary share,BIOG,Biotech Growth Trust,Biotechnology & Healthcare,Ordinary Share,GBX,GB0000385517,False,registry,live,2007-01,2026-07
SEDOL:B0LNG76,BIPS,Invesco Bond Income Plus,Debt - Loans & Bonds,Ordinary Share,GBX,JE00B6RMDP68,False,registry,live,2007-01,2026-07
SEDOL:532707,BLP,Blue Planet Investment Trust,Global,Ordinary Share,GBX,GB0005327076,False,registry,delist_candidate,2007-01,2023-01
SEDOL:3002810,BMD,Baronsmead Second Venture Trust,VCT,Ordinary Share,GBX,GB0030028103,True,registry,live,2006-12,2026-07
NAME:bankers|ordinary share,BNKR,Bankers Investment Trust,Global,Ordinary Share,GBX,GB00BN4NDR39,False,registry,live,2007-01,2026-07
SEDOL:BMF1L08,BOOK,Literacy Capital,Private Equity,Ordinary Share,,GB00BMF1L080,False,announcements_only,delist_candidate,2022-01,2026-07
SEDOL:BDGKMY2,BPCR,BioPharma Credit,Debt - Direct Lending,Ordinary Share,USD,GB00BDGKMY29,False,registry,delist_candidate,2017-03,2026-07
SEDOL:B7W0XJ6,BRAI,BlackRock American Income,North America,Ordinary Share,GBX,GB00B7W0XJ61,False,registry,live,2012-10,2026-07
SEDOL:B3SXM83,BRFI,BlackRock Frontiers,Global Emerging Markets,Ordinary Share,GBX,GB00B3SXM832,False,registry,live,2010-12,2026-07
SEDOL:B01RDH7,BRGE,BlackRock Greater Europe,Europe,Ordinary Share,GBX,GB00B01RDH75,False,registry,live,2007-01,2026-07
SEDOL:3096169,BRIG,BlackRock Income & Growth,UK Equity Income,Ordinary Share,GBX,GB0030961691,False,registry,live,2007-01,2026-07
SEDOL:505840,BRLA,BlackRock Latin American,Latin America,Ordinary Share,GBX,GB0005058408,False,registry,live,2007-01,2022-11
SEDOL:643610,BRSC,BlackRock Smaller Companies,UK Smaller Companies,Ordinary Share,GBX,GB00BWQGKH23,False,registry,live,2007-01,2026-07
SEDOL:577485,BRWM,BlackRock World Mining,Commodities & Natural Resources,Ordinary Share,GBX,GB0005774855,False,registry,live,2007-01,2026-07
SEDOL:500179,BSC,British Smaller Companies VCT 2,VCT,Ordinary Share,GBX,GB0005001796,True,announcements_only,live,2007-01,2026-07
SEDOL:140315,BSV,British Smaller Companies VCT,VCT,Ordinary Share,GBX,GB0001403152,True,announcements_only,live,2007-01,2026-07
SEDOL:149000,BUT,Brunner Investment Trust,Global,Ordinary Share,GBX,GB0001490001,False,registry,live,2007-01,2026-07
SEDOL:263193,BVT,Baronsmead Venture Trust,VCT,Ordinary Share,GBX,GB0002631934,True,registry,live,2006-12,2026-07
SEDOL:BFMDJH1,CBA,Ceiba Investments,Property - Rest of World,Ordinary Share,,GG00BFMDJH11,False,announcements_only,live,2019-08,2026-07
SEDOL:BYSRMH1,CCJI,CC Japan Income & Growth Trust,Japan,Ordinary Share,GBX,GB00BYSRMH16,False,registry,live,2015-12,2026-07
SEDOL:5825107,CGI,Canadian General Investments,North America,Ordinary Share,GBX,CA1358251074,False,announcements_only,live,2021-05,2026-07
SEDOL:BMWWJM2,CGL,Castelnau Group,Flexible Investment,Ordinary Share,,GG00BMWWJM28,False,announcements_only,live,2021-10,2026-07
SEDOL:173861,CGT,Capital Gearing Trust,Flexible Investment,Ordinary Share,GBX,GB00BT66KP92,False,registry,live,2007-01,2026-07
SEDOL:B1N4G29,CHI,CT UK High Income Trust,UK Equity Income,Ordinary Share,GBX,GB00B1N4G299,False,registry,live,2007-02,2026-07
SEDOL:B1N4H59,CHIB,CT UK High Income Trust,UK Equity Income,Class A Ordinary,GBX,GB00B1N4H594,False,registry,live,2007-02,2026-07
SEDOL:B62DS15,CIP,Channel Islands Property,Property - UK Commercial,Ordinary Share,,GG00B62DS151,False,announcements_only,delist_candidate,2018-07,2026-07
SEDOL:B631ZQ2,CLC,Calculus VCT,VCT,Ordinary Share,GBP,GB00BYQPF348,True,announcements_only,live,2016-11,2026-07
SEDOL:163992,CLDN,Caledonia Investments,Flexible Investment,Ordinary Share,GBX,GB00BTNQ8K38,False,registry,live,2007-07,2026-07
SEDOL:B2PP252,CMPG,CT Global Managed Portfolio Growth,Flexible Investment,Ordinary Share,GBX,GB00B2PP2527,False,registry,live,2008-05,2026-07
SEDOL:B2PP3J3,CMPI,CT Global Managed Portfolio Income,Flexible Investment,Ordinary Share,GBX,GB00B2PP3J36,False,registry,live,2008-05,2026-07
SEDOL:BMC7TM7,CORD,Cordiant Digital Infrastructure,Infrastructure,Ordinary Share,,GG00BMC7TM77,False,announcements_only,delist_candidate,2021-02,2026-07
SEDOL:BJFLFT4,CREI,Custodian Property Income REIT,Property - UK Commercial,Ordinary Share,GBX,GB00BJFLFT45,False,announcements_only,delist_candidate,2014-03,2026-07
SEDOL:B1Z2SL4,CRS,Crystal Amber Fund,Flexible Investment,Ordinary Share,GBX,GG00B1Z2SL48,False,announcements_only,live,2009-03,2026-07
SEDOL:BSPT654,CRWC,Albion Crown VCT C shares,VCT,C Share,GBX,GB00BSPT6546,True,registry,live,2025-01,2026-07
SEDOL:BZCNLL9,CTHT,CT Healthcare Trust,Biotechnology & Healthcare,Ordinary Share,GBX,GB00BZCNLL95,False,registry,live,2016-12,2026-07
SEDOL:346328,CTUK,CT UK Capital and Income,UK Equity Income,Ordinary Share,GBX,GB0003463287,False,registry,live,2007-01,2026-07
SEDOL:199049,CTY,City of London Investment Trust,UK Equity Income,Ordinary Share,GBX,GB0001990497,False,registry,live,2007-01,2026-07
SEDOL:B9G79F5,CVCE,CVC Income & Growth,Debt - Loans & Bonds,Ordinary Share,GBX,JE00B9G79F59,False,announcements_only,live,2013-06,2026-07
NAME:cqs natural resources growth and income|ordinary share,CYN,CQS Natural Resources Growth & Income,Commodities & Natural Resources,Ordinary Share,GBX,GB0000353929,False,registry,live,2011-03,2026-07
SEDOL:340609,DIG,Dunedin Income Growth,UK Equity Income,Ordinary Share,GBX,GB0003406096,False,registry,live,2007-01,2026-07
SEDOL:B8460Z4,DIGS,GCP Student Living,Property - UK Residential,Ordinary Share,GBX,GB00B8460Z43,False,registry,delist_candidate,2016-03,2021-11
SEDOL:B65TLW2,DIVI,Diverse Income Trust,UK Equity Income,Ordinary Share,GBX,GB00B65TLW28,False,registry,live,2011-04,2026-05
SEDOL:B1GCL25,DNDL,Dunedin Smaller Companies,UK Smaller Companies,Ordinary Share,GBP,GB00B1GCL258,False,registry,delist_candidate,2007-01,2018-09
SEDOL:BF0SCX5,DSM,Downing Strategic Micro-Cap,UK Smaller Companies,Ordinary Share,GBX,GB00BF0SCX52,False,registry,delist_candidate,2017-05,2025-01
SEDOL:BD0ND66,DVNO,Develop North,Property - Debt,Ordinary Share,GBX,GB00BD0ND667,False,registry,live,2017-03,2026-07
SEDOL:305233,EDIN,Edinburgh Investment Trust,UK Equity Income,Ordinary Share,GBX,GB0003052338,False,registry,live,2007-01,2026-07
SEDOL:BD3V464,EGL,Ecofin Global Utilities and Infrastructure,Infrastructure Securities,Ordinary Share,GBX,GB00BD3V4641,False,registry,live,2016-09,2026-07
SEDOL:BK1WV90,EJFZ,EJF Investments,Debt - Structured Finance,Zero Dividend Preference share,GBP,JE00BRZSNL95,False,announcements_only,live,2020-06,2026-07
SEDOL:BNKVP75,ENRG,VH Global Energy Infrastructure,Renewable Energy Infrastructure,Ordinary Share,,GB00BNKVP754,False,announcements_only,live,2021-02,2026-07
NAME:european opportunities|ordinary share,EOT,European Opportunities Trust,Europe,Ordinary Share,GBX,GB0000197722,False,registry,live,2007-01,2026-07
SEDOL:906692,ESCT,The European Smaller Companies Trust,European Smaller Companies,Ordinary Share,GBX,GB00BMCF8689,False,registry,live,2007-01,2026-07
SEDOL:3133691,ET.,Establishment Investment Trust,Flexible Investment,Ordinary Share,GBX,GB0031336919,False,registry,delist_candidate,2007-01,2019-06
SEDOL:291633,EWI,Edinburgh Worldwide,Global Smaller Companies,Ordinary Share,GBX,GB00BHSRZC82,False,registry,live,2007-01,2026-07
SEDOL:BF00L34,FAIR,Fair Oaks Income 2021,Debt - Structured Finance,Ordinary Share,USD,GG00BS874H38,False,announcements_only,live,2017-03,2026-07
SEDOL:332231,FAS,Fidelity Asian Values,Asia Pacific Smaller Companies,Ordinary Share,GBX,GB0003322319,False,registry,live,2007-01,2026-07
SEDOL:BYYJCZ9,FCIF,SME Credit Realisation Fund,Debt - Direct Lending,Ordinary Share,GBX,GG00BKQN9M74,False,registry,delist_candidate,2015-11,2023-02
SEDOL:346607,FCIT,F&C Investment Trust,Global,Ordinary Share,GBX,GB00BS88V647,False,registry,live,2007-01,2026-07
SEDOL:B62Z3C7,FCSS,Fidelity China Special Situations,China / Greater China,Ordinary Share,GBX,GB00B62Z3C74,False,registry,live,2010-04,2026-07
SEDOL:BLSNND1,FEET,Fundsmith Emerging Equities,Global Emerging Markets,Ordinary Share,GBX,GB00BLSNND18,False,registry,delist_candidate,2014-06,2022-10
SEDOL:B4L0PD4,FEML,Fidelity Emerging Markets,Global Emerging Markets,Ordinary Share,GBX,GG00B4L0PD47,False,registry,live,2013-02,2026-07
SEDOL:337582,FEV,Fidelity European Trust,Europe,Ordinary Share,GBX,GB00BK1PKQ95,False,registry,live,2007-01,2026-07
SEDOL:BJL5FH8,FGEN,Foresight Environmental Infrastructure,Renewable Energy Infrastructure,Ordinary Share,GBX,GG00BJL5FH87,False,announcements_only,live,2014-03,2026-07
SEDOL:781606,FGT,Finsbury Growth & Income Trust,UK Equity Income,Ordinary Share,GBX,GB0007816068,False,registry,live,2007-01,2026-07
SEDOL:BD3QJR5,FSFL,Foresight Solar Fund,Renewable Energy Infrastructure,Ordinary Share,GBX,JE00BD3QJR55,False,announcements_only,live,2014-03,2026-07
SEDOL:332510,FSV,Fidelity Special Values,UK All Companies,Ordinary Share,GBX,GB00BWXC7Y93,False,registry,live,2007-01,2026-07
SEDOL:B07YBS9,FTF,Foresight Enterprise VCT,VCT,Ordinary Share,GBX,GB00B07YBS95,True,announcements_only,live,2007-01,2026-07
SEDOL:B1M27S7,FTV,Foresight VCT,VCT,Ordinary Share,GBX,GB00B68K3716,True,announcements_only,live,2007-01,2026-07
SEDOL:B15FW33,GCL,Geiger Counter,Commodities & Natural Resources,Ordinary Share,GBX,GB00B15FW330,False,registry,live,2011-02,2026-07
SEDOL:B6173J1,GCP,GCP Infrastructure Investments,Infrastructure,Ordinary Share,GBX,JE00B6173J15,False,registry,live,2010-09,2026-07
SEDOL:B1Z4070,GIF,Gulf Investment Fund,Global Emerging Markets,Ordinary Share,USD,IM00B1Z40704,False,registry,delist_candidate,2013-04,2024-09
SEDOL:BD8P074,GMP,Gabelli Merchant Partners,Hedge Funds,Ordinary Share,,GB00BD8P0741,False,announcements_only,delist_candidate,2018-06,2026-07
SEDOL:3386257,GOT,Global Opportunities Trust,Flexible Investment,Ordinary Share,GBX,GB0033862573,False,registry,live,2007-01,2026-07
SEDOL:B1G9T99,GPM,Golden Prospect Precious Metals,Commodities & Natural Resources,Ordinary Share,GBX,GG00B1G9T992,False,registry,live,2024-07,2026-07
SEDOL:BF2NR11,GRP,Greencoat Renewables,Renewable Energy Infrastructure,Ordinary Share,EUR,IE00BF2NR112,False,registry,live,2017-07,2026-07
NAME:global smaller companies trust|ordinary share,GSCT,The Global Smaller Companies Trust,Global Smaller Companies,Ordinary Share,GBX,GB00BKLXD974,False,registry,live,2007-01,2026-07
SEDOL:BTLJYS4,GVP,Gabelli Value Plus+,North America,Ordinary Share,GBX,GB00BTLJYS47,False,registry,delist_candidate,2015-04,2020-09
SEDOL:787972,HAN,Hansa Investment Company,Flexible Investment,Class A Ordinary,GBX,BMG428941162,False,registry,live,2007-01,2026-07
SEDOL:2894108,HANA,Hansa Investment Company,Flexible Investment,Ordinary Share,GBX,BMG428941089,False,registry,live,2019-08,2026-07
SEDOL:0121600,HAST,Henderson Alternative Strategies,Flexible Investment,Ordinary Share,GBX,GB0001216000,False,registry,delist_candidate,2013-05,2020-08
SEDOL:B1GXH75,HFEL,Henderson Far East Income,Asia Pacific Equity Income,Ordinary Share,GBX,JE00B1GXH751,False,registry,live,2007-01,2026-07
SEDOL:318402,HGL,Henderson Global,Global,Ordinary Share,GBP,GB0003184024,False,registry,delist_candidate,2007-01,2016-03
SEDOL:958057,HHI,Henderson High Income Trust,UK Equity & Bond Income,Ordinary Share,GBX,GB0009580571,False,registry,live,2007-01,2026-07
SEDOL:B02WHS0,HHV,Hargreave Hale AIM VCT,VCT AIM Quoted,Ordinary Share,GBX,GB00B02WHS05,True,registry,live,2007-01,2026-07
SEDOL:B0T4LH6,HICL,HICL Infrastructure,Infrastructure,Ordinary Share,GBX,GB00BJLP1Y77,False,announcements_only,delist_candidate,2009-10,2026-07
SEDOL:BFMYZ98,HINC,Henderson International Income C shares,Global Equity Income,Ordinary Share,,GB00BF2CLK52,False,registry,delist_candidate,2013-11,2017-07
SEDOL:422864,HRI,Herald Investment Trust,Global Smaller Companies,Ordinary Share,GBX,GB0004228648,False,registry,live,2007-01,2026-07
SEDOL:906506,HSL,Henderson Smaller Companies,UK Smaller Companies,Ordinary Share,GBX,GB0009065060,False,registry,live,2007-01,2026-07
SEDOL:B28XHD6,HVPE,HarbourVest Global Private Equity,Private Equity,Ordinary Share,GBX,GG00BR30MJ80,False,announcements_only,live,2008-08,2026-07
SEDOL:453530,IAD,Invesco Asia Dragon Trust,Asia Pacific Equity Income,Ordinary Share,GBX,GB0004535307,False,registry,live,2007-01,2026-07
SEDOL:455934,IBT,International Biotechnology,Biotechnology & Healthcare,Ordinary Share,GBX,GB0004559349,False,registry,live,2006-12,2026-07
SEDOL:3123249,IEM,Impax Environmental Markets,Environmental,Ordinary Share,GBX,GB0031232498,False,registry,live,2007-01,2026-07
SEDOL:B0P8RJ6,IGC,India Capital Growth Fund,India / Indian Subcontinent,Ordinary Share,GBX,GB00B0P8RJ60,False,announcements_only,live,2008-12,2026-07
SEDOL:B1DQ647,IGET,Invesco Global Equity Income Trust,Global Equity Income,Ordinary Share,GBX,GB00B1DQ6472,False,registry,live,2007-01,2026-07
NAME:independent investment trust|ordinary share,IIT,Independent Investment Trust,UK All Companies,Ordinary Share,GBX,GB0000811686,False,registry,delist_candidate,2007-01,2022-10
SEDOL:0465825,INV,The Investment Company,Flexible Investment,Ordinary Share,GBX,GB00BV4FKD05,False,registry,live,2014-02,2026-07
SEDOL:B05NYM3,IPE,Invesco Enhanced Income,Debt - Loans & Bonds,Ordinary Share,GBX,GB00B05NYM32,False,registry,delist_candidate,2006-11,2021-04
SEDOL:358572,IVI,Invesco Income Growth,UK Equity Income,Ordinary Share,GBX,GB0003585725,False,registry,delist_candidate,2007-01,2021-03
SEDOL:132077,JAGI,JPMorgan Asia Growth & Income,Asia Pacific Equity Income,Ordinary Share,GBX,GB0001320778,False,registry,live,2007-01,2026-07
SEDOL:846505,JAM,JPMorgan American,North America,Ordinary Share,GBX,GB00BKZGVH64,False,registry,live,2007-01,2026-07
SEDOL:BJVKW83,JARA,JPMorgan Global Core Real Assets,Flexible Investment,Ordinary Share,GBX,GG00BWPKR307,False,registry,delist_candidate,2019-10,2026-07
SEDOL:343501,JCGI,JPMorgan China Growth & Income,China / Greater China,Ordinary Share,GBX,GB0003435012,False,registry,live,2007-01,2026-07
SEDOL:342218,JCH,JPMorgan Claverhouse,UK Equity Income,Ordinary Share,GBX,GB0003422184,False,registry,live,2007-01,2026-07
SEDOL:341969,JEDT,JPMorgan European Discovery,European Smaller Companies,Ordinary Share,GBX,GB00BMTS0Z37,False,registry,live,2007-01,2026-07
SEDOL:BDR0575,JEFI,Jupiter Emerging & Frontier Income,Global Emerging Markets,Ordinary Share,GBX,GB00BDR05757,False,registry,delist_candidate,2017-05,2022-05
SEDOL:B18JK16,JEGI,JPMorgan European Growth & Income,Europe,Ordinary Share,GBX,GB00BPR9Y246,False,registry,live,2007-01,2026-07
SEDOL:3216473,JEMA,"JPMorgan Emerging Europe, Middle East & Africa",Global Emerging Markets,Ordinary Share,GBX,GB0032164732,False,registry,live,2006-12,2026-07
SEDOL:B5ZZY91,JEMI,JPMorgan Emerging Markets Dividend Income,Global Emerging Markets,Ordinary Share,GBX,GB00B5ZZY915,False,registry,live,2010-07,2026-07
SEDOL:B17XWW4,JETI,JPMorgan European Income,Europe,Ordinary Share,GBX,GB00B17XWW44,False,registry,delist_candidate,2007-01,2022-01
SEDOL:174002,JFJ,JPMorgan Japanese,Japan,Ordinary Share,GBX,GB0001740025,False,registry,live,2007-01,2026-07
SEDOL:B96SW59,JGCI,JPMorgan Global Convertibles Income,Debt - Loans & Bonds,Ordinary Share,GBX,GG00B96SW597,False,registry,delist_candidate,2013-06,2019-09
SEDOL:914327,JGGI,JPMorgan Global Growth & Income,Global Equity Income,Ordinary Share,GBX,GB00BYMKY695,False,registry,live,2007-01,2026-07
SEDOL:B1G3N11,JIGI,JPMorgan Income & Growth,Split Capital Trust,Inc 2016,,GB00B1G3N114,False,registry,live,2007-01,2016-10
SEDOL:341895,JMGI,JPMorgan Emerging Markets Growth & Income,Global Emerging Markets,Ordinary Share,GBX,GB00BMXWN182,False,registry,live,2007-01,2026-07
SEDOL:B602HS4,JPB,JPMorgan Brazil,Country Specialist: Latin America,Ordinary Share,GBX,GB00B602HS43,False,registry,delist_candidate,2010-04,2020-10
SEDOL:852814,JPE,JPMorgan Elect Managed Growth,Global,Ordinary Share,GBX,GB0008528142,False,registry,delist_candidate,2007-01,2022-11
SEDOL:3408009,JPEC,JPMorgan Elect Managed Cash,Liquidity Funds,Ordinary Share,GBX,GB0034080092,False,registry,delist_candidate,2007-01,2022-11
SEDOL:3408021,JPEI,JPMorgan Elect Managed Income,UK Equity Income,Ordinary Share,GBX,GB0034080217,False,registry,delist_candidate,2007-01,2022-11
SEDOL:B07V0H2,JPEL,JPEL Private Equity,Private Equity,Ordinary Share,GBX,GG00BVPBWF31,False,announcements_only,delist_candidate,2011-04,2026-07
SEDOL:BGCZJW9,JPSL,JPMorgan Senior Secured Loan,Sector Specialist: Debt,Ordinary Share,,GG00BGCZJW90,False,registry,delist_candidate,2013-12,2016-05
SEDOL:741600,JUGI,JPMorgan UK Small Cap Growth & Income,UK Smaller Companies,Ordinary Share,GBX,GB00BF7L8P11,False,registry,live,2007-01,2026-07
SEDOL:703376,JUKG,Jupiter UK Growth,UK All Companies,Ordinary Share,GBX,GB00BFD3V961,False,registry,delist_candidate,2007-01,2021-02
SEDOL:341710,JUSC,JPMorgan US Smaller Companies,North American Smaller Companies,Ordinary Share,GBX,GB00BJL5F346,False,registry,live,2006-12,2026-07
SEDOL:531005,LSLI,London & St Lawrence,Global Equity Income,Ordinary Share,GBP,GB0005310056,False,registry,delist_candidate,2007-01,2017-03
SEDOL:3197794,LTI,Lindsell Train Investment Trust,Global,Ordinary Share,GBP,GB00BNKDVV71,False,registry,live,2014-09,2026-07
SEDOL:3142921,LWDB,Law Debenture Corporation,UK Equity Income,Ordinary Share,GBX,GB0031429219,False,registry,live,2007-01,2026-07
SEDOL:536806,LWI,Lowland Investment Company,UK Equity Income,Ordinary Share,GBX,GB00BNXGHS27,False,registry,live,2007-01,2026-07
SEDOL:0555522,MAJE,Majedie Investments,Flexible Investment,Ordinary Share,GBX,GB0005555221,False,registry,live,2014-01,2026-07
SEDOL:B043QW8,MAV4,Maven Income and Growth VCT 4,VCT,Ordinary Share,GBX,GB00B043QW84,True,announcements_only,live,2007-01,2026-07
SEDOL:569512,MCP,Martin Currie Asia Unconstrained,Asia Pacific Income,Ordinary Share,GBX,GB0005695126,False,registry,delist_candidate,2007-01,2019-08
SEDOL:412285,MIG1,Maven Income and Growth VCT,VCT,Ordinary Share,GBX,GB0004122858,True,announcements_only,live,2007-01,2026-07
SEDOL:3115376,MIG3,Maven Income and Growth VCT 3,VCT,Ordinary Share,GBX,GB0031153769,True,announcements_only,live,2007-01,2026-07
SEDOL:205753,MIG5,Maven Income and Growth VCT 5,VCT,Ordinary Share,GBX,GB0002057536,True,registry,live,2007-01,2026-07
SEDOL:3436594,MIGO,MIGO Opportunities Trust,Flexible Investment,Ordinary Share,GBX,GB0034365949,False,registry,live,2007-01,2026-07
SEDOL:BWFGQ20,MINC,Miton UK Microcap C shares,UK Smaller Companies,Ordinary Share,,GB00BWFGQ200,False,registry,delist_candidate,2016-02,2016-06
SEDOL:BFZ7R98,MMIT,Mobius Investment Trust,Global Emerging Markets,Ordinary Share,GBX,GB00BFZ7R980,False,registry,live,2018-10,2026-07
SEDOL:3051726,MNKS,Monks Investment Trust,Global,Ordinary Share,GBX,GB0030517261,False,registry,live,2007-01,2026-07
SEDOL:BJ0CDD2,MNTN,Schiehallion Fund,Growth Capital,Ordinary Share,USD,GG00BJ0CDD21,False,registry,live,2019-03,2026-07
SEDOL:579403,MRC,Mercantile Investment Trust,UK All Companies,Ordinary Share,GBX,GB00BF4JDH58,False,registry,live,2007-01,2026-07
SEDOL:580007,MRCH,Merchants Trust,UK Equity Income,Ordinary Share,GBX,GB0005800072,False,registry,live,2007-01,2026-07
SEDOL:B01JDF1,MRV,Maven Renovar VCT,VCT AIM Quoted,Ordinary Share,GBX,GB00B641BB82,True,registry,live,2007-01,2026-07
SEDOL:454351,MTE,Montanaro European Smaller Companies,European Smaller Companies,Ordinary Share,GBX,GB00BM8H3X05,False,registry,live,2007-01,2026-07
SEDOL:596286,MTH,Mithras,Private Equity,Ordinary Share,,GB0005962864,False,registry,delist_candidate,2006-12,2018-08
SEDOL:600756,MTU,Montanaro UK Smaller Companies,UK Smaller Companies,Ordinary Share,GBX,GB00BZ1H9L86,False,registry,live,2007-01,2026-07
SEDOL:611112,MUT,Murray Income Trust,UK Equity Income,Ordinary Share,GBX,GB0006111123,False,registry,live,2007-01,2026-07
SEDOL:B1DSZV3,MVI,Marwyn Value Investors,UK Smaller Companies,Ordinary Share,GBX,KYG5897M1740,False,announcements_only,live,2008-05,2026-07
SEDOL:589383,MWY,Mid Wynd International,Global,Ordinary Share,GBX,GB00B6VTTK07,False,registry,live,2007-01,2026-07
SEDOL:611190,MYI,Murray International Trust,Global Equity Income,Ordinary Share,GBX,GB00BQZCCB79,False,registry,live,2007-01,2026-07
NAME:north american income|ordinary share,NAIT,North American Income Trust,North America,Ordinary Share,GBX,GB00BJ00Z303,False,registry,live,2007-01,2026-07
SEDOL:643900,NAS,North Atlantic Smaller Companies,North American Smaller Companies,Ordinary Share,,GB0006439003,False,registry,live,2007-01,2015-11
SEDOL:BKLGLS1,NAVF,Nippon Active Value Fund,Japanese Smaller Companies,Ordinary Share,GBX,GB00BKLGLS10,False,registry,live,2020-05,2026-07
SEDOL:B1ZBD49,NBPE,Neuberger Private Equity Partners,Private Equity,Class A Ordinary,GBX,GG00B1ZBD492,False,announcements_only,live,2014-07,2026-07
SEDOL:B2PKXF4,NCE,New City Energy,Sector Specialist: Commodities & Natural Resources,Ordinary Share,,JE00B2B0SY27,False,registry,delist_candidate,2012-02,2017-02
SEDOL:506241,NCYF,CQS New City High Yield Fund,Debt - Loans & Bonds,Ordinary Share,GBX,JE00B1LZS514,False,registry,live,2007-01,2026-07
SEDOL:3115202,NTN,Northern 3 VCT,VCT,Ordinary Share,GBX,GB0031152027,True,announcements_only,live,2007-01,2026-07
SEDOL:535643,NTV,Northern 2 VCT,VCT,Ordinary Share,GBX,GB0005356430,True,announcements_only,live,2007-01,2026-07
SEDOL:645070,NVT,Northern Venture Trust,VCT,Ordinary Share,GBX,GB0006450703,True,announcements_only,live,2007-01,2026-07
SEDOL:7013105,OCI,Oakley Capital Investments,Private Equity,Ordinary Share,GBX,BMG670131058,False,registry,delist_candidate,2017-07,2026-07
SEDOL:BFFK7H5,OIT,Odyssean Investment Trust,UK Smaller Companies,Ordinary Share,GBX,GB00BFFK7H57,False,registry,live,2018-05,2026-07
SEDOL:BMZR151,ONWD,Onward Opportunities,UK Smaller Companies,Ordinary Share,,GG00BMZR1514,False,announcements_only,live,2023-04,2026-07
SEDOL:3420207,OOA,Octopus AIM VCT,VCT AIM Quoted,Ordinary Share,GBX,GB0034202076,True,registry,live,2007-01,2026-07
SEDOL:BJM0293,ORIT,Octopus Renewables Infrastructure Trust,Renewable Energy Infrastructure,Ordinary Share,GBX,GB00BJM02935,False,announcements_only,live,2019-12,2026-07
SEDOL:B0JQZZ8,OSEC,Octopus AIM VCT 2,VCT AIM Quoted,Ordinary Share,GBX,GB00B0JQZZ80,True,registry,live,2007-01,2026-07
SEDOL:0664020,OT1,Oxford Technology 2 VCT - OT1 shares,VCT,Ordinary Share,GBX,GB00BN73FM99,True,announcements_only,live,2014-08,2026-07
SEDOL:3142039,OT3,Oxford Technology 2 VCT - OT3 shares,VCT,Ordinary Share,GBX,GB00BN73FN07,True,announcements_only,live,2023-01,2026-07
SEDOL:B01H4V8,OT4,Oxford Technology 2 VCT - OT4 shares,VCT,Ordinary Share,GBX,GB00BN73FP21,True,announcements_only,live,2023-01,2026-07
SEDOL:667438,PAC,Pacific Assets Trust,Asia Pacific,Ordinary Share,GBX,GB0006674385,False,registry,live,2007-01,2026-07
SEDOL:BRC8992,PAIM,Puma AIM VCT,VCT AIM Quoted,Ordinary Share,,GB00BRC89928,True,announcements_only,live,2025-04,2026-07
SEDOL:B9XQT11,PCFT,Polar Capital Global Financials,Financials & Financial Innovation,Ordinary Share,GBX,GB00B9XQT119,False,registry,live,2013-07,2026-07
SEDOL:B6832P1,PCGH,Polar Capital Global Healthcare,Biotechnology & Healthcare,Ordinary Share,GBX,GB00B6832P16,False,registry,live,2010-06,2026-07
SEDOL:422002,PCT,Polar Capital Technology,Technology & Technology Innovation,Ordinary Share,GBX,GB00BR3YV268,False,registry,live,2006-06,2026-07
SEDOL:BQVC9S7,PEMB,Pembroke VCT B shares,VCT,Ordinary Share,GBP,GB00BQVC9S79,True,announcements_only,live,2018-10,2026-07
SEDOL:B28C2R2,PEY,Partners Group Private Equity,Private Equity,Ordinary Share,GBX,GG00B28C2R28,False,announcements_only,delist_candidate,2008-02,2026-07
SEDOL:3051801,PGOO,ProVen Growth and Income VCT,VCT,Ordinary Share,GBX,GB00B5B7YS03,True,registry,delist_candidate,2007-01,2026-07
SEDOL:BL690L8,PGV,PXN Growth VCT,VCT,Ordinary Share,,GB00BL690L89,True,announcements_only,live,2026-02,2026-07
SEDOL:666747,PHI,Pacific Horizon Investment Trust,Asia Pacific,Ordinary Share,GBX,GB0006667470,False,registry,live,2007-01,2026-07
SEDOL:BLNNFL8,PINT,Pantheon Infrastructure,Infrastructure,Ordinary Share,,GB00BLNNFL88,False,announcements_only,live,2021-11,2026-07
SEDOL:679842,PLI,Perpetual Income & Growth,UK Equity Income,Ordinary Share,GBX,GB0006798424,False,registry,delist_candidate,2007-01,2020-10
SEDOL:682754,PNL,Personal Assets Trust,Flexible Investment,Ordinary Share,GBX,GB00BM8B5H06,False,registry,live,2007-01,2026-07
SEDOL:3047468,PPET,Patria Private Equity,Private Equity,Ordinary Share,GBX,GB0030474687,False,registry,live,2006-09,2026-07
SEDOL:B248KJ2,PSDL,Phoenix Spree Deutschland,Property - Europe,Ordinary Share,GBX,JE00BT7JKP71,False,announcements_only,delist_candidate,2015-12,2026-07
SEDOL:BPFJTF4,PSH,Pershing Square Holdings,North America,Ordinary Share,GBX,GG00BPFJTF46,False,announcements_only,live,2015-03,2026-07
SEDOL:BJHPS39,RCOI,Riverstone Credit Opportunities Income,Debt - Direct Lending,Ordinary Share,USD,GB00BRBWLX34,False,registry,delist_candidate,2019-05,2026-07
SEDOL:736639,RCP,RIT Capital Partners,Flexible Investment,Ordinary Share,GBX,GB0007366395,False,registry,live,2006-08,2026-07
SEDOL:BD20L05,RDL,RDL Realisation,Debt - Direct Lending,RDL Realisation 2021,,GB00BD20L056,False,announcements_only,delist_candidate,2016-08,2019-05
SEDOL:BYZKH01,RDLC,Ranger Direct Lending C shares,Sector Specialist: Debt,Ordinary Share,,GB00BYZKH015,False,registry,delist_candidate,2016-12,2017-02
SEDOL:BYV2ZQ3,RGL,Regional REIT,Property - UK Commercial,Ordinary Share,GBP,GG00BSY2LD72,False,announcements_only,live,2016-04,2026-07
SEDOL:B018CS4,RICA,Ruffer Investment Company,Flexible Investment,Ordinary Share,GBX,GB00B018CS46,False,announcements_only,live,2015-12,2026-07
NAME:rights and issues|preference,RIII,Rights & Issues,Split Capital Trust,Pref 2016,,GB0007392417,False,announcements_only,live,2007-01,2014-01
SEDOL:BYRH498,RKW,Rockwood Strategic,UK Smaller Companies,Ordinary Share,GBX,GB00BRRD5L66,False,registry,live,2015-12,2026-07
SEDOL:BRGCGK0,RMMC,River UK Micro Cap,UK Smaller Companies,Ordinary Share,GBP,GG00BNDMJP11,False,announcements_only,live,2014-11,2026-07
SEDOL:BKTRRM2,RTW,RTW Biotech Opportunities,Biotechnology & Healthcare,Ordinary Share,,GG00BKTRRM22,False,announcements_only,delist_candidate,2019-11,2026-07
SEDOL:787369,SAIN,Scottish American,Global Equity Income,Ordinary Share,GBX,GB0007873697,False,registry,live,2007-01,2026-07
SEDOL:BN7JZR2,SBO,Schroder British Opportunities,Growth Capital,Ordinary Share,GBX,GB00BN7JZR28,False,registry,live,2020-12,2026-07
SEDOL:BF78131,SBSI,Schroder BSC Social Impact,Flexible Investment,Ordinary Share,#N/A,GB00BF781319,False,announcements_only,live,2021-03,2026-07
SEDOL:791586,SCF,Schroder Income Growth Fund,UK Equity Income,Ordinary Share,GBX,GB0007915860,False,registry,live,2007-01,2026-07
SEDOL:782609,SCIN,Scottish Investment Trust,Global,Ordinary Share,GBX,GB0007826091,False,registry,delist_candidate,2006-09,2022-07
SEDOL:610841,SCP,Schroder UK Mid Cap Fund,UK All Companies,Ordinary Share,GBX,GB0006108418,False,registry,live,2007-01,2026-07
SEDOL:791887,SDP,Schroder AsiaPacific Fund,Asia Pacific,Ordinary Share,GBX,GB0007918872,False,registry,live,2007-01,2026-07
SEDOL:661582,SDV,Chelverton UK Dividend Trust,UK Equity Income,Ordinary Share,GBX,GB0006615826,False,registry,live,2007-01,2026-07
SEDOL:B0BDCB2,SEC,Strategic Equity Capital,UK Smaller Companies,Ordinary Share,GBX,GB00B0BDCB21,False,registry,live,2007-01,2026-07
SEDOL:BGHVZM4,SEIT,SDCL Efficiency Income,Renewable Energy Infrastructure,Ordinary Share,,GB00BGHVZM47,False,announcements_only,delist_candidate,2018-12,2026-07
SEDOL:BYT2554,SGEM,ScotGems,Global Emerging Markets,Ordinary Share,GBX,GB00BYT25542,False,registry,delist_candidate,2017-06,2022-08
SEDOL:BDFC164,SHIP,Tufton Assets,Leasing,Ordinary Share,,GG00BSFVPB94,False,announcements_only,delist_candidate,2018-03,2026-07
SEDOL:BMPHJ80,SIT,Sanditon Investment,UK All Companies,Ordinary Share,GBX,GB00BMPHJ807,False,registry,delist_candidate,2014-06,2019-11
SEDOL:802284,SJG,Schroder Japan Trust,Japan,Ordinary Share,GBX,GB0008022849,False,registry,live,2007-01,2026-07
SEDOL:BJVDZ94,SMIF,TwentyFour Select Monthly Income,Debt - Loans & Bonds,Ordinary Share,GBX,GG00BJVDZ946,False,announcements_only,live,2014-03,2026-07
SEDOL:783884,SMT,Scottish Mortgage Investment Trust,Global,Ordinary Share,GBX,GB00BLDYK618,False,registry,live,2006-10,2026-07
SEDOL:B0CRWN5,SOI,Schroder Oriental Income,Asia Pacific Equity Income,Ordinary Share,GBX,GB00B0CRWN59,False,registry,live,2007-12,2026-07
SEDOL:BW6HS59,SSIC,Seraphim Space Investment Trust C shares,Growth Capital,C Share,,GB00BW6HS596,False,announcements_only,delist_candidate,2026-06,2026-07
SEDOL:BKPG013,SSIT,Seraphim Space Investment Trust,Growth Capital,Ordinary Share,#N/A,GB00BKPG0138,False,announcements_only,delist_candidate,2021-08,2026-07
SEDOL:783613,SST,Scottish Oriental Smaller Companies,Asia Pacific Smaller Companies,Ordinary Share,GBX,GB00BRBL6574,False,registry,live,2007-01,2026-07
SEDOL:B09G3N2,STS,STS Global Income & Growth Trust,Global Equity Income,Ordinary Share,GBX,GB00B09G3N23,False,registry,live,2007-01,2026-07
SEDOL:636911,TCT,Cayenne Trust,Global,Ordinary Share,GBP,GB0006369119,False,registry,delist_candidate,2007-01,2015-09
SEDOL:882929,TEM,Templeton Emerging Markets,Global Emerging Markets,Ordinary Share,GBX,GB00BKPG0S09,False,registry,live,2007-01,2026-07
SEDOL:B1RMC54,TFG,Tetragon Financial Group,Flexible Investment,Ordinary Share,USD,GG00B1RMC548,False,announcements_only,delist_candidate,2016-09,2026-07
SEDOL:B90J5Z9,TFIF,TwentyFour Income Fund,Debt - Structured Finance,Ordinary Share,GBX,GG00B90J5Z95,False,announcements_only,live,2013-02,2026-07
SEDOL:B95CGW7,THRL,Target Healthcare REIT,Property - UK Healthcare,Ordinary Share,GBX,GB00BJGTLF51,False,announcements_only,live,2013-10,2026-07
SEDOL:882532,TMPL,Temple Bar Investment Trust,UK Equity Income,Ordinary Share,GBX,GB00BMV92D64,False,registry,live,2007-01,2026-07
SEDOL:BWBSDM9,TORO,Chenavari Toro Income Fund,Debt - Structured Finance,Ordinary Share,GBP,GG00BWBSDM98,False,announcements_only,delist_candidate,2017-08,2026-07
SEDOL:BDTYGZ0,TPV,Triple Point Venture VCT Venture shares,VCT,Ordinary Share,,GB00BDTYGZ09,True,announcements_only,delist_candidate,2019-09,2026-07
SEDOL:BBHX2H9,TRIG,Renewables Infrastructure Group,Renewable Energy Infrastructure,Ordinary Share,GBX,GG00BBHX2H91,False,announcements_only,live,2013-09,2026-07
SEDOL:906409,TRY,TR Property Investment Trust,Property Securities,Ordinary Share,GBX,GB0009064097,False,registry,live,2007-01,2026-07
NAME:unicorn aim vct following conversion of unicorn aim vct ords and series 2 and merger with unicorn aim vct ii|ordinary share,UAV,Unicorn AIM VCT,VCT AIM Quoted,Ordinary Share,GBX,GB00B1RTFN43,True,registry,live,2007-05,2026-07
SEDOL:B0DQY35,UEM,Utilico Emerging Markets Trust,Global Emerging Markets,Ordinary Share,GBX,GB00BD45S967,False,registry,live,2007-01,2026-07
SEDOL:B0HW611,UKRO,Ukraine Opportunity,Country Specialists: Europe,Ordinary Share,,GB00B0HW6117,False,registry,delist_candidate,2006-12,2015-10
SEDOL:461823,UKT,Threadneedle UK Select Trust,UK All Companies,Ordinary Share,GBP,GB0004618236,False,registry,delist_candidate,2007-01,2017-05
SEDOL:BDFGHW4,USA,Baillie Gifford US Growth,North America,Ordinary Share,GBX,GB00BDFGHW41,False,registry,live,2018-03,2026-07
SEDOL:BJCWFX4,USF,US Solar Fund,Renewable Energy Infrastructure,Ordinary Share,,GB00BJCWFX49,False,announcements_only,delist_candidate,2019-04,2026-07
SEDOL:B00KTN5,UTL,UIL,Flexible Investment,Ordinary Share,GBX,BMG917071026,False,registry,live,2007-01,2026-07
SEDOL:1610140,UTLH,UIL,Flexible Investment,UIL ZDP 2026,GBX,BMG916101402,False,registry,live,2018-04,2026-07
SEDOL:1610157,UTLI,UIL,Flexible Investment,UIL ZDP 2028,GBX,BMG916101576,False,registry,live,2021-04,2026-07
SEDOL:BFXW773,VEIL,Ventus VCT D shares,VCT Specialist: Environmental,Ordinary Share,GBX,GB00BFXW7734,True,announcements_only,live,2014-04,2021-09
SEDOL:BJQZ9H1,VNH,VietNam Holding,Country Specialist,Ordinary Share,,GG00BJQZ9H10,False,announcements_only,live,2019-02,2026-07
SEDOL:3351642,VOF,VinaCapital Vietnam Opportunity,Country Specialist,Ordinary Share,GBX,GG00BYXVT888,False,announcements_only,live,2007-01,2026-07
SEDOL:BVG6X43,VSL,VPC Specialty Lending Investments,Debt - Direct Lending,Ordinary Share,GBP,GB00BVG6X439,False,announcements_only,live,2015-06,2026-07
SEDOL:B1GHHH7,VTA,Volta Finance,Debt - Structured Finance,Ordinary Share,EUR,GG00B1GHHH78,False,registry,delist_candidate,2015-07,2026-07
SEDOL:B06T260,WINV,Worsley Investors,UK Smaller Companies,Ordinary Share,GBX,GG00BHXH0C87,False,announcements_only,live,2008-06,2026-07
SEDOL:981536,WTR,Lazard World Trust Fund,Global,Ordinary Share,GBP,LU0483266259,False,registry,delist_candidate,2006-01,2018-10
SEDOL:338530,WWH,Worldwide Healthcare Trust,Biotechnology & Healthcare,Ordinary Share,GBX,GB00BN455J50,False,registry,live,2007-01,2026-07
