Fund,Country,Percent,Date,SEDOL
Aberdeen All Asia,India,10,31/01/2007,392075
Aberdeen All Asia,UK,3,31/01/2007,392075
Aberdeen All Asia,Australia,4,31/01/2007,392075
Aberdeen All Asia,China,5,31/01/2007,392075
Aberdeen All Asia,Hong Kong,12,31/01/2007,392075
Aberdeen All Asia,Japan,25,31/01/2007,392075
Aberdeen All Asia,Malaysia,4,31/01/2007,392075
Aberdeen All Asia,Philippines,2,31/01/2007,392075
Aberdeen All Asia,Singapore,14,31/01/2007,392075
Aberdeen All Asia,South Korea,11,31/01/2007,392075
Aberdeen All Asia,Taiwan,6,31/01/2007,392075
Aberdeen All Asia,Thailand,3,31/01/2007,392075
Aberdeen All Asia,Cash & Fixed Interest,1,31/01/2007,392075
Aberdeen Asian Income,New Zealand,3,31/01/2007,B0P6J83
Aberdeen Asian Income,Australia,16,31/01/2007,B0P6J83
Aberdeen Asian Income,China,3,31/01/2007,B0P6J83
Aberdeen Asian Income,Hong Kong,9,31/01/2007,B0P6J83
Aberdeen Asian Income,Indonesia,3,31/01/2007,B0P6J83
Aberdeen Asian Income,Malaysia,18,31/01/2007,B0P6J83
Aberdeen Asian Income,Philippines,2,31/01/2007,B0P6J83
Aberdeen Asian Income,Singapore,19,31/01/2007,B0P6J83
Aberdeen Asian Income,Taiwan,11,31/01/2007,B0P6J83
Aberdeen Asian Income,Thailand,11,31/01/2007,B0P6J83
Aberdeen Asian Income,Cash & Fixed Interest,5,31/01/2007,B0P6J83
Aberdeen Asian Smaller Companies,India,11,31/01/2007,10076
Aberdeen Asian Smaller Companies,Pakistan,1,31/01/2007,10076
Aberdeen Asian Smaller Companies,Sri Lanka,6,31/01/2007,10076
Aberdeen Asian Smaller Companies,UK,3,31/01/2007,10076
Aberdeen Asian Smaller Companies,Hong Kong,16,31/01/2007,10076
Aberdeen Asian Smaller Companies,Indonesia,6,31/01/2007,10076
Aberdeen Asian Smaller Companies,Malaysia,13,31/01/2007,10076
Aberdeen Asian Smaller Companies,Philippines,5,31/01/2007,10076
Aberdeen Asian Smaller Companies,Singapore,19,31/01/2007,10076
Aberdeen Asian Smaller Companies,South Korea,8,31/01/2007,10076
Aberdeen Asian Smaller Companies,Thailand,10,31/01/2007,10076
Aberdeen Asian Smaller Companies,Cash & Fixed Interest,2,31/01/2007,10076
Aberdeen Development Capital,UK,82,31/01/2007,735250
Aberdeen Development Capital,Cash & Fixed Interest,18,31/01/2007,735250
Aberdeen Development Capital ZDP Unit,Not reported,,,
Aberdeen Growth Opportunities VCT,Not reported,,,
Aberdeen Growth Opportunities VCT 2,Not reported,,,
Aberdeen Growth Opportunities VCT C shares,Not reported,,,
Aberdeen Growth VCT I,Not reported,,,
Aberdeen New Dawn,India,13,31/01/2007,5685
Aberdeen New Dawn,Sri Lanka,2,31/01/2007,5685
Aberdeen New Dawn,UK,7,31/01/2007,5685
Aberdeen New Dawn,Australia,6,31/01/2007,5685
Aberdeen New Dawn,China,7,31/01/2007,5685
Aberdeen New Dawn,Hong Kong,16,31/01/2007,5685
Aberdeen New Dawn,Indonesia,2,31/01/2007,5685
Aberdeen New Dawn,Malaysia,4,31/01/2007,5685
Aberdeen New Dawn,Philippines,3,31/01/2007,5685
Aberdeen New Dawn,Singapore,17,31/01/2007,5685
Aberdeen New Dawn,South Korea,13,31/01/2007,5685
Aberdeen New Dawn,Taiwan,6,31/01/2007,5685
Aberdeen New Dawn,Thailand,5,31/01/2007,5685
Aberdeen New Dawn,Cash & Fixed Interest,-1,31/01/2007,5685
Aberdeen New Thai,Thailand,103,31/01/2007,5997
Aberdeen New Thai,Cash & Fixed Interest,-3,31/01/2007,5997
Aberforth Geared Capital & Income,UK,102,31/01/2007,3110014
Aberforth Geared Capital & Income,Cash & Fixed Interest,-2,31/01/2007,3110014
Aberforth Smaller Companies,UK,99,31/01/2007,6655
Aberforth Smaller Companies,Cash & Fixed Interest,1,31/01/2007,6655
Absolute Return Trust,Not reported,,,
AcenciA Debt Strategies,Not reported,,,
Active Capital,UK,97,31/01/2007,3038332
Active Capital,Cash & Fixed Interest,3,31/01/2007,3038332
Advance Developing Markets,South Africa,5,31/01/2007,167499
Advance Developing Markets,India,6,31/01/2007,167499
Advance Developing Markets,European Emerging,7,31/01/2007,167499
Advance Developing Markets,Hungary,1,31/01/2007,167499
Advance Developing Markets,Poland,1,31/01/2007,167499
Advance Developing Markets,Russia,15,31/01/2007,167499
Advance Developing Markets,Turkey,3,31/01/2007,167499
Advance Developing Markets,China,7,31/01/2007,167499
Advance Developing Markets,Far East & Pacific Region,5,31/01/2007,167499
Advance Developing Markets,Hong Kong,2,31/01/2007,167499
Advance Developing Markets,Malaysia,2,31/01/2007,167499
Advance Developing Markets,Philippines,2,31/01/2007,167499
Advance Developing Markets,Singapore,1,31/01/2007,167499
Advance Developing Markets,South Korea,11,31/01/2007,167499
Advance Developing Markets,Taiwan,7,31/01/2007,167499
Advance Developing Markets,Thailand,1,31/01/2007,167499
Advance Developing Markets,Argentina,1,31/01/2007,167499
Advance Developing Markets,Brazil,12,31/01/2007,167499
Advance Developing Markets,Chile,1,31/01/2007,167499
Advance Developing Markets,Latin America Region,1,31/01/2007,167499
Advance Developing Markets,Mexico,4,31/01/2007,167499
Advance Developing Markets,Cash & Fixed Interest,5,31/01/2007,167499
Advance UK,Not reported,,,
AIM Distribution Trust VCT,Not reported,,,
AIM VCT,UK,94,31/01/2007,448451
AIM VCT,Cash & Fixed Interest,6,31/01/2007,448451
AIM VCT 2,UK,97,31/01/2007,205753
AIM VCT 2,Cash & Fixed Interest,3,31/01/2007,205753
AIM VCT 2 C shares,UK,47,31/01/2007,B0PKQN9
AIM VCT 2 C shares,Cash & Fixed Interest,53,31/01/2007,B0PKQN9
Albany,Italy,2,31/01/2007,12102
Albany,Switzerland,2,31/01/2007,12102
Albany,UK,93,31/01/2007,12102
Albany,Australia,2,31/01/2007,12102
Albany,Cash & Fixed Interest,1,31/01/2007,12102
Alliance Trust,France,3,31/01/2007,B11V7W9
Alliance Trust,Germany,3,31/01/2007,B11V7W9
Alliance Trust,Italy,1,31/01/2007,B11V7W9
Alliance Trust,Netherlands,2,31/01/2007,B11V7W9
Alliance Trust,Spain,1,31/01/2007,B11V7W9
Alliance Trust,Sweden,1,31/01/2007,B11V7W9
Alliance Trust,Switzerland,3,31/01/2007,B11V7W9
Alliance Trust,UK,55,31/01/2007,B11V7W9
Alliance Trust,Australia,1,31/01/2007,B11V7W9
Alliance Trust,Hong Kong,2,31/01/2007,B11V7W9
Alliance Trust,Japan,7,31/01/2007,B11V7W9
Alliance Trust,Singapore,1,31/01/2007,B11V7W9
Alliance Trust,Taiwan,1,31/01/2007,B11V7W9
Alliance Trust,Canada,1,31/01/2007,B11V7W9
Alliance Trust,USA,11,31/01/2007,B11V7W9
Alliance Trust,Cash & Fixed Interest,7,31/01/2007,B11V7W9
Allianz Dresdner Endowment Policy 2010,Not reported,,,
Allianz Dresdner Second Endowment 2009,Not reported,,,
Alternative Investment Strategies,Not reported,,,
Anglo & Overseas,Turkey,1,31/01/2007,B0BZVZ5
Anglo & Overseas,Belgium,2,31/01/2007,B0BZVZ5
Anglo & Overseas,France,4,31/01/2007,B0BZVZ5
Anglo & Overseas,Germany,7,31/01/2007,B0BZVZ5
Anglo & Overseas,Ireland,1,31/01/2007,B0BZVZ5
Anglo & Overseas,Italy,1,31/01/2007,B0BZVZ5
Anglo & Overseas,Netherlands,5,31/01/2007,B0BZVZ5
Anglo & Overseas,Portugal,1,31/01/2007,B0BZVZ5
Anglo & Overseas,Spain,1,31/01/2007,B0BZVZ5
Anglo & Overseas,Switzerland,4,31/01/2007,B0BZVZ5
Anglo & Overseas,UK,52,31/01/2007,B0BZVZ5
Anglo & Overseas,Japan,5,31/01/2007,B0BZVZ5
Anglo & Overseas,Philippines,1,31/01/2007,B0BZVZ5
Anglo & Overseas,USA,12,31/01/2007,B0BZVZ5
Anglo & Overseas,Cash & Fixed Interest,3,31/01/2007,B0BZVZ5
Artemis AIM VCT,UK,97,31/01/2007,3016703
Artemis AIM VCT,Canada,1,31/01/2007,3016703
Artemis AIM VCT,Cash & Fixed Interest,2,31/01/2007,3016703
Artemis AIM VCT 2,UK,86,31/01/2007,B02WQ94
Artemis AIM VCT 2,Cash & Fixed Interest,14,31/01/2007,B02WQ94
Artemis Alpha,Denmark,2,31/01/2007,435594
Artemis Alpha,Ireland,1,31/01/2007,435594
Artemis Alpha,Norway,4,31/01/2007,435594
Artemis Alpha,UK,77,31/01/2007,435594
Artemis Alpha,Australia,3,31/01/2007,435594
Artemis Alpha,Bermuda,2,31/01/2007,435594
Artemis Alpha,Canada,7,31/01/2007,435594
Artemis Alpha,USA,6,31/01/2007,435594
Artemis Alpha,Cash & Fixed Interest,-2,31/01/2007,435594
Asset Management,Luxembourg,25,31/01/2007,58065
Asset Management,UK,33,31/01/2007,58065
Asset Management,USA,35,31/01/2007,58065
Asset Management,Cash & Fixed Interest,7,31/01/2007,58065
Atlantis Japan Growth,Not reported,,,
August Equity,Not reported,,,
Aurora,Ireland,11,31/01/2007,63326
Aurora,UK,83,31/01/2007,63326
Aurora,Cash & Fixed Interest,6,31/01/2007,63326
Baillie Gifford Japan,Japan,96,31/01/2007,48583
Baillie Gifford Japan,Cash & Fixed Interest,4,31/01/2007,48583
Baillie Gifford Shin Nippon,Japan,99,31/01/2007,70627
Baillie Gifford Shin Nippon,Cash & Fixed Interest,1,31/01/2007,70627
Bankers,South Africa,2,31/01/2007,76700
Bankers,France,5,31/01/2007,76700
Bankers,Germany,3,31/01/2007,76700
Bankers,Ireland,2,31/01/2007,76700
Bankers,Italy,1,31/01/2007,76700
Bankers,Netherlands,1,31/01/2007,76700
Bankers,Spain,1,31/01/2007,76700
Bankers,Switzerland,4,31/01/2007,76700
Bankers,UK,54,31/01/2007,76700
Bankers,Australia,1,31/01/2007,76700
Bankers,Hong Kong,2,31/01/2007,76700
Bankers,Japan,8,31/01/2007,76700
Bankers,Singapore,1,31/01/2007,76700
Bankers,South Korea,1,31/01/2007,76700
Bankers,Taiwan,1,31/01/2007,76700
Bankers,Brazil,1,31/01/2007,76700
Bankers,Canada,1,31/01/2007,76700
Bankers,USA,11,31/01/2007,76700
Bankers,Cash & Fixed Interest,0,31/01/2007,76700
Baring Emerging Europe,Czech Republic,6,31/01/2007,3227334
Baring Emerging Europe,Hungary,12,31/01/2007,3227334
Baring Emerging Europe,Kazakhstan,2,31/01/2007,3227334
Baring Emerging Europe,Poland,12,31/01/2007,3227334
Baring Emerging Europe,Russia,57,31/01/2007,3227334
Baring Emerging Europe,Turkey,7,31/01/2007,3227334
Baring Emerging Europe,Austria,1,31/01/2007,3227334
Baring Emerging Europe,Cash & Fixed Interest,3,31/01/2007,3227334
Baronsmead AIM VCT,UK,32,31/01/2007,B0YZHK9
Baronsmead AIM VCT,Cash & Fixed Interest,68,31/01/2007,B0YZHK9
Baronsmead VCT,Not reported,,,
Baronsmead VCT 2,Not reported,,,
Baronsmead VCT 3,Not reported,,,
Baronsmead VCT 3 C shares,Not reported,,,
Baronsmead VCT 4,Not reported,,,
Baronsmead VCT 4 C shares,Not reported,,,
Baronsmead VCT C shares,Not reported,,,
Blue Planet European Financials,Poland,19,31/01/2007,532707
Blue Planet European Financials,Russia,24,31/01/2007,532707
Blue Planet European Financials,Cyprus,4,31/01/2007,532707
Blue Planet European Financials,Denmark,1,31/01/2007,532707
Blue Planet European Financials,Greece,10,31/01/2007,532707
Blue Planet European Financials,Ireland,14,31/01/2007,532707
Blue Planet European Financials,Spain,3,31/01/2007,532707
Blue Planet European Financials,Sweden,19,31/01/2007,532707
Blue Planet European Financials,Cash & Fixed Interest,6,31/01/2007,532707
Blue Planet Financials Growth & Income,Poland,19,31/01/2007,B1B9C40
Blue Planet Financials Growth & Income,Russia,29,31/01/2007,B1B9C40
Blue Planet Financials Growth & Income,Cyprus,4,31/01/2007,B1B9C40
Blue Planet Financials Growth & Income,Denmark,2,31/01/2007,B1B9C40
Blue Planet Financials Growth & Income,Greece,10,31/01/2007,B1B9C40
Blue Planet Financials Growth & Income,Ireland,14,31/01/2007,B1B9C40
Blue Planet Financials Growth & Income,Spain,5,31/01/2007,B1B9C40
Blue Planet Financials Growth & Income,Sweden,10,31/01/2007,B1B9C40
Blue Planet Financials Growth & Income,Brazil,6,31/01/2007,B1B9C40
Blue Planet Financials Growth & Income,Cash & Fixed Interest,1,31/01/2007,B1B9C40
Blue Planet Worldwide Financials,Poland,21,31/01/2007,152417
Blue Planet Worldwide Financials,Russia,20,31/01/2007,152417
Blue Planet Worldwide Financials,Cyprus,4,31/01/2007,152417
Blue Planet Worldwide Financials,Denmark,2,31/01/2007,152417
Blue Planet Worldwide Financials,Greece,10,31/01/2007,152417
Blue Planet Worldwide Financials,Ireland,14,31/01/2007,152417
Blue Planet Worldwide Financials,Sweden,19,31/01/2007,152417
Blue Planet Worldwide Financials,Brazil,5,31/01/2007,152417
Blue Planet Worldwide Financials,Cash & Fixed Interest,5,31/01/2007,152417
British & American,Not reported,,,
British Assets,European Developed,6,31/01/2007,129756
British Assets,UK,66,31/01/2007,129756
British Assets,Far East & Pacific Region,3,31/01/2007,129756
British Assets,Japan,5,31/01/2007,129756
British Assets,Canada,1,31/01/2007,129756
British Assets,USA,9,31/01/2007,129756
British Assets,Cash & Fixed Interest,10,31/01/2007,129756
British Empire Securities & General,Hungary,1,31/01/2007,133508
British Empire Securities & General,Turkey,1,31/01/2007,133508
British Empire Securities & General,Belgium,10,31/01/2007,133508
British Empire Securities & General,France,4,31/01/2007,133508
British Empire Securities & General,Germany,1,31/01/2007,133508
British Empire Securities & General,Luxembourg,1,31/01/2007,133508
British Empire Securities & General,Netherlands,2,31/01/2007,133508
British Empire Securities & General,Sweden,7,31/01/2007,133508
British Empire Securities & General,Switzerland,1,31/01/2007,133508
British Empire Securities & General,UK,24,31/01/2007,133508
British Empire Securities & General,Australia,2,31/01/2007,133508
British Empire Securities & General,Hong Kong,7,31/01/2007,133508
British Empire Securities & General,Japan,15,31/01/2007,133508
British Empire Securities & General,Singapore,5,31/01/2007,133508
British Empire Securities & General,Canada,7,31/01/2007,133508
British Empire Securities & General,Cash & Fixed Interest,12,31/01/2007,133508
British Portfolio Trust,UK,99,31/01/2007,3096169
British Portfolio Trust,Cash & Fixed Interest,1,31/01/2007,3096169
British Smaller Companies VCT,Not reported,,,
British Smaller Companies VCT C shares,Not reported,,,
British Smaller Technology Companies VCT 2,Not reported,,,
Brunner,Finland,1,31/01/2007,149000
Brunner,France,2,31/01/2007,149000
Brunner,Germany,4,31/01/2007,149000
Brunner,Ireland,1,31/01/2007,149000
Brunner,Italy,1,31/01/2007,149000
Brunner,Netherlands,1,31/01/2007,149000
Brunner,Sweden,1,31/01/2007,149000
Brunner,Switzerland,2,31/01/2007,149000
Brunner,UK,51,31/01/2007,149000
Brunner,Australia,1,31/01/2007,149000
Brunner,Hong Kong,2,31/01/2007,149000
Brunner,Japan,5,31/01/2007,149000
Brunner,Singapore,1,31/01/2007,149000
Brunner,Brazil,1,31/01/2007,149000
Brunner,Bermuda,1,31/01/2007,149000
Brunner,Canada,1,31/01/2007,149000
Brunner,USA,14,31/01/2007,149000
Brunner,Cash & Fixed Interest,10,31/01/2007,149000
Candover,Not reported,,,
Capital Gearing,India,1,31/01/2007,173861
Capital Gearing,European Developed,3,31/01/2007,173861
Capital Gearing,UK,30,31/01/2007,173861
Capital Gearing,Far East & Pacific Region,4,31/01/2007,173861
Capital Gearing,Japan,1,31/01/2007,173861
Capital Gearing,USA,5,31/01/2007,173861
Capital Gearing,Cash & Fixed Interest,56,31/01/2007,173861
Cayenne,European Emerging,1,31/01/2007,636911
Cayenne,European Developed,14,31/01/2007,636911
Cayenne,Other Investment Cos,9,31/01/2007,636911
Cayenne,UK,45,31/01/2007,636911
Cayenne,Far East & Pacific Region,7,31/01/2007,636911
Cayenne,Japan,4,31/01/2007,636911
Cayenne,Other Latin America,3,31/01/2007,636911
Cayenne,Other North America,10,31/01/2007,636911
Cayenne,Cash & Fixed Interest,7,31/01/2007,636911
Charter European,France,22,31/01/2007,3148639
Charter European,Germany,16,31/01/2007,3148639
Charter European,Ireland,3,31/01/2007,3148639
Charter European,Italy,5,31/01/2007,3148639
Charter European,Netherlands,8,31/01/2007,3148639
Charter European,Norway,4,31/01/2007,3148639
Charter European,Spain,5,31/01/2007,3148639
Charter European,Sweden,2,31/01/2007,3148639
Charter European,Switzerland,20,31/01/2007,3148639
Charter European,UK,17,31/01/2007,3148639
Charter European,Cash & Fixed Interest,-2,31/01/2007,3148639
City Merchants High Yield,Other Investment Cos,1,31/01/2007,B0LNG76
City Merchants High Yield,UK,25,31/01/2007,B0LNG76
City Merchants High Yield,Far East & Pacific Region,2,31/01/2007,B0LNG76
City Merchants High Yield,USA,1,31/01/2007,B0LNG76
City Merchants High Yield,Cash & Fixed Interest,71,31/01/2007,B0LNG76
City of London,Italy,2,31/01/2007,199049
City of London,Netherlands,2,31/01/2007,199049
City of London,Norway,1,31/01/2007,199049
City of London,UK,96,31/01/2007,199049
City of London,Cash & Fixed Interest,-1,31/01/2007,199049
Close Brothers AIM VCT,UK,85,31/01/2007,248167
Close Brothers AIM VCT,Cash & Fixed Interest,15,31/01/2007,248167
Close Brothers AIM VCT D shares,UK,55,31/01/2007,3420207
Close Brothers AIM VCT D shares,Cash & Fixed Interest,45,31/01/2007,3420207
Close Brothers Development VCT,Not reported,,,
Close Brothers Development VCT C shares,Not reported,,,
Close Brothers Protected VCT,Not reported,,,
Close Brothers VCT,Not reported,,,
Close Finsbury EuroTech,Belgium,1,31/01/2007,958477
Close Finsbury EuroTech,France,5,31/01/2007,958477
Close Finsbury EuroTech,Germany,2,31/01/2007,958477
Close Finsbury EuroTech,Ireland,2,31/01/2007,958477
Close Finsbury EuroTech,Netherlands,2,31/01/2007,958477
Close Finsbury EuroTech,Norway,4,31/01/2007,958477
Close Finsbury EuroTech,UK,31,31/01/2007,958477
Close Finsbury EuroTech,Israel,2,31/01/2007,958477
Close Finsbury EuroTech,Cash & Fixed Interest,51,31/01/2007,958477
Close IHT AIM VCT A,UK,34,31/01/2007,B0JQZZ8
Close IHT AIM VCT A,Cash & Fixed Interest,66,31/01/2007,B0JQZZ8
Close IHT AIM VCT B,UK,34,31/01/2007,B0JR9G0
Close IHT AIM VCT B,Cash & Fixed Interest,66,31/01/2007,B0JR9G0
Close Income & Growth VCT,Not reported,,,
Close Second AIM VCT,UK,89,31/01/2007,3019627
Close Second AIM VCT,Cash & Fixed Interest,11,31/01/2007,3019627
Close Second AIM VCT C shares,UK,81,31/01/2007,B0RFCD4
Close Second AIM VCT C shares,Cash & Fixed Interest,19,31/01/2007,B0RFCD4
Close Second AIM VCT D shares,UK,81,31/01/2007,B0RFCM3
Close Second AIM VCT D shares,Cash & Fixed Interest,19,31/01/2007,B0RFCM3
Close Technology & General VCT,Not reported,,,
Close Technology & General VCT C shares,Not reported,,,
Core VCT 1,Not reported,,,
Core VCT 1 B shares,Not reported,,,
Core VCT II,Not reported,,,
Core VCT II B shares,Not reported,,,
Core VCT III,Not reported,,,
Core VCT III B shares,Not reported,,,
Crown Place VCT,Not reported,,,
Downing Protected VCT I,Not reported,,,
Dunedin Enterprise,Not reported,,,
Dunedin Income Growth,France,1,31/01/2007,340609
Dunedin Income Growth,Italy,2,31/01/2007,340609
Dunedin Income Growth,UK,99,31/01/2007,340609
Dunedin Income Growth,Cash & Fixed Interest,-2,31/01/2007,340609
Dunedin Smaller Companies,UK,96,31/01/2007,B1GCL25
Dunedin Smaller Companies,Cash & Fixed Interest,4,31/01/2007,B1GCL25
Eastern European,Bulgaria,1,31/01/2007,B0BN1P9
Eastern European,Czech Republic,3,31/01/2007,B0BN1P9
Eastern European,Hungary,6,31/01/2007,B0BN1P9
Eastern European,Kazakhstan,5,31/01/2007,B0BN1P9
Eastern European,Latvia,1,31/01/2007,B0BN1P9
Eastern European,Poland,7,31/01/2007,B0BN1P9
Eastern European,Romania,2,31/01/2007,B0BN1P9
Eastern European,Russia,59,31/01/2007,B0BN1P9
Eastern European,Slovak Republic,1,31/01/2007,B0BN1P9
Eastern European,Slovenia,1,31/01/2007,B0BN1P9
Eastern European,Turkey,20,31/01/2007,B0BN1P9
Eastern European,Ukraine,2,31/01/2007,B0BN1P9
Eastern European,Cash & Fixed Interest,-8,31/01/2007,B0BN1P9
Eclectic,New Zealand,2,31/01/2007,341947
Eclectic,European Developed,2,31/01/2007,341947
Eclectic,UK,13,31/01/2007,341947
Eclectic,Australia,53,31/01/2007,341947
Eclectic,Far East & Pacific Region,2,31/01/2007,341947
Eclectic,USA,3,31/01/2007,341947
Eclectic,Cash & Fixed Interest,25,31/01/2007,341947
Eclipse VCT,Not reported,,,
Eclipse VCT 2,Not reported,,,
Eclipse VCT 3,Not reported,,,
Eclipse VCT 4,Not reported,,,
Ecofin Water & Power Opportunities,New Zealand,1,31/01/2007,3132643
Ecofin Water & Power Opportunities,Poland,1,31/01/2007,3132643
Ecofin Water & Power Opportunities,Russia,3,31/01/2007,3132643
Ecofin Water & Power Opportunities,Belgium,4,31/01/2007,3132643
Ecofin Water & Power Opportunities,Finland,2,31/01/2007,3132643
Ecofin Water & Power Opportunities,France,14,31/01/2007,3132643
Ecofin Water & Power Opportunities,Germany,4,31/01/2007,3132643
Ecofin Water & Power Opportunities,Ireland,7,31/01/2007,3132643
Ecofin Water & Power Opportunities,Italy,5,31/01/2007,3132643
Ecofin Water & Power Opportunities,Spain,6,31/01/2007,3132643
Ecofin Water & Power Opportunities,Switzerland,2,31/01/2007,3132643
Ecofin Water & Power Opportunities,UK,25,31/01/2007,3132643
Ecofin Water & Power Opportunities,Australia,1,31/01/2007,3132643
Ecofin Water & Power Opportunities,Hong Kong,0,31/01/2007,3132643
Ecofin Water & Power Opportunities,Japan,2,31/01/2007,3132643
Ecofin Water & Power Opportunities,Malaysia,2,31/01/2007,3132643
Ecofin Water & Power Opportunities,Brazil,1,31/01/2007,3132643
Ecofin Water & Power Opportunities,Canada,1,31/01/2007,3132643
Ecofin Water & Power Opportunities,USA,20,31/01/2007,3132643
Ecofin Water & Power Opportunities,Cash & Fixed Interest,-1,31/01/2007,3132643
Edinburgh Dragon,India,12,31/01/2007,294502
Edinburgh Dragon,Sri Lanka,1,31/01/2007,294502
Edinburgh Dragon,UK,1,31/01/2007,294502
Edinburgh Dragon,China,1,31/01/2007,294502
Edinburgh Dragon,Hong Kong,24,31/01/2007,294502
Edinburgh Dragon,Indonesia,2,31/01/2007,294502
Edinburgh Dragon,Malaysia,8,31/01/2007,294502
Edinburgh Dragon,Philippines,3,31/01/2007,294502
Edinburgh Dragon,Singapore,20,31/01/2007,294502
Edinburgh Dragon,South Korea,14,31/01/2007,294502
Edinburgh Dragon,Taiwan,8,31/01/2007,294502
Edinburgh Dragon,Thailand,5,31/01/2007,294502
Edinburgh Dragon,Cash & Fixed Interest,1,31/01/2007,294502
Edinburgh Investment,UK,97,31/01/2007,305233
Edinburgh Investment,Cash & Fixed Interest,3,31/01/2007,305233
Edinburgh New Income,UK,92,31/01/2007,B084LP5
Edinburgh New Income,Cash & Fixed Interest,8,31/01/2007,B084LP5
Edinburgh New Income Units,Not reported,,,
Edinburgh Small Companies,UK,98,31/01/2007,295958
Edinburgh Small Companies,Cash & Fixed Interest,2,31/01/2007,295958
Edinburgh US Tracker,USA,100,31/01/2007,29362
Edinburgh US Tracker,Cash & Fixed Interest,0,31/01/2007,29362
Edinburgh Worldwide,India,5,31/01/2007,291633
Edinburgh Worldwide,Russia,6,31/01/2007,291633
Edinburgh Worldwide,France,5,31/01/2007,291633
Edinburgh Worldwide,Germany,7,31/01/2007,291633
Edinburgh Worldwide,Sweden,11,31/01/2007,291633
Edinburgh Worldwide,Switzerland,2,31/01/2007,291633
Edinburgh Worldwide,UK,2,31/01/2007,291633
Edinburgh Worldwide,China,2,31/01/2007,291633
Edinburgh Worldwide,Japan,5,31/01/2007,291633
Edinburgh Worldwide,South Korea,3,31/01/2007,291633
Edinburgh Worldwide,Brazil,11,31/01/2007,291633
Edinburgh Worldwide,Israel,3,31/01/2007,291633
Edinburgh Worldwide,USA,33,31/01/2007,291633
Edinburgh Worldwide,Cash & Fixed Interest,5,31/01/2007,291633
Electra Kingsway VCT,Not reported,,,
Electra Kingsway VCT 2,Not reported,,,
Electra Kingsway VCT 3,Not reported,,,
Electric & General,South Africa,1,31/01/2007,309019
Electric & General,Belgium,1,31/01/2007,309019
Electric & General,France,10,31/01/2007,309019
Electric & General,Germany,8,31/01/2007,309019
Electric & General,Italy,2,31/01/2007,309019
Electric & General,Netherlands,1,31/01/2007,309019
Electric & General,Norway,3,31/01/2007,309019
Electric & General,Portugal,1,31/01/2007,309019
Electric & General,Sweden,2,31/01/2007,309019
Electric & General,Switzerland,4,31/01/2007,309019
Electric & General,UK,22,31/01/2007,309019
Electric & General,Australia,5,31/01/2007,309019
Electric & General,Hong Kong,4,31/01/2007,309019
Electric & General,Japan,8,31/01/2007,309019
Electric & General,Singapore,1,31/01/2007,309019
Electric & General,South Korea,1,31/01/2007,309019
Electric & General,Canada,6,31/01/2007,309019
Electric & General,USA,12,31/01/2007,309019
Electric & General,Cash & Fixed Interest,8,31/01/2007,309019
EP Global Opportunities,Hungary,2,31/01/2007,3386257
EP Global Opportunities,Turkey,2,31/01/2007,3386257
EP Global Opportunities,France,8,31/01/2007,3386257
EP Global Opportunities,Germany,9,31/01/2007,3386257
EP Global Opportunities,Italy,2,31/01/2007,3386257
EP Global Opportunities,Netherlands,8,31/01/2007,3386257
EP Global Opportunities,Portugal,3,31/01/2007,3386257
EP Global Opportunities,Spain,3,31/01/2007,3386257
EP Global Opportunities,Switzerland,5,31/01/2007,3386257
EP Global Opportunities,UK,22,31/01/2007,3386257
EP Global Opportunities,Japan,9,31/01/2007,3386257
EP Global Opportunities,Philippines,2,31/01/2007,3386257
EP Global Opportunities,USA,22,31/01/2007,3386257
EP Global Opportunities,Cash & Fixed Interest,3,31/01/2007,3386257
Establishment Investment Trust,India,1,31/01/2007,3133691
Establishment Investment Trust,Ireland,9,31/01/2007,3133691
Establishment Investment Trust,UK,22,31/01/2007,3133691
Establishment Investment Trust,Hong Kong,8,31/01/2007,3133691
Establishment Investment Trust,Indonesia,1,31/01/2007,3133691
Establishment Investment Trust,Japan,11,31/01/2007,3133691
Establishment Investment Trust,Malaysia,5,31/01/2007,3133691
Establishment Investment Trust,Singapore,1,31/01/2007,3133691
Establishment Investment Trust,South Korea,3,31/01/2007,3133691
Establishment Investment Trust,Taiwan,6,31/01/2007,3133691
Establishment Investment Trust,Thailand,7,31/01/2007,3133691
Establishment Investment Trust,Cayman Islands,12,31/01/2007,3133691
Establishment Investment Trust,USA,1,31/01/2007,3133691
Establishment Investment Trust,Cash & Fixed Interest,13,31/01/2007,3133691
European Assets,Turkey,2,31/01/2007,322566
European Assets,Austria,6,31/01/2007,322566
European Assets,Belgium,3,31/01/2007,322566
European Assets,Denmark,6,31/01/2007,322566
European Assets,Finland,4,31/01/2007,322566
European Assets,France,12,31/01/2007,322566
European Assets,Germany,5,31/01/2007,322566
European Assets,Greece,4,31/01/2007,322566
European Assets,Ireland,17,31/01/2007,322566
European Assets,Italy,13,31/01/2007,322566
European Assets,Netherlands,2,31/01/2007,322566
European Assets,Norway,6,31/01/2007,322566
European Assets,Spain,9,31/01/2007,322566
European Assets,Switzerland,7,31/01/2007,322566
European Assets,Cash & Fixed Interest,4,31/01/2007,322566
European Utilities,Czech Republic,5,31/01/2007,476117
European Utilities,France,14,31/01/2007,476117
European Utilities,Germany,15,31/01/2007,476117
European Utilities,Greece,3,31/01/2007,476117
European Utilities,Italy,9,31/01/2007,476117
European Utilities,Portugal,4,31/01/2007,476117
European Utilities,Spain,14,31/01/2007,476117
European Utilities,UK,28,31/01/2007,476117
European Utilities,Cash & Fixed Interest,8,31/01/2007,476117
F&C Capital & Income,France,2,31/01/2007,346328
F&C Capital & Income,Germany,1,31/01/2007,346328
F&C Capital & Income,Italy,1,31/01/2007,346328
F&C Capital & Income,Switzerland,1,31/01/2007,346328
F&C Capital & Income,UK,96,31/01/2007,346328
F&C Capital & Income,Cash & Fixed Interest,-1,31/01/2007,346328
F&C Commercial Property,Not reported,,,
F&C Global Smaller Companies,Austria,1,31/01/2007,17505
F&C Global Smaller Companies,Cyprus,1,31/01/2007,17505
F&C Global Smaller Companies,Denmark,1,31/01/2007,17505
F&C Global Smaller Companies,Finland,1,31/01/2007,17505
F&C Global Smaller Companies,France,2,31/01/2007,17505
F&C Global Smaller Companies,Germany,1,31/01/2007,17505
F&C Global Smaller Companies,Ireland,2,31/01/2007,17505
F&C Global Smaller Companies,Italy,2,31/01/2007,17505
F&C Global Smaller Companies,Norway,1,31/01/2007,17505
F&C Global Smaller Companies,Spain,1,31/01/2007,17505
F&C Global Smaller Companies,Switzerland,1,31/01/2007,17505
F&C Global Smaller Companies,UK,43,31/01/2007,17505
F&C Global Smaller Companies,Australia,2,31/01/2007,17505
F&C Global Smaller Companies,Far East & Pacific Region,1,31/01/2007,17505
F&C Global Smaller Companies,Japan,11,31/01/2007,17505
F&C Global Smaller Companies,Singapore,1,31/01/2007,17505
F&C Global Smaller Companies,USA,26,31/01/2007,17505
F&C Global Smaller Companies,Cash & Fixed Interest,2,31/01/2007,17505
F&C Private Equity A,Not reported,,,
F&C Private Equity B,Not reported,,,
F&C UK Select,UK,95,31/01/2007,156828
F&C UK Select,Cash & Fixed Interest,5,31/01/2007,156828
F&C US Smaller Companies,USA,97,31/01/2007,346340
F&C US Smaller Companies,Cash & Fixed Interest,3,31/01/2007,346340
Fidelity Asian Values,India,1,31/01/2007,332231
Fidelity Asian Values,Australia,1,31/01/2007,332231
Fidelity Asian Values,China,3,31/01/2007,332231
Fidelity Asian Values,Hong Kong,28,31/01/2007,332231
Fidelity Asian Values,Malaysia,5,31/01/2007,332231
Fidelity Asian Values,Singapore,14,31/01/2007,332231
Fidelity Asian Values,South Korea,26,31/01/2007,332231
Fidelity Asian Values,Taiwan,20,31/01/2007,332231
Fidelity Asian Values,Thailand,1,31/01/2007,332231
Fidelity Asian Values,Cayman Islands,0,31/01/2007,332231
Fidelity Asian Values,Cash & Fixed Interest,1,31/01/2007,332231
Fidelity European Values,Czech Republic,1,31/01/2007,337582
Fidelity European Values,Russia,1,31/01/2007,337582
Fidelity European Values,Belgium,2,31/01/2007,337582
Fidelity European Values,Denmark,1,31/01/2007,337582
Fidelity European Values,Finland,2,31/01/2007,337582
Fidelity European Values,France,17,31/01/2007,337582
Fidelity European Values,Germany,16,31/01/2007,337582
Fidelity European Values,Greece,3,31/01/2007,337582
Fidelity European Values,Italy,8,31/01/2007,337582
Fidelity European Values,Luxembourg,1,31/01/2007,337582
Fidelity European Values,Netherlands,10,31/01/2007,337582
Fidelity European Values,Norway,2,31/01/2007,337582
Fidelity European Values,Portugal,1,31/01/2007,337582
Fidelity European Values,Spain,9,31/01/2007,337582
Fidelity European Values,Sweden,9,31/01/2007,337582
Fidelity European Values,Switzerland,15,31/01/2007,337582
Fidelity European Values,UK,1,31/01/2007,337582
Fidelity European Values,Cayman Islands,1,31/01/2007,337582
Fidelity Japanese Values,Japan,99,31/01/2007,332855
Fidelity Japanese Values,Cash & Fixed Interest,1,31/01/2007,332855
Fidelity Special Values,France,1,31/01/2007,332510
Fidelity Special Values,Germany,1,31/01/2007,332510
Fidelity Special Values,Ireland,1,31/01/2007,332510
Fidelity Special Values,Norway,4,31/01/2007,332510
Fidelity Special Values,Switzerland,1,31/01/2007,332510
Fidelity Special Values,UK,78,31/01/2007,332510
Fidelity Special Values,China,1,31/01/2007,332510
Fidelity Special Values,Hong Kong,1,31/01/2007,332510
Fidelity Special Values,Bermuda,2,31/01/2007,332510
Fidelity Special Values,Cash & Fixed Interest,10,31/01/2007,332510
Finsbury Emerging Biotechnology,Switzerland,4,31/01/2007,38551
Finsbury Emerging Biotechnology,UK,3,31/01/2007,38551
Finsbury Emerging Biotechnology,USA,95,31/01/2007,38551
Finsbury Emerging Biotechnology,Cash & Fixed Interest,-2,31/01/2007,38551
Finsbury Growth & Income,UK,89,31/01/2007,781606
Finsbury Growth & Income,Cash & Fixed Interest,11,31/01/2007,781606
Finsbury Technology,Belgium,2,31/01/2007,339072
Finsbury Technology,France,2,31/01/2007,339072
Finsbury Technology,Netherlands,3,31/01/2007,339072
Finsbury Technology,Norway,8,31/01/2007,339072
Finsbury Technology,Sweden,4,31/01/2007,339072
Finsbury Technology,UK,20,31/01/2007,339072
Finsbury Technology,Australia,1,31/01/2007,339072
Finsbury Technology,Israel,6,31/01/2007,339072
Finsbury Technology,Canada,2,31/01/2007,339072
Finsbury Technology,USA,46,31/01/2007,339072
Finsbury Technology,Cash & Fixed Interest,6,31/01/2007,339072
Finsbury Worldwide Pharmaceutical,Switzerland,10,31/01/2007,338530
Finsbury Worldwide Pharmaceutical,UK,1,31/01/2007,338530
Finsbury Worldwide Pharmaceutical,Japan,11,31/01/2007,338530
Finsbury Worldwide Pharmaceutical,USA,74,31/01/2007,338530
Finsbury Worldwide Pharmaceutical,Cash & Fixed Interest,4,31/01/2007,338530
First State Investments AIM VCT,UK,108,31/01/2007,B05N8X2
First State Investments AIM VCT,Canada,1,31/01/2007,B05N8X2
First State Investments AIM VCT,Cash & Fixed Interest,-9,31/01/2007,B05N8X2
Foreign & Colonial,South Africa,1,31/01/2007,346607
Foreign & Colonial,India,1,31/01/2007,346607
Foreign & Colonial,Russia,1,31/01/2007,346607
Foreign & Colonial,European Developed,2,31/01/2007,346607
Foreign & Colonial,Finland,1,31/01/2007,346607
Foreign & Colonial,France,2,31/01/2007,346607
Foreign & Colonial,Germany,2,31/01/2007,346607
Foreign & Colonial,Greece,1,31/01/2007,346607
Foreign & Colonial,Italy,1,31/01/2007,346607
Foreign & Colonial,Netherlands,1,31/01/2007,346607
Foreign & Colonial,Norway,1,31/01/2007,346607
Foreign & Colonial,Spain,1,31/01/2007,346607
Foreign & Colonial,Sweden,1,31/01/2007,346607
Foreign & Colonial,Switzerland,2,31/01/2007,346607
Foreign & Colonial,UK,44,31/01/2007,346607
Foreign & Colonial,Australia,3,31/01/2007,346607
Foreign & Colonial,China,1,31/01/2007,346607
Foreign & Colonial,Hong Kong,1,31/01/2007,346607
Foreign & Colonial,Japan,6,31/01/2007,346607
Foreign & Colonial,Singapore,1,31/01/2007,346607
Foreign & Colonial,South Korea,2,31/01/2007,346607
Foreign & Colonial,Taiwan,1,31/01/2007,346607
Foreign & Colonial,Brazil,2,31/01/2007,346607
Foreign & Colonial,Mexico,1,31/01/2007,346607
Foreign & Colonial,USA,21,31/01/2007,346607
Foreign & Colonial,Cash & Fixed Interest,-1,31/01/2007,346607
Foreign & Colonial Eurotrust,Austria,3,31/01/2007,329501
Foreign & Colonial Eurotrust,Belgium,2,31/01/2007,329501
Foreign & Colonial Eurotrust,Cyprus,1,31/01/2007,329501
Foreign & Colonial Eurotrust,Denmark,2,31/01/2007,329501
Foreign & Colonial Eurotrust,Finland,6,31/01/2007,329501
Foreign & Colonial Eurotrust,France,18,31/01/2007,329501
Foreign & Colonial Eurotrust,Germany,14,31/01/2007,329501
Foreign & Colonial Eurotrust,Greece,5,31/01/2007,329501
Foreign & Colonial Eurotrust,Ireland,3,31/01/2007,329501
Foreign & Colonial Eurotrust,Italy,9,31/01/2007,329501
Foreign & Colonial Eurotrust,Netherlands,4,31/01/2007,329501
Foreign & Colonial Eurotrust,Norway,6,31/01/2007,329501
Foreign & Colonial Eurotrust,Portugal,1,31/01/2007,329501
Foreign & Colonial Eurotrust,Spain,6,31/01/2007,329501
Foreign & Colonial Eurotrust,Sweden,7,31/01/2007,329501
Foreign & Colonial Eurotrust,Switzerland,13,31/01/2007,329501
Foresight 2 VCT,Not reported,,,
Foresight 2 VCT C shares,Not reported,,,
Foresight 3 VCT,Not reported,,,
Foresight 4 VCT,Not reported,,,
Foresight VCT,Not reported,,,
Framlington AIM VCT,UK,77,31/01/2007,B02WQ61
Framlington AIM VCT,USA,1,31/01/2007,B02WQ61
Framlington AIM VCT,Cash & Fixed Interest,22,31/01/2007,B02WQ61
Framlington AIM VCT 2,UK,34,31/01/2007,B0MV7V0
Framlington AIM VCT 2,Cash & Fixed Interest,66,31/01/2007,B0MV7V0
Framlington Income & Capital,Ireland,2,31/01/2007,633354
Framlington Income & Capital,UK,94,31/01/2007,633354
Framlington Income & Capital,Cash & Fixed Interest,4,31/01/2007,633354
Framlington Innovative Growth,Ireland,1,31/01/2007,890632
Framlington Innovative Growth,UK,90,31/01/2007,890632
Framlington Innovative Growth,Israel,1,31/01/2007,890632
Framlington Innovative Growth,Cash & Fixed Interest,8,31/01/2007,890632
Gartmore European,Austria,1,31/01/2007,526885
Gartmore European,Denmark,1,31/01/2007,526885
Gartmore European,France,20,31/01/2007,526885
Gartmore European,Germany,19,31/01/2007,526885
Gartmore European,Greece,1,31/01/2007,526885
Gartmore European,Italy,8,31/01/2007,526885
Gartmore European,Luxembourg,1,31/01/2007,526885
Gartmore European,Netherlands,12,31/01/2007,526885
Gartmore European,Norway,2,31/01/2007,526885
Gartmore European,Spain,7,31/01/2007,526885
Gartmore European,Sweden,5,31/01/2007,526885
Gartmore European,Switzerland,21,31/01/2007,526885
Gartmore European,UK,0,31/01/2007,526885
Gartmore European,Cash & Fixed Interest,2,31/01/2007,526885
Gartmore Fledgling,UK,99,31/01/2007,371922
Gartmore Fledgling,Cash & Fixed Interest,1,31/01/2007,371922
Gartmore Global,Russia,1,31/01/2007,318402
Gartmore Global,Germany,2,31/01/2007,318402
Gartmore Global,Ireland,6,31/01/2007,318402
Gartmore Global,Switzerland,7,31/01/2007,318402
Gartmore Global,UK,37,31/01/2007,318402
Gartmore Global,Australia,4,31/01/2007,318402
Gartmore Global,Hong Kong,2,31/01/2007,318402
Gartmore Global,Japan,7,31/01/2007,318402
Gartmore Global,Singapore,3,31/01/2007,318402
Gartmore Global,Brazil,2,31/01/2007,318402
Gartmore Global,Canada,5,31/01/2007,318402
Gartmore Global,USA,16,31/01/2007,318402
Gartmore Global,Cash & Fixed Interest,8,31/01/2007,318402
Gartmore Growth Opportunities,UK,95,31/01/2007,B07BP66
Gartmore Growth Opportunities,Cash & Fixed Interest,5,31/01/2007,B07BP66
Gartmore Irish Growth,Ireland,87,31/01/2007,615200
Gartmore Irish Growth,UK,5,31/01/2007,615200
Gartmore Irish Growth,Cash & Fixed Interest,8,31/01/2007,615200
Gartmore Smaller Companies,UK,99,31/01/2007,532309
Gartmore Smaller Companies,Cash & Fixed Interest,1,31/01/2007,532309
Glasgow Income,UK,74,31/01/2007,370866
Glasgow Income,Cash & Fixed Interest,26,31/01/2007,370866
Graphite Enterprise,Not reported,,,
Guinness Flight VCT,Not reported,,,
Hansa Trust ('A' Ord),Not reported,,,
Hansa Trust (Ord),Cyprus,2,31/01/2007,787972
Hansa Trust (Ord),Italy,2,31/01/2007,787972
Hansa Trust (Ord),Netherlands,2,31/01/2007,787972
Hansa Trust (Ord),UK,90,31/01/2007,787972
Hansa Trust (Ord),Australia,1,31/01/2007,787972
Hansa Trust (Ord),Israel,1,31/01/2007,787972
Hansa Trust (Ord),Cash & Fixed Interest,2,31/01/2007,787972
Henderson Far East Income,New Zealand,2,31/01/2007,B1GXH75
Henderson Far East Income,Australia,25,31/01/2007,B1GXH75
Henderson Far East Income,China,4,31/01/2007,B1GXH75
Henderson Far East Income,Hong Kong,17,31/01/2007,B1GXH75
Henderson Far East Income,Indonesia,2,31/01/2007,B1GXH75
Henderson Far East Income,Malaysia,7,31/01/2007,B1GXH75
Henderson Far East Income,Philippines,2,31/01/2007,B1GXH75
Henderson Far East Income,Singapore,6,31/01/2007,B1GXH75
Henderson Far East Income,South Korea,18,31/01/2007,B1GXH75
Henderson Far East Income,Taiwan,11,31/01/2007,B1GXH75
Henderson Far East Income,Thailand,2,31/01/2007,B1GXH75
Henderson Far East Income,Cash & Fixed Interest,4,31/01/2007,B1GXH75
Henderson Global Property Companies,Not reported,,,
Henderson High Income,Netherlands,2,31/01/2007,958057
Henderson High Income,UK,80,31/01/2007,958057
Henderson High Income,Cash & Fixed Interest,18,31/01/2007,958057
Henderson Opportunities,UK,99,31/01/2007,853657
Henderson Opportunities,Cash & Fixed Interest,1,31/01/2007,853657
Henderson Smaller Companies,UK,101,31/01/2007,906506
Henderson Smaller Companies,Cash & Fixed Interest,-1,31/01/2007,906506
Henderson TR Pacific,India,6,31/01/2007,871079
Henderson TR Pacific,China,15,31/01/2007,871079
Henderson TR Pacific,Hong Kong,21,31/01/2007,871079
Henderson TR Pacific,Indonesia,5,31/01/2007,871079
Henderson TR Pacific,Malaysia,5,31/01/2007,871079
Henderson TR Pacific,Philippines,1,31/01/2007,871079
Henderson TR Pacific,Singapore,11,31/01/2007,871079
Henderson TR Pacific,South Korea,17,31/01/2007,871079
Henderson TR Pacific,Taiwan,15,31/01/2007,871079
Henderson TR Pacific,Thailand,2,31/01/2007,871079
Henderson TR Pacific,Vietnam,4,31/01/2007,871079
Henderson TR Pacific,Cash & Fixed Interest,-2,31/01/2007,871079
Herald,Belgium,1,31/01/2007,422864
Herald,France,1,31/01/2007,422864
Herald,Germany,1,31/01/2007,422864
Herald,Norway,1,31/01/2007,422864
Herald,Switzerland,2,31/01/2007,422864
Herald,UK,67,31/01/2007,422864
Herald,Australia,1,31/01/2007,422864
Herald,Singapore,1,31/01/2007,422864
Herald,South Korea,3,31/01/2007,422864
Herald,Taiwan,3,31/01/2007,422864
Herald,USA,16,31/01/2007,422864
Herald,Cash & Fixed Interest,3,31/01/2007,422864
iimia Investment Trust,European Developed,21,31/01/2007,3436594
iimia Investment Trust,UK,27,31/01/2007,3436594
iimia Investment Trust,Far East & Pacific Region,11,31/01/2007,3436594
iimia Investment Trust,Japan,19,31/01/2007,3436594
iimia Investment Trust,USA,17,31/01/2007,3436594
iimia Investment Trust,Cash & Fixed Interest,5,31/01/2007,3436594
Impax Environmental Markets,Austria,4,31/01/2007,3123249
Impax Environmental Markets,Denmark,3,31/01/2007,3123249
Impax Environmental Markets,Finland,4,31/01/2007,3123249
Impax Environmental Markets,France,1,31/01/2007,3123249
Impax Environmental Markets,Germany,4,31/01/2007,3123249
Impax Environmental Markets,Ireland,2,31/01/2007,3123249
Impax Environmental Markets,Norway,2,31/01/2007,3123249
Impax Environmental Markets,Spain,5,31/01/2007,3123249
Impax Environmental Markets,Sweden,2,31/01/2007,3123249
Impax Environmental Markets,UK,21,31/01/2007,3123249
Impax Environmental Markets,Australia,4,31/01/2007,3123249
Impax Environmental Markets,Japan,4,31/01/2007,3123249
Impax Environmental Markets,Israel,1,31/01/2007,3123249
Impax Environmental Markets,Canada,11,31/01/2007,3123249
Impax Environmental Markets,USA,31,31/01/2007,3123249
Impax Environmental Markets,Cash & Fixed Interest,1,31/01/2007,3123249
Independent Investment Trust,Ireland,5,31/01/2007,81168
Independent Investment Trust,UK,71,31/01/2007,81168
Independent Investment Trust,Canada,7,31/01/2007,81168
Independent Investment Trust,USA,15,31/01/2007,81168
Independent Investment Trust,Cash & Fixed Interest,2,31/01/2007,81168
ING UK Real Estate Income,Not reported,,,
International Biotechnology,Not reported,,,
INVESCO Asia,India,8,31/01/2007,453530
INVESCO Asia,UK,2,31/01/2007,453530
INVESCO Asia,Australia,10,31/01/2007,453530
INVESCO Asia,China,7,31/01/2007,453530
INVESCO Asia,Hong Kong,22,31/01/2007,453530
INVESCO Asia,Indonesia,1,31/01/2007,453530
INVESCO Asia,Malaysia,7,31/01/2007,453530
INVESCO Asia,Philippines,2,31/01/2007,453530
INVESCO Asia,Singapore,14,31/01/2007,453530
INVESCO Asia,South Korea,14,31/01/2007,453530
INVESCO Asia,Taiwan,12,31/01/2007,453530
INVESCO Asia,Thailand,1,31/01/2007,453530
INVESCO English & International,UK,97,31/01/2007,B0LM0M6
INVESCO English & International,Canada,1,31/01/2007,B0LM0M6
INVESCO English & International,USA,2,31/01/2007,B0LM0M6
INVESCO Income Growth,UK,107,31/01/2007,358572
INVESCO Income Growth,Cash & Fixed Interest,-7,31/01/2007,358572
INVESCO Japan Discovery,Japan,99,31/01/2007,453110
INVESCO Japan Discovery,Cash & Fixed Interest,1,31/01/2007,453110
INVESCO Leveraged High Yield,France,1,31/01/2007,B05NYM3
INVESCO Leveraged High Yield,UK,1,31/01/2007,B05NYM3
INVESCO Leveraged High Yield,Canada,1,31/01/2007,B05NYM3
INVESCO Leveraged High Yield,Cash & Fixed Interest,97,31/01/2007,B05NYM3
Invesco Perpetual AiM VCT,UK,85,31/01/2007,B01JDF1
Invesco Perpetual AiM VCT,Cash & Fixed Interest,15,31/01/2007,B01JDF1
Invesco Perpetual European Absolute,Austria,1,31/01/2007,323406
Invesco Perpetual European Absolute,Denmark,2,31/01/2007,323406
Invesco Perpetual European Absolute,Finland,1,31/01/2007,323406
Invesco Perpetual European Absolute,France,9,31/01/2007,323406
Invesco Perpetual European Absolute,Germany,5,31/01/2007,323406
Invesco Perpetual European Absolute,Greece,3,31/01/2007,323406
Invesco Perpetual European Absolute,Italy,2,31/01/2007,323406
Invesco Perpetual European Absolute,Netherlands,6,31/01/2007,323406
Invesco Perpetual European Absolute,Norway,3,31/01/2007,323406
Invesco Perpetual European Absolute,Portugal,1,31/01/2007,323406
Invesco Perpetual European Absolute,Spain,9,31/01/2007,323406
Invesco Perpetual European Absolute,Sweden,2,31/01/2007,323406
Invesco Perpetual European Absolute,Switzerland,7,31/01/2007,323406
Invesco Perpetual European Absolute,UK,5,31/01/2007,323406
Invesco Perpetual European Absolute,Cash & Fixed Interest,44,31/01/2007,323406
Invesco Perpetual Recovery 2011,UK,83,31/01/2007,B0LNMX4
Invesco Perpetual Recovery 2011,Cash & Fixed Interest,17,31/01/2007,B0LNMX4
Invesco Perpetual Recovery 2011 Pkg Unit,Not reported,,,
Invesco Perpetual Select Global Equity,South Africa,1,31/01/2007,B1DQ647
Invesco Perpetual Select Global Equity,India,3,31/01/2007,B1DQ647
Invesco Perpetual Select Global Equity,Denmark,2,31/01/2007,B1DQ647
Invesco Perpetual Select Global Equity,European Developed,1,31/01/2007,B1DQ647
Invesco Perpetual Select Global Equity,Finland,1,31/01/2007,B1DQ647
Invesco Perpetual Select Global Equity,France,3,31/01/2007,B1DQ647
Invesco Perpetual Select Global Equity,Germany,2,31/01/2007,B1DQ647
Invesco Perpetual Select Global Equity,Italy,4,31/01/2007,B1DQ647
Invesco Perpetual Select Global Equity,Netherlands,2,31/01/2007,B1DQ647
Invesco Perpetual Select Global Equity,Spain,3,31/01/2007,B1DQ647
Invesco Perpetual Select Global Equity,Switzerland,4,31/01/2007,B1DQ647
Invesco Perpetual Select Global Equity,UK,30,31/01/2007,B1DQ647
Invesco Perpetual Select Global Equity,Hong Kong,3,31/01/2007,B1DQ647
Invesco Perpetual Select Global Equity,Japan,9,31/01/2007,B1DQ647
Invesco Perpetual Select Global Equity,Malaysia,4,31/01/2007,B1DQ647
Invesco Perpetual Select Global Equity,Philippines,2,31/01/2007,B1DQ647
Invesco Perpetual Select Global Equity,Singapore,1,31/01/2007,B1DQ647
Invesco Perpetual Select Global Equity,South Korea,3,31/01/2007,B1DQ647
Invesco Perpetual Select Global Equity,Taiwan,3,31/01/2007,B1DQ647
Invesco Perpetual Select Global Equity,Brazil,1,31/01/2007,B1DQ647
Invesco Perpetual Select Global Equity,Bermuda,3,31/01/2007,B1DQ647
Invesco Perpetual Select Global Equity,USA,16,31/01/2007,B1DQ647
Invesco Perpetual Select Global Equity,Cash & Fixed Interest,-1,31/01/2007,B1DQ647
Invesco Perpetual Select Hedge Fund,Ireland,100,31/01/2007,B1DQ669
Invesco Perpetual Select Managed Liquidity,UK,59,31/01/2007,B1DQ670
Invesco Perpetual Select Managed Liquidity,Cash & Fixed Interest,41,31/01/2007,B1DQ670
Invesco Perpetual Select UK Equity,UK,98,31/01/2007,B1DPVL6
Invesco Perpetual Select UK Equity,Bermuda,3,31/01/2007,B1DPVL6
Invesco Perpetual Select UK Equity,USA,10,31/01/2007,B1DPVL6
Invesco Perpetual Select UK Equity,Cash & Fixed Interest,-11,31/01/2007,B1DPVL6
Invesco Perpetual UK Smaller Companies,UK,100,31/01/2007,B1FL3C7
Investec Capital Accumulator,UK,90,31/01/2007,B0GYJV9
Investec Capital Accumulator,Cash & Fixed Interest,10,31/01/2007,B0GYJV9
Investec High Income,UK,95,31/01/2007,3019746
Investec High Income,Cash & Fixed Interest,5,31/01/2007,3019746
Investors Capital,UK,64,31/01/2007,3050972
Investors Capital,Cash & Fixed Interest,36,31/01/2007,3050972
Investors Capital Geared Unit,Not reported,,,
Investors Capital Pkg Unit,Not reported,,,
Invista Foundation Property,Not reported,,,
JPMorgan American,USA,88,31/01/2007,846505
JPMorgan American,Cash & Fixed Interest,12,31/01/2007,846505
JPMorgan Asian,India,10,31/01/2007,132077
JPMorgan Asian,China,13,31/01/2007,132077
JPMorgan Asian,Hong Kong,18,31/01/2007,132077
JPMorgan Asian,Indonesia,9,31/01/2007,132077
JPMorgan Asian,Malaysia,2,31/01/2007,132077
JPMorgan Asian,Singapore,12,31/01/2007,132077
JPMorgan Asian,South Korea,21,31/01/2007,132077
JPMorgan Asian,Taiwan,15,31/01/2007,132077
JPMorgan Chinese,China,44,31/01/2007,343501
JPMorgan Chinese,Hong Kong,22,31/01/2007,343501
JPMorgan Chinese,Taiwan,34,31/01/2007,343501
JPMorgan Elect Managed Cash,Cash & Fixed Interest,100,31/01/2007,3408009
JPMorgan Elect Managed Growth,Other Asia,6,31/01/2007,852814
JPMorgan Elect Managed Growth,European Developed,14,31/01/2007,852814
JPMorgan Elect Managed Growth,UK,56,31/01/2007,852814
JPMorgan Elect Managed Growth,Far East & Pacific Region,5,31/01/2007,852814
JPMorgan Elect Managed Growth,Japan,7,31/01/2007,852814
JPMorgan Elect Managed Growth,USA,12,31/01/2007,852814
JPMorgan Elect Managed Income,UK,99,31/01/2007,3408021
JPMorgan Elect Managed Income,Cash & Fixed Interest,1,31/01/2007,3408021
JPMorgan Emerging Markets,South Africa,13,31/01/2007,341895
JPMorgan Emerging Markets,India,9,31/01/2007,341895
JPMorgan Emerging Markets,Hungary,2,31/01/2007,341895
JPMorgan Emerging Markets,Russia,8,31/01/2007,341895
JPMorgan Emerging Markets,Turkey,3,31/01/2007,341895
JPMorgan Emerging Markets,Austria,2,31/01/2007,341895
JPMorgan Emerging Markets,China,2,31/01/2007,341895
JPMorgan Emerging Markets,Hong Kong,2,31/01/2007,341895
JPMorgan Emerging Markets,Indonesia,2,31/01/2007,341895
JPMorgan Emerging Markets,Malaysia,1,31/01/2007,341895
JPMorgan Emerging Markets,South Korea,15,31/01/2007,341895
JPMorgan Emerging Markets,Taiwan,5,31/01/2007,341895
JPMorgan Emerging Markets,Argentina,2,31/01/2007,341895
JPMorgan Emerging Markets,Brazil,15,31/01/2007,341895
JPMorgan Emerging Markets,Chile,1,31/01/2007,341895
JPMorgan Emerging Markets,Mexico,11,31/01/2007,341895
JPMorgan Emerging Markets,Egypt,4,31/01/2007,341895
JPMorgan Emerging Markets,Israel,2,31/01/2007,341895
JPMorgan Emerging Markets,Cash & Fixed Interest,1,31/01/2007,341895
JPMorgan European Fledgeling,Austria,4,31/01/2007,341969
JPMorgan European Fledgeling,Belgium,2,31/01/2007,341969
JPMorgan European Fledgeling,Denmark,7,31/01/2007,341969
JPMorgan European Fledgeling,European Developed,3,31/01/2007,341969
JPMorgan European Fledgeling,Finland,5,31/01/2007,341969
JPMorgan European Fledgeling,France,13,31/01/2007,341969
JPMorgan European Fledgeling,Germany,8,31/01/2007,341969
JPMorgan European Fledgeling,Greece,1,31/01/2007,341969
JPMorgan European Fledgeling,Italy,6,31/01/2007,341969
JPMorgan European Fledgeling,Luxembourg,11,31/01/2007,341969
JPMorgan European Fledgeling,Netherlands,14,31/01/2007,341969
JPMorgan European Fledgeling,Spain,9,31/01/2007,341969
JPMorgan European Fledgeling,Sweden,4,31/01/2007,341969
JPMorgan European Fledgeling,Switzerland,13,31/01/2007,341969
JPMorgan European Growth,Austria,1,31/01/2007,B18JK16
JPMorgan European Growth,Belgium,5,31/01/2007,B18JK16
JPMorgan European Growth,Denmark,1,31/01/2007,B18JK16
JPMorgan European Growth,Finland,4,31/01/2007,B18JK16
JPMorgan European Growth,France,16,31/01/2007,B18JK16
JPMorgan European Growth,Germany,14,31/01/2007,B18JK16
JPMorgan European Growth,Ireland,0,31/01/2007,B18JK16
JPMorgan European Growth,Italy,10,31/01/2007,B18JK16
JPMorgan European Growth,Luxembourg,4,31/01/2007,B18JK16
JPMorgan European Growth,Netherlands,5,31/01/2007,B18JK16
JPMorgan European Growth,Norway,1,31/01/2007,B18JK16
JPMorgan European Growth,Portugal,1,31/01/2007,B18JK16
JPMorgan European Growth,Spain,7,31/01/2007,B18JK16
JPMorgan European Growth,Sweden,3,31/01/2007,B18JK16
JPMorgan European Growth,Switzerland,10,31/01/2007,B18JK16
JPMorgan European Growth,UK,2,31/01/2007,B18JK16
JPMorgan European Growth,Cash & Fixed Interest,16,31/01/2007,B18JK16
JPMorgan European Income,Austria,1,31/01/2007,B17XWW4
JPMorgan European Income,Belgium,2,31/01/2007,B17XWW4
JPMorgan European Income,Denmark,3,31/01/2007,B17XWW4
JPMorgan European Income,Finland,2,31/01/2007,B17XWW4
JPMorgan European Income,France,11,31/01/2007,B17XWW4
JPMorgan European Income,Germany,9,31/01/2007,B17XWW4
JPMorgan European Income,Ireland,1,31/01/2007,B17XWW4
JPMorgan European Income,Italy,7,31/01/2007,B17XWW4
JPMorgan European Income,Netherlands,5,31/01/2007,B17XWW4
JPMorgan European Income,Norway,2,31/01/2007,B17XWW4
JPMorgan European Income,Portugal,1,31/01/2007,B17XWW4
JPMorgan European Income,Spain,4,31/01/2007,B17XWW4
JPMorgan European Income,Sweden,5,31/01/2007,B17XWW4
JPMorgan European Income,Switzerland,7,31/01/2007,B17XWW4
JPMorgan European Income,UK,28,31/01/2007,B17XWW4
JPMorgan European Income,Cash & Fixed Interest,12,31/01/2007,B17XWW4
JPMorgan Fleming Claverhouse,UK,100,31/01/2007,342218
JPMorgan Fleming Japanese Smaller Cos,Japan,96,31/01/2007,316581
JPMorgan Fleming Japanese Smaller Cos,Cash & Fixed Interest,4,31/01/2007,316581
JPMorgan Fleming Mercantile,UK,93,31/01/2007,579403
JPMorgan Fleming Mercantile,Cash & Fixed Interest,7,31/01/2007,579403
JPMorgan Income & Capital,UK,87,31/01/2007,3073184
JPMorgan Income & Capital,Cash & Fixed Interest,13,31/01/2007,3073184
JPMorgan Income & Capital Pkg Unit,Not reported,,,
JPMorgan Income & Growth,Netherlands,1,31/01/2007,B1G3N00
JPMorgan Income & Growth,UK,99,31/01/2007,B1G3N00
JPMorgan Income & Growth Pkg Unit,Not reported,,,
JPMorgan Indian,India,99,31/01/2007,345035
JPMorgan Indian,Cash & Fixed Interest,1,31/01/2007,345035
JPMorgan Japanese,Japan,100,31/01/2007,174002
JPMorgan Mid Cap,UK,99,31/01/2007,235761
JPMorgan Mid Cap,Cash & Fixed Interest,1,31/01/2007,235761
JPMorgan Overseas,India,1,31/01/2007,914327
JPMorgan Overseas,European Emerging,3,31/01/2007,914327
JPMorgan Overseas,Finland,2,31/01/2007,914327
JPMorgan Overseas,France,9,31/01/2007,914327
JPMorgan Overseas,Germany,4,31/01/2007,914327
JPMorgan Overseas,Italy,5,31/01/2007,914327
JPMorgan Overseas,Netherlands,1,31/01/2007,914327
JPMorgan Overseas,Spain,2,31/01/2007,914327
JPMorgan Overseas,Switzerland,9,31/01/2007,914327
JPMorgan Overseas,UK,6,31/01/2007,914327
JPMorgan Overseas,Hong Kong,3,31/01/2007,914327
JPMorgan Overseas,Japan,11,31/01/2007,914327
JPMorgan Overseas,South Korea,1,31/01/2007,914327
JPMorgan Overseas,Brazil,2,31/01/2007,914327
JPMorgan Overseas,Mexico,1,31/01/2007,914327
JPMorgan Overseas,Canada,3,31/01/2007,914327
JPMorgan Overseas,USA,36,31/01/2007,914327
JPMorgan Overseas,Cash & Fixed Interest,1,31/01/2007,914327
JPMorgan Russian Securities,Russia,100,31/01/2007,3216473
JPMorgan Smaller Companies,UK,100,31/01/2007,741600
JPMorgan US Discovery,USA,100,31/01/2007,341710
Jubilee Investment Trust,Not reported,,,
Jupiter European Opportunities,Denmark,14,31/01/2007,19772
Jupiter European Opportunities,Finland,1,31/01/2007,19772
Jupiter European Opportunities,France,39,31/01/2007,19772
Jupiter European Opportunities,Germany,7,31/01/2007,19772
Jupiter European Opportunities,Netherlands,17,31/01/2007,19772
Jupiter European Opportunities,Norway,8,31/01/2007,19772
Jupiter European Opportunities,Sweden,3,31/01/2007,19772
Jupiter European Opportunities,Switzerland,7,31/01/2007,19772
Jupiter European Opportunities,UK,21,31/01/2007,19772
Jupiter European Opportunities,Cash & Fixed Interest,-17,31/01/2007,19772
Jupiter Primadona Growth,India,1,31/01/2007,703376
Jupiter Primadona Growth,European Emerging,4,31/01/2007,703376
Jupiter Primadona Growth,European Developed,8,31/01/2007,703376
Jupiter Primadona Growth,Ireland,2,31/01/2007,703376
Jupiter Primadona Growth,UK,76,31/01/2007,703376
Jupiter Primadona Growth,China,3,31/01/2007,703376
Jupiter Primadona Growth,Far East & Pacific Region,1,31/01/2007,703376
Jupiter Primadona Growth,Hong Kong,10,31/01/2007,703376
Jupiter Primadona Growth,Japan,3,31/01/2007,703376
Jupiter Primadona Growth,Latin America Region,2,31/01/2007,703376
Jupiter Primadona Growth,USA,5,31/01/2007,703376
Jupiter Primadona Growth,Cash & Fixed Interest,-15,31/01/2007,703376
Jupiter Second Enhanced Income,Ireland,3,31/01/2007,B02WRR9
Jupiter Second Enhanced Income,UK,96,31/01/2007,B02WRR9
Jupiter Second Enhanced Income,Cash & Fixed Interest,1,31/01/2007,B02WRR9
Jupiter Second Enhanced Pkg Unit,Not reported,,,
JZ Equity Partners,Not reported,,,
Keydata AIM VCT,Not reported,,,
Keydata AIM VCT C shares,Not reported,,,
Keystone,European Developed,1,31/01/2007,491206
Keystone,UK,90,31/01/2007,491206
Keystone,USA,7,31/01/2007,491206
Keystone,Cash & Fixed Interest,2,31/01/2007,491206
KGR Absolute Return,Not reported,,,
Law Debenture Corporation,France,3,31/01/2007,3142921
Law Debenture Corporation,Germany,4,31/01/2007,3142921
Law Debenture Corporation,Ireland,1,31/01/2007,3142921
Law Debenture Corporation,Netherlands,1,31/01/2007,3142921
Law Debenture Corporation,Spain,1,31/01/2007,3142921
Law Debenture Corporation,Switzerland,2,31/01/2007,3142921
Law Debenture Corporation,UK,64,31/01/2007,3142921
Law Debenture Corporation,Far East & Pacific Region,7,31/01/2007,3142921
Law Debenture Corporation,Japan,4,31/01/2007,3142921
Law Debenture Corporation,Cash & Fixed Interest,13,31/01/2007,3142921
Life Offices Opportunities,Not reported,,,
London & St Lawrence,Not reported,,,
Lowland,UK,96,31/01/2007,536806
Lowland,Canada,1,31/01/2007,536806
Lowland,Cash & Fixed Interest,3,31/01/2007,536806
M&G Equity,Not reported,,,
M&G Equity Package Unit,Not reported,,,
M&G High Income,Not reported,,,
M&G High Income Geared Unit,Not reported,,,
M&G High Income Package Unit,Not reported,,,
M&G Recovery,UK,78,31/01/2007,3119389
M&G Recovery,Cash & Fixed Interest,22,31/01/2007,3119389
M&G Recovery Package Unit,Not reported,,,
Martin Currie Income & Growth,UK,99,31/01/2007,568809
Martin Currie Income & Growth,Cash & Fixed Interest,1,31/01/2007,568809
Martin Currie Pacific,India,4,31/01/2007,569512
Martin Currie Pacific,Australia,15,31/01/2007,569512
Martin Currie Pacific,China,11,31/01/2007,569512
Martin Currie Pacific,Hong Kong,13,31/01/2007,569512
Martin Currie Pacific,Indonesia,1,31/01/2007,569512
Martin Currie Pacific,Japan,30,31/01/2007,569512
Martin Currie Pacific,Malaysia,2,31/01/2007,569512
Martin Currie Pacific,Singapore,3,31/01/2007,569512
Martin Currie Pacific,South Korea,11,31/01/2007,569512
Martin Currie Pacific,Taiwan,10,31/01/2007,569512
Martin Currie Portfolio,Belgium,1,31/01/2007,537241
Martin Currie Portfolio,France,1,31/01/2007,537241
Martin Currie Portfolio,Germany,1,31/01/2007,537241
Martin Currie Portfolio,Greece,1,31/01/2007,537241
Martin Currie Portfolio,Ireland,1,31/01/2007,537241
Martin Currie Portfolio,Spain,1,31/01/2007,537241
Martin Currie Portfolio,UK,78,31/01/2007,537241
Martin Currie Portfolio,Hong Kong,1,31/01/2007,537241
Martin Currie Portfolio,Indonesia,1,31/01/2007,537241
Martin Currie Portfolio,Japan,2,31/01/2007,537241
Martin Currie Portfolio,Taiwan,1,31/01/2007,537241
Martin Currie Portfolio,Canada,1,31/01/2007,537241
Martin Currie Portfolio,USA,11,31/01/2007,537241
Martin Currie Portfolio,Cash & Fixed Interest,-1,31/01/2007,537241
Matrix Income & Growth 2 VCT,Not reported,,,
Matrix Income & Growth 2 VCT C shares,Not reported,,,
Matrix Income & Growth 3 VCT,Not reported,,,
Matrix Income & Growth 4 VCT,Not reported,,,
Matrix Income & Growth VCT,Not reported,,,
Melchior Japan,Japan,99,31/01/2007,B104VL6
Melchior Japan,Cash & Fixed Interest,1,31/01/2007,B104VL6
Merchants,UK,101,31/01/2007,580007
Merchants,Cash & Fixed Interest,-1,31/01/2007,580007
Merrill Lynch British Smaller Companies,UK,100,31/01/2007,643610
Merrill Lynch Commodities Income,South Africa,11,31/01/2007,B0N8MF9
Merrill Lynch Commodities Income,France,4,31/01/2007,B0N8MF9
Merrill Lynch Commodities Income,Italy,2,31/01/2007,B0N8MF9
Merrill Lynch Commodities Income,Spain,2,31/01/2007,B0N8MF9
Merrill Lynch Commodities Income,UK,12,31/01/2007,B0N8MF9
Merrill Lynch Commodities Income,Australia,15,31/01/2007,B0N8MF9
Merrill Lynch Commodities Income,China,4,31/01/2007,B0N8MF9
Merrill Lynch Commodities Income,Singapore,1,31/01/2007,B0N8MF9
Merrill Lynch Commodities Income,Brazil,5,31/01/2007,B0N8MF9
Merrill Lynch Commodities Income,Peru,1,31/01/2007,B0N8MF9
Merrill Lynch Commodities Income,Canada,16,31/01/2007,B0N8MF9
Merrill Lynch Commodities Income,USA,26,31/01/2007,B0N8MF9
Merrill Lynch Commodities Income,Cash & Fixed Interest,1,31/01/2007,B0N8MF9
Merrill Lynch Greater Europe,Poland,1,31/01/2007,B01RDH7
Merrill Lynch Greater Europe,Russia,6,31/01/2007,B01RDH7
Merrill Lynch Greater Europe,Turkey,3,31/01/2007,B01RDH7
Merrill Lynch Greater Europe,Austria,1,31/01/2007,B01RDH7
Merrill Lynch Greater Europe,Belgium,2,31/01/2007,B01RDH7
Merrill Lynch Greater Europe,Denmark,2,31/01/2007,B01RDH7
Merrill Lynch Greater Europe,Finland,3,31/01/2007,B01RDH7
Merrill Lynch Greater Europe,France,16,31/01/2007,B01RDH7
Merrill Lynch Greater Europe,Germany,18,31/01/2007,B01RDH7
Merrill Lynch Greater Europe,Greece,3,31/01/2007,B01RDH7
Merrill Lynch Greater Europe,Ireland,4,31/01/2007,B01RDH7
Merrill Lynch Greater Europe,Italy,11,31/01/2007,B01RDH7
Merrill Lynch Greater Europe,Netherlands,3,31/01/2007,B01RDH7
Merrill Lynch Greater Europe,Norway,2,31/01/2007,B01RDH7
Merrill Lynch Greater Europe,Spain,6,31/01/2007,B01RDH7
Merrill Lynch Greater Europe,Sweden,2,31/01/2007,B01RDH7
Merrill Lynch Greater Europe,Switzerland,15,31/01/2007,B01RDH7
Merrill Lynch Greater Europe,UK,1,31/01/2007,B01RDH7
Merrill Lynch Greater Europe,Israel,1,31/01/2007,B01RDH7
Merrill Lynch Greater Europe,Cash & Fixed Interest,0,31/01/2007,B01RDH7
Merrill Lynch Latin American,Argentina,3,31/01/2007,505840
Merrill Lynch Latin American,Brazil,62,31/01/2007,505840
Merrill Lynch Latin American,Chile,6,31/01/2007,505840
Merrill Lynch Latin American,Colombia,1,31/01/2007,505840
Merrill Lynch Latin American,Mexico,28,31/01/2007,505840
Merrill Lynch Latin American,Panama,1,31/01/2007,505840
Merrill Lynch Latin American,Cash & Fixed Interest,-1,31/01/2007,505840
Merrill Lynch New Energy Technology,South Africa,3,31/01/2007,973793
Merrill Lynch New Energy Technology,India,3,31/01/2007,973793
Merrill Lynch New Energy Technology,Belgium,1,31/01/2007,973793
Merrill Lynch New Energy Technology,Denmark,7,31/01/2007,973793
Merrill Lynch New Energy Technology,France,2,31/01/2007,973793
Merrill Lynch New Energy Technology,Germany,14,31/01/2007,973793
Merrill Lynch New Energy Technology,Norway,1,31/01/2007,973793
Merrill Lynch New Energy Technology,Spain,6,31/01/2007,973793
Merrill Lynch New Energy Technology,UK,13,31/01/2007,973793
Merrill Lynch New Energy Technology,Australia,2,31/01/2007,973793
Merrill Lynch New Energy Technology,China,2,31/01/2007,973793
Merrill Lynch New Energy Technology,Canada,11,31/01/2007,973793
Merrill Lynch New Energy Technology,USA,29,31/01/2007,973793
Merrill Lynch New Energy Technology,Cash & Fixed Interest,6,31/01/2007,973793
Merrill Lynch World Mining,South Africa,12,31/01/2007,577485
Merrill Lynch World Mining,Zambia,4,31/01/2007,577485
Merrill Lynch World Mining,India,2,31/01/2007,577485
Merrill Lynch World Mining,Kazakhstan,1,31/01/2007,577485
Merrill Lynch World Mining,France,1,31/01/2007,577485
Merrill Lynch World Mining,UK,26,31/01/2007,577485
Merrill Lynch World Mining,Australia,12,31/01/2007,577485
Merrill Lynch World Mining,China,3,31/01/2007,577485
Merrill Lynch World Mining,Indonesia,1,31/01/2007,577485
Merrill Lynch World Mining,Laos,1,31/01/2007,577485
Merrill Lynch World Mining,Brazil,12,31/01/2007,577485
Merrill Lynch World Mining,Chile,3,31/01/2007,577485
Merrill Lynch World Mining,Mexico,2,31/01/2007,577485
Merrill Lynch World Mining,Peru,6,31/01/2007,577485
Merrill Lynch World Mining,Canada,9,31/01/2007,577485
Merrill Lynch World Mining,USA,7,31/01/2007,577485
Merrill Lynch World Mining,Cash & Fixed Interest,-2,31/01/2007,577485
Mid Wynd International,South Africa,1,31/01/2007,589383
Mid Wynd International,India,1,31/01/2007,589383
Mid Wynd International,Belgium,1,31/01/2007,589383
Mid Wynd International,Denmark,3,31/01/2007,589383
Mid Wynd International,Finland,2,31/01/2007,589383
Mid Wynd International,France,7,31/01/2007,589383
Mid Wynd International,Germany,3,31/01/2007,589383
Mid Wynd International,Ireland,2,31/01/2007,589383
Mid Wynd International,Netherlands,1,31/01/2007,589383
Mid Wynd International,Spain,1,31/01/2007,589383
Mid Wynd International,Sweden,4,31/01/2007,589383
Mid Wynd International,Switzerland,6,31/01/2007,589383
Mid Wynd International,UK,20,31/01/2007,589383
Mid Wynd International,Australia,3,31/01/2007,589383
Mid Wynd International,Hong Kong,2,31/01/2007,589383
Mid Wynd International,Japan,9,31/01/2007,589383
Mid Wynd International,Singapore,1,31/01/2007,589383
Mid Wynd International,South Korea,2,31/01/2007,589383
Mid Wynd International,Taiwan,1,31/01/2007,589383
Mid Wynd International,Brazil,1,31/01/2007,589383
Mid Wynd International,Canada,1,31/01/2007,589383
Mid Wynd International,USA,24,31/01/2007,589383
Mid Wynd International,Cash & Fixed Interest,4,31/01/2007,589383
Midas Income & Growth,European Developed,21,31/01/2007,876999
Midas Income & Growth,UK,47,31/01/2007,876999
Midas Income & Growth,Far East & Pacific Region,2,31/01/2007,876999
Midas Income & Growth,Japan,5,31/01/2007,876999
Midas Income & Growth,USA,1,31/01/2007,876999
Midas Income & Growth,Cash & Fixed Interest,24,31/01/2007,876999
Mithras,Not reported,,,
Monks,South Africa,1,31/01/2007,3051726
Monks,India,3,31/01/2007,3051726
Monks,Russia,1,31/01/2007,3051726
Monks,Belgium,1,31/01/2007,3051726
Monks,France,2,31/01/2007,3051726
Monks,Germany,2,31/01/2007,3051726
Monks,Ireland,1,31/01/2007,3051726
Monks,Netherlands,1,31/01/2007,3051726
Monks,Sweden,4,31/01/2007,3051726
Monks,Switzerland,1,31/01/2007,3051726
Monks,UK,17,31/01/2007,3051726
Monks,Australia,3,31/01/2007,3051726
Monks,China,1,31/01/2007,3051726
Monks,Hong Kong,1,31/01/2007,3051726
Monks,Japan,12,31/01/2007,3051726
Monks,Singapore,1,31/01/2007,3051726
Monks,South Korea,2,31/01/2007,3051726
Monks,Taiwan,1,31/01/2007,3051726
Monks,Thailand,1,31/01/2007,3051726
Monks,Vietnam,1,31/01/2007,3051726
Monks,Argentina,1,31/01/2007,3051726
Monks,Brazil,3,31/01/2007,3051726
Monks,Canada,2,31/01/2007,3051726
Monks,USA,25,31/01/2007,3051726
Monks,Cash & Fixed Interest,12,31/01/2007,3051726
Montanaro European Smaller Companies,Czech Republic,1,31/01/2007,454351
Montanaro European Smaller Companies,Poland,2,31/01/2007,454351
Montanaro European Smaller Companies,Austria,4,31/01/2007,454351
Montanaro European Smaller Companies,Belgium,1,31/01/2007,454351
Montanaro European Smaller Companies,Finland,12,31/01/2007,454351
Montanaro European Smaller Companies,France,4,31/01/2007,454351
Montanaro European Smaller Companies,Germany,6,31/01/2007,454351
Montanaro European Smaller Companies,Greece,3,31/01/2007,454351
Montanaro European Smaller Companies,Ireland,2,31/01/2007,454351
Montanaro European Smaller Companies,Italy,2,31/01/2007,454351
Montanaro European Smaller Companies,Netherlands,2,31/01/2007,454351
Montanaro European Smaller Companies,Norway,6,31/01/2007,454351
Montanaro European Smaller Companies,Spain,1,31/01/2007,454351
Montanaro European Smaller Companies,Sweden,16,31/01/2007,454351
Montanaro European Smaller Companies,Switzerland,3,31/01/2007,454351
Montanaro European Smaller Companies,UK,25,31/01/2007,454351
Montanaro European Smaller Companies,Canada,1,31/01/2007,454351
Montanaro European Smaller Companies,Cash & Fixed Interest,9,31/01/2007,454351
Montanaro UK Smaller Companies,UK,95,31/01/2007,600756
Montanaro UK Smaller Companies,Cash & Fixed Interest,5,31/01/2007,600756
Murray Income,UK,98,31/01/2007,611112
Murray Income,Cash & Fixed Interest,2,31/01/2007,611112
Murray International,India,2,31/01/2007,611190
Murray International,New Zealand,1,31/01/2007,611190
Murray International,Belgium,2,31/01/2007,611190
Murray International,Denmark,1,31/01/2007,611190
Murray International,France,3,31/01/2007,611190
Murray International,Germany,3,31/01/2007,611190
Murray International,Italy,2,31/01/2007,611190
Murray International,Netherlands,1,31/01/2007,611190
Murray International,Portugal,1,31/01/2007,611190
Murray International,Spain,1,31/01/2007,611190
Murray International,Sweden,1,31/01/2007,611190
Murray International,Switzerland,1,31/01/2007,611190
Murray International,UK,23,31/01/2007,611190
Murray International,Australia,1,31/01/2007,611190
Murray International,China,1,31/01/2007,611190
Murray International,Hong Kong,4,31/01/2007,611190
Murray International,Indonesia,1,31/01/2007,611190
Murray International,Japan,12,31/01/2007,611190
Murray International,Malaysia,3,31/01/2007,611190
Murray International,Singapore,1,31/01/2007,611190
Murray International,South Korea,2,31/01/2007,611190
Murray International,Taiwan,2,31/01/2007,611190
Murray International,Thailand,1,31/01/2007,611190
Murray International,Brazil,5,31/01/2007,611190
Murray International,Mexico,6,31/01/2007,611190
Murray International,Canada,1,31/01/2007,611190
Murray International,USA,6,31/01/2007,611190
Murray International,Cash & Fixed Interest,12,31/01/2007,611190
Murray VCT 4,Not reported,,,
Neptune-Calculus Income & Growth VCT,Not reported,,,
Neptune-Calculus Income & Growth VCT C shares,Not reported,,,
New City High Yield,UK,41,31/01/2007,506241
New City High Yield,Far East & Pacific Region,3,31/01/2007,506241
New City High Yield,Cash & Fixed Interest,56,31/01/2007,506241
New India,India,100,31/01/2007,604877
New India,Cash & Fixed Interest,0,31/01/2007,604877
New Zealand,New Zealand,70,31/01/2007,634874
New Zealand,Australia,28,31/01/2007,634874
New Zealand,Cash & Fixed Interest,2,31/01/2007,634874
Noble VCT,Not reported,,,
North Atlantic Smaller Companies,UK,55,31/01/2007,643900
North Atlantic Smaller Companies,USA,23,31/01/2007,643900
North Atlantic Smaller Companies,Cash & Fixed Interest,22,31/01/2007,643900
Northern 2 VCT,Not reported,,,
Northern 3 VCT,Not reported,,,
Northern AIM VCT,Not reported,,,
Northern Investors,Not reported,,,
Northern Venture Trust VCT,Not reported,,,
Northern Venture Trust VCT C shares,Not reported,,,
Old Mutual South Africa,Cash & Fixed Interest,100,31/01/2007,659941
Pacific Assets,China,10,31/01/2007,667438
Pacific Assets,Hong Kong,21,31/01/2007,667438
Pacific Assets,Indonesia,5,31/01/2007,667438
Pacific Assets,Malaysia,7,31/01/2007,667438
Pacific Assets,Philippines,4,31/01/2007,667438
Pacific Assets,Singapore,15,31/01/2007,667438
Pacific Assets,South Korea,19,31/01/2007,667438
Pacific Assets,Taiwan,16,31/01/2007,667438
Pacific Assets,Thailand,2,31/01/2007,667438
Pacific Assets,Cash & Fixed Interest,1,31/01/2007,667438
Pacific Horizon,India,1,31/01/2007,666747
Pacific Horizon,Hong Kong,33,31/01/2007,666747
Pacific Horizon,Indonesia,5,31/01/2007,666747
Pacific Horizon,Malaysia,5,31/01/2007,666747
Pacific Horizon,Philippines,2,31/01/2007,666747
Pacific Horizon,Singapore,13,31/01/2007,666747
Pacific Horizon,South Korea,14,31/01/2007,666747
Pacific Horizon,Taiwan,14,31/01/2007,666747
Pacific Horizon,Thailand,9,31/01/2007,666747
Pacific Horizon,Vietnam,3,31/01/2007,666747
Pacific Horizon,Cash & Fixed Interest,1,31/01/2007,666747
Pantheon International Participations,Not reported,,,
Pennine AIM VCT,Not reported,,,
Pennine AIM VCT 5,Not reported,,,
Pennine AIM VCT 6,Not reported,,,
Pennine Downing AIM VCT 2,Not reported,,,
Perpetual Income & Growth,European Developed,1,31/01/2007,679842
Perpetual Income & Growth,UK,93,31/01/2007,679842
Perpetual Income & Growth,USA,8,31/01/2007,679842
Perpetual Income & Growth,Cash & Fixed Interest,-2,31/01/2007,679842
Perpetual Japanese,Japan,100,31/01/2007,682958
Personal Assets,UK,50,31/01/2007,682754
Personal Assets,USA,2,31/01/2007,682754
Personal Assets,Cash & Fixed Interest,48,31/01/2007,682754
Phoenix VCT,Not reported,,,
Phoenix VCT C shares,Not reported,,,
Platinum,Not reported,,,
Polar Capital Technology,France,3,31/01/2007,422002
Polar Capital Technology,Germany,1,31/01/2007,422002
Polar Capital Technology,Luxembourg,1,31/01/2007,422002
Polar Capital Technology,Netherlands,4,31/01/2007,422002
Polar Capital Technology,Norway,1,31/01/2007,422002
Polar Capital Technology,UK,14,31/01/2007,422002
Polar Capital Technology,Japan,10,31/01/2007,422002
Polar Capital Technology,South Korea,2,31/01/2007,422002
Polar Capital Technology,Taiwan,8,31/01/2007,422002
Polar Capital Technology,USA,50,31/01/2007,422002
Polar Capital Technology,Cash & Fixed Interest,6,31/01/2007,422002
Prelude Trust,Not reported,,,
Premier Utilities,Czech Republic,5,31/01/2007,3353790
Premier Utilities,Hungary,2,31/01/2007,3353790
Premier Utilities,France,11,31/01/2007,3353790
Premier Utilities,Germany,10,31/01/2007,3353790
Premier Utilities,Italy,11,31/01/2007,3353790
Premier Utilities,Portugal,4,31/01/2007,3353790
Premier Utilities,Spain,3,31/01/2007,3353790
Premier Utilities,UK,22,31/01/2007,3353790
Premier Utilities,China,7,31/01/2007,3353790
Premier Utilities,Far East & Pacific Region,4,31/01/2007,3353790
Premier Utilities,Hong Kong,2,31/01/2007,3353790
Premier Utilities,Malaysia,2,31/01/2007,3353790
Premier Utilities,Singapore,2,31/01/2007,3353790
Premier Utilities,South Korea,3,31/01/2007,3353790
Premier Utilities,Canada,3,31/01/2007,3353790
Premier Utilities,USA,8,31/01/2007,3353790
Premier Utilities,Cash & Fixed Interest,1,31/01/2007,3353790
Principle Capital,Not reported,,,
Principle Capital C shares,Not reported,,,
Private Equity Investor,USA,62,31/01/2007,50403
Private Equity Investor,Cash & Fixed Interest,38,31/01/2007,50403
Prodesse,Not reported,,,
Prospect Japan Fund,Not reported,,,
ProVen Growth and Income VCT,Not reported,,,
ProVen Growth and Income VCT C shares,Not reported,,,
ProVen VCT,Not reported,,,
Puma VCT,Not reported,,,
Puma VCT II,Not reported,,,
Quester VCT,Not reported,,,
Recovery Trust,UK,97,31/01/2007,3076031
Recovery Trust,Cash & Fixed Interest,3,31/01/2007,3076031
Renaissance US Growth,Canada,3,31/01/2007,732518
Renaissance US Growth,USA,78,31/01/2007,732518
Renaissance US Growth,Cash & Fixed Interest,19,31/01/2007,732518
Rensburg AIM VCT,Not reported,,,
Resources Investment Trust,UK,11,31/01/2007,3098314
Resources Investment Trust,Australia,2,31/01/2007,3098314
Resources Investment Trust,Canada,15,31/01/2007,3098314
Resources Investment Trust,USA,1,31/01/2007,3098314
Resources Investment Trust,Cash & Fixed Interest,71,31/01/2007,3098314
Rights & Issues,Not reported,,,
RIT Capital Partners,Africa Regional,1,31/01/2007,736639
RIT Capital Partners,India,3,31/01/2007,736639
RIT Capital Partners,Other Asia,1,31/01/2007,736639
RIT Capital Partners,Kazakhstan,1,31/01/2007,736639
RIT Capital Partners,Russia,1,31/01/2007,736639
RIT Capital Partners,Denmark,1,31/01/2007,736639
RIT Capital Partners,European Developed,7,31/01/2007,736639
RIT Capital Partners,France,2,31/01/2007,736639
RIT Capital Partners,Germany,4,31/01/2007,736639
RIT Capital Partners,Italy,2,31/01/2007,736639
RIT Capital Partners,Netherlands,1,31/01/2007,736639
RIT Capital Partners,Sweden,1,31/01/2007,736639
RIT Capital Partners,Switzerland,1,31/01/2007,736639
RIT Capital Partners,UK,12,31/01/2007,736639
RIT Capital Partners,Australia,1,31/01/2007,736639
RIT Capital Partners,China,1,31/01/2007,736639
RIT Capital Partners,Hong Kong,1,31/01/2007,736639
RIT Capital Partners,Japan,5,31/01/2007,736639
RIT Capital Partners,Singapore,4,31/01/2007,736639
RIT Capital Partners,Taiwan,2,31/01/2007,736639
RIT Capital Partners,Canada,4,31/01/2007,736639
RIT Capital Partners,USA,37,31/01/2007,736639
RIT Capital Partners,Cash & Fixed Interest,7,31/01/2007,736639
Royal London UK Equity & Income,UK,82,31/01/2007,3079405
Royal London UK Equity & Income,Cash & Fixed Interest,18,31/01/2007,3079405
Rutland Trust,Not reported,,,
Schroder AsiaPacific,India,4,31/01/2007,791887
Schroder AsiaPacific,China,6,31/01/2007,791887
Schroder AsiaPacific,Hong Kong,23,31/01/2007,791887
Schroder AsiaPacific,Indonesia,7,31/01/2007,791887
Schroder AsiaPacific,Malaysia,4,31/01/2007,791887
Schroder AsiaPacific,Philippines,6,31/01/2007,791887
Schroder AsiaPacific,Singapore,13,31/01/2007,791887
Schroder AsiaPacific,South Korea,20,31/01/2007,791887
Schroder AsiaPacific,Taiwan,12,31/01/2007,791887
Schroder AsiaPacific,Thailand,2,31/01/2007,791887
Schroder AsiaPacific,Cash & Fixed Interest,3,31/01/2007,791887
Schroder Income Growth,UK,94,31/01/2007,791586
Schroder Income Growth,Cash & Fixed Interest,6,31/01/2007,791586
Schroder Japan Growth,Japan,99,31/01/2007,802284
Schroder Japan Growth,Cash & Fixed Interest,1,31/01/2007,802284
Schroder UK Growth,UK,101,31/01/2007,791348
Schroder UK Growth,Cash & Fixed Interest,-1,31/01/2007,791348
Schroder UK Mid & Small Cap,UK,99,31/01/2007,610841
Schroder UK Mid & Small Cap,Cash & Fixed Interest,1,31/01/2007,610841
Scottish American,India,1,31/01/2007,787369
Scottish American,Russia,2,31/01/2007,787369
Scottish American,France,1,31/01/2007,787369
Scottish American,Germany,2,31/01/2007,787369
Scottish American,Greece,1,31/01/2007,787369
Scottish American,Sweden,3,31/01/2007,787369
Scottish American,UK,68,31/01/2007,787369
Scottish American,Japan,2,31/01/2007,787369
Scottish American,South Korea,1,31/01/2007,787369
Scottish American,Brazil,3,31/01/2007,787369
Scottish American,USA,12,31/01/2007,787369
Scottish American,Cash & Fixed Interest,4,31/01/2007,787369
Scottish Investment Trust,New Zealand,1,31/01/2007,782609
Scottish Investment Trust,France,6,31/01/2007,782609
Scottish Investment Trust,Germany,6,31/01/2007,782609
Scottish Investment Trust,Ireland,1,31/01/2007,782609
Scottish Investment Trust,Italy,3,31/01/2007,782609
Scottish Investment Trust,Sweden,1,31/01/2007,782609
Scottish Investment Trust,Switzerland,1,31/01/2007,782609
Scottish Investment Trust,UK,37,31/01/2007,782609
Scottish Investment Trust,Australia,2,31/01/2007,782609
Scottish Investment Trust,China,2,31/01/2007,782609
Scottish Investment Trust,Hong Kong,3,31/01/2007,782609
Scottish Investment Trust,Japan,3,31/01/2007,782609
Scottish Investment Trust,Singapore,2,31/01/2007,782609
Scottish Investment Trust,Taiwan,2,31/01/2007,782609
Scottish Investment Trust,Canada,1,31/01/2007,782609
Scottish Investment Trust,USA,20,31/01/2007,782609
Scottish Investment Trust,Cash & Fixed Interest,9,31/01/2007,782609
Scottish Mortgage,India,1,31/01/2007,783884
Scottish Mortgage,Russia,4,31/01/2007,783884
Scottish Mortgage,France,1,31/01/2007,783884
Scottish Mortgage,Germany,4,31/01/2007,783884
Scottish Mortgage,Sweden,6,31/01/2007,783884
Scottish Mortgage,Switzerland,1,31/01/2007,783884
Scottish Mortgage,UK,35,31/01/2007,783884
Scottish Mortgage,Australia,1,31/01/2007,783884
Scottish Mortgage,China,2,31/01/2007,783884
Scottish Mortgage,Japan,3,31/01/2007,783884
Scottish Mortgage,Singapore,1,31/01/2007,783884
Scottish Mortgage,South Korea,3,31/01/2007,783884
Scottish Mortgage,Taiwan,1,31/01/2007,783884
Scottish Mortgage,Brazil,6,31/01/2007,783884
Scottish Mortgage,Israel,1,31/01/2007,783884
Scottish Mortgage,Canada,1,31/01/2007,783884
Scottish Mortgage,Netherlands Antilles,24,31/01/2007,783884
Scottish Mortgage,Cash & Fixed Interest,5,31/01/2007,783884
Scottish Oriental Smaller Companies,India,4,31/01/2007,783613
Scottish Oriental Smaller Companies,Sri Lanka,3,31/01/2007,783613
Scottish Oriental Smaller Companies,China,6,31/01/2007,783613
Scottish Oriental Smaller Companies,Hong Kong,14,31/01/2007,783613
Scottish Oriental Smaller Companies,Indonesia,3,31/01/2007,783613
Scottish Oriental Smaller Companies,Malaysia,12,31/01/2007,783613
Scottish Oriental Smaller Companies,Philippines,4,31/01/2007,783613
Scottish Oriental Smaller Companies,Singapore,18,31/01/2007,783613
Scottish Oriental Smaller Companies,South Korea,10,31/01/2007,783613
Scottish Oriental Smaller Companies,Taiwan,9,31/01/2007,783613
Scottish Oriental Smaller Companies,Thailand,10,31/01/2007,783613
Scottish Oriental Smaller Companies,Vietnam,4,31/01/2007,783613
Scottish Oriental Smaller Companies,Cash & Fixed Interest,3,31/01/2007,783613
Securities Trust of Scotland,UK,98,31/01/2007,B09G3N2
Securities Trust of Scotland,Cash & Fixed Interest,2,31/01/2007,B09G3N2
Shires Income,UK,74,31/01/2007,805250
Shires Income,USA,1,31/01/2007,805250
Shires Income,Cash & Fixed Interest,25,31/01/2007,805250
Shires Smaller Companies,UK,69,31/01/2007,806372
Shires Smaller Companies,Cash & Fixed Interest,31,31/01/2007,806372
Sitka Health Fund VCT,Not reported,,,
Small Companies Dividend,UK,101,31/01/2007,661582
Small Companies Dividend,Cash & Fixed Interest,-1,31/01/2007,661582
Smaller Companies Value Trust,UK,101,31/01/2007,3152856
Smaller Companies Value Trust,Cash & Fixed Interest,-1,31/01/2007,3152856
Smaller Companies Value Unit,Not reported,,,
SR Europe,Russia,2,31/01/2007,3066894
SR Europe,Finland,2,31/01/2007,3066894
SR Europe,France,8,31/01/2007,3066894
SR Europe,Germany,23,31/01/2007,3066894
SR Europe,Greece,1,31/01/2007,3066894
SR Europe,Italy,5,31/01/2007,3066894
SR Europe,Netherlands,13,31/01/2007,3066894
SR Europe,Norway,6,31/01/2007,3066894
SR Europe,Spain,3,31/01/2007,3066894
SR Europe,Sweden,4,31/01/2007,3066894
SR Europe,Switzerland,7,31/01/2007,3066894
SR Europe,UK,27,31/01/2007,3066894
SR Europe,Cash & Fixed Interest,-1,31/01/2007,3066894
Standard Life Equity Income,UK,99,31/01/2007,603959
Standard Life Equity Income,Cash & Fixed Interest,1,31/01/2007,603959
Standard Life European Private Equity,Not reported,,,
Standard Life Investments Property Income,Not reported,,,
Strategic Equity Capital,Not reported,,,
SVG Capital,Not reported,,,
SVM UK Active,Not reported,,,
Tapestry,Not reported,,,
Temple Bar,UK,93,31/01/2007,882532
Temple Bar,Cash & Fixed Interest,7,31/01/2007,882532
Templeton Emerging Markets,South Africa,3,31/01/2007,882929
Templeton Emerging Markets,India,3,31/01/2007,882929
Templeton Emerging Markets,Pakistan,1,31/01/2007,882929
Templeton Emerging Markets,Hungary,5,31/01/2007,882929
Templeton Emerging Markets,Poland,3,31/01/2007,882929
Templeton Emerging Markets,Russia,9,31/01/2007,882929
Templeton Emerging Markets,Turkey,8,31/01/2007,882929
Templeton Emerging Markets,Austria,1,31/01/2007,882929
Templeton Emerging Markets,China,2,31/01/2007,882929
Templeton Emerging Markets,Hong Kong,15,31/01/2007,882929
Templeton Emerging Markets,Indonesia,1,31/01/2007,882929
Templeton Emerging Markets,Malaysia,2,31/01/2007,882929
Templeton Emerging Markets,South Korea,14,31/01/2007,882929
Templeton Emerging Markets,Taiwan,3,31/01/2007,882929
Templeton Emerging Markets,Thailand,7,31/01/2007,882929
Templeton Emerging Markets,Brazil,20,31/01/2007,882929
Templeton Emerging Markets,Mexico,1,31/01/2007,882929
Templeton Emerging Markets,Cash & Fixed Interest,2,31/01/2007,882929
Throgmorton Trust,Netherlands,1,31/01/2007,891055
Throgmorton Trust,UK,85,31/01/2007,891055
Throgmorton Trust,Australia,3,31/01/2007,891055
Throgmorton Trust,Israel,1,31/01/2007,891055
Throgmorton Trust,Bermuda,1,31/01/2007,891055
Throgmorton Trust,Canada,1,31/01/2007,891055
Throgmorton Trust,USA,1,31/01/2007,891055
Throgmorton Trust,Cash & Fixed Interest,7,31/01/2007,891055
TR European Growth,Bulgaria,1,31/01/2007,906692
TR European Growth,Russia,1,31/01/2007,906692
TR European Growth,Turkey,2,31/01/2007,906692
TR European Growth,Austria,11,31/01/2007,906692
TR European Growth,Belgium,2,31/01/2007,906692
TR European Growth,Cyprus,1,31/01/2007,906692
TR European Growth,Denmark,2,31/01/2007,906692
TR European Growth,European Developed,2,31/01/2007,906692
TR European Growth,Finland,2,31/01/2007,906692
TR European Growth,France,12,31/01/2007,906692
TR European Growth,Germany,11,31/01/2007,906692
TR European Growth,Greece,6,31/01/2007,906692
TR European Growth,Italy,10,31/01/2007,906692
TR European Growth,Netherlands,11,31/01/2007,906692
TR European Growth,Norway,5,31/01/2007,906692
TR European Growth,Portugal,1,31/01/2007,906692
TR European Growth,Spain,2,31/01/2007,906692
TR European Growth,Sweden,6,31/01/2007,906692
TR European Growth,Switzerland,6,31/01/2007,906692
TR European Growth,UK,6,31/01/2007,906692
TR Property,Austria,1,31/01/2007,906409
TR Property,Belgium,1,31/01/2007,906409
TR Property,Denmark,0,31/01/2007,906409
TR Property,Finland,1,31/01/2007,906409
TR Property,France,13,31/01/2007,906409
TR Property,Germany,2,31/01/2007,906409
TR Property,Greece,1,31/01/2007,906409
TR Property,Italy,2,31/01/2007,906409
TR Property,Luxembourg,1,31/01/2007,906409
TR Property,Netherlands,10,31/01/2007,906409
TR Property,Spain,1,31/01/2007,906409
TR Property,Sweden,4,31/01/2007,906409
TR Property,Switzerland,1,31/01/2007,906409
TR Property,UK,63,31/01/2007,906409
TR Property,Cash & Fixed Interest,-1,31/01/2007,906409
Tribune UK Tracker,UK,100,31/01/2007,B0S49V7
UK Select Trust,UK,104,31/01/2007,461823
UK Select Trust,Cash & Fixed Interest,-4,31/01/2007,461823
Ukraine Opportunity,Not reported,,,
Unicorn AIM VCT,UK,88,31/01/2007,3091830
Unicorn AIM VCT,USA,6,31/01/2007,3091830
Unicorn AIM VCT,Cash & Fixed Interest,6,31/01/2007,3091830
Unicorn AIM VCT II,UK,90,31/01/2007,B03GW19
Unicorn AIM VCT II,Cash & Fixed Interest,10,31/01/2007,B03GW19
Unicorn AIM VCT II C shares,UK,60,31/01/2007,B0M2L66
Unicorn AIM VCT II C shares,Cash & Fixed Interest,40,31/01/2007,B0M2L66
Unicorn AIM VCT Series 2,UK,96,31/01/2007,3420672
Unicorn AIM VCT Series 2,Cash & Fixed Interest,4,31/01/2007,3420672
US Special Opportunities,European Developed,1,31/01/2007,3031319
US Special Opportunities,UK,9,31/01/2007,3031319
US Special Opportunities,Hong Kong,2,31/01/2007,3031319
US Special Opportunities,Canada,3,31/01/2007,3031319
US Special Opportunities,USA,51,31/01/2007,3031319
US Special Opportunities,Cash & Fixed Interest,34,31/01/2007,3031319
US Special Opportunities Geared Unit,Not reported,,,
Utilico,New Zealand,24,31/01/2007,B00KTN5
Utilico,Austria,3,31/01/2007,B00KTN5
Utilico,Belgium,1,31/01/2007,B00KTN5
Utilico,Germany,3,31/01/2007,B00KTN5
Utilico,Greece,1,31/01/2007,B00KTN5
Utilico,Italy,1,31/01/2007,B00KTN5
Utilico,Luxembourg,1,31/01/2007,B00KTN5
Utilico,Norway,2,31/01/2007,B00KTN5
Utilico,Switzerland,7,31/01/2007,B00KTN5
Utilico,UK,41,31/01/2007,B00KTN5
Utilico,Australia,8,31/01/2007,B00KTN5
Utilico,Malaysia,1,31/01/2007,B00KTN5
Utilico,Bermuda,7,31/01/2007,B00KTN5
Utilico,USA,2,31/01/2007,B00KTN5
Utilico,Cash & Fixed Interest,-2,31/01/2007,B00KTN5
Utilico Emerging Markets,Czech Republic,1,31/01/2007,B0DQY35
Utilico Emerging Markets,Hungary,1,31/01/2007,B0DQY35
Utilico Emerging Markets,Romania,1,31/01/2007,B0DQY35
Utilico Emerging Markets,UK,9,31/01/2007,B0DQY35
Utilico Emerging Markets,China,9,31/01/2007,B0DQY35
Utilico Emerging Markets,Hong Kong,4,31/01/2007,B0DQY35
Utilico Emerging Markets,Malaysia,20,31/01/2007,B0DQY35
Utilico Emerging Markets,Philippines,4,31/01/2007,B0DQY35
Utilico Emerging Markets,South Korea,1,31/01/2007,B0DQY35
Utilico Emerging Markets,Thailand,10,31/01/2007,B0DQY35
Utilico Emerging Markets,Brazil,26,31/01/2007,B0DQY35
Utilico Emerging Markets,Mexico,4,31/01/2007,B0DQY35
Utilico Emerging Markets,Israel,1,31/01/2007,B0DQY35
Utilico Emerging Markets,USA,8,31/01/2007,B0DQY35
Utilico Emerging Markets,Cash & Fixed Interest,1,31/01/2007,B0DQY35
Value and Income,UK,99,31/01/2007,848471
Value and Income,Cash & Fixed Interest,1,31/01/2007,848471
Ventus 2 VCT,Not reported,,,
Ventus 3 VCT,Not reported,,,
Ventus VCT,Not reported,,,
Vietnam Opportunity,Not reported,,,
Vinaland,Not reported,,,
Witan,Belgium,1,31/01/2007,974406
Witan,France,5,31/01/2007,974406
Witan,Germany,2,31/01/2007,974406
Witan,Italy,1,31/01/2007,974406
Witan,Netherlands,3,31/01/2007,974406
Witan,Spain,1,31/01/2007,974406
Witan,Switzerland,2,31/01/2007,974406
Witan,UK,44,31/01/2007,974406
Witan,Australia,1,31/01/2007,974406
Witan,Hong Kong,2,31/01/2007,974406
Witan,Japan,8,31/01/2007,974406
Witan,Singapore,1,31/01/2007,974406
Witan,South Korea,1,31/01/2007,974406
Witan,Taiwan,1,31/01/2007,974406
Witan,Mexico,1,31/01/2007,974406
Witan,Canada,1,31/01/2007,974406
Witan,USA,20,31/01/2007,974406
Witan,Cash & Fixed Interest,5,31/01/2007,974406
Witan Pacific,India,6,31/01/2007,365602
Witan Pacific,Australia,10,31/01/2007,365602
Witan Pacific,China,6,31/01/2007,365602
Witan Pacific,Hong Kong,8,31/01/2007,365602
Witan Pacific,Japan,41,31/01/2007,365602
Witan Pacific,Malaysia,3,31/01/2007,365602
Witan Pacific,Philippines,1,31/01/2007,365602
Witan Pacific,Singapore,7,31/01/2007,365602
Witan Pacific,South Korea,9,31/01/2007,365602
Witan Pacific,Taiwan,6,31/01/2007,365602
Witan Pacific,Thailand,2,31/01/2007,365602
Witan Pacific,Cash & Fixed Interest,1,31/01/2007,365602
World Trust Fund,Not reported,,,
Zero Preference Growth,UK,91,31/01/2007,822196
Zero Preference Growth,Cash & Fixed Interest,9,31/01/2007,822196
Zero Preference Growth Pkg Unit,Not reported,,,
