FundName,ISIN,Prior Charge,PCType,RepayType,Coupon,Fixed,% to Cap,CCY,Issued,IssuedValue,IssuedValReported CCY,CurrentValue,FairValue,RedValue,Redeems,Notes,RedeemedFlag,FairValue=ParValue,Reported CCY,ReportingDate,PCID,,
Aberdeen Asia Focus,GB00BMF19B58,3.05% Secured Notes 2035,D,N,3.05,Y,,GBP,01/12/2020,30000000,30000000,29920136,26863295,30000000,01/12/2035,Fair value based on quoted price for each security,F,F,GBX,31/07/2026,315,,
Aberdeen Asia Focus,GB00BMF19B58,Bank Loan,L,N,4.9292,Y,75,GBP,06/07/2026,25000000,25000000,24941342,24941342,25000000,06/08/2026,,F,T,GBX,31/07/2026,1377,,
Aberdeen Asian Income Fund,GB00B0P6J834,BKNS,L,N,4.656,Y,60,GBP,27/07/2026,17800000,17800000,17800000,17800000,17800000,27/08/2026,Bank of Nova Scotia,F,T,GBX,31/07/2026,599,,
Aberdeen Asian Income Fund,GB00B0P6J834,BKNS,L,N,3.755,Y,60,HKD,26/05/2026,73500000,6957295,6964943,6964943,6957295,26/08/2026,Bank of Nova Scotia,F,T,GBX,31/07/2026,601,,
Aberdeen Asian Income Fund,GB00B0P6J834,BKNS,L,N,4.495,Y,60,USD,27/07/2026,8850000,6576259,6576259,6576259,6576259,27/08/2026,Bank of Nova Scotia,F,T,GBX,31/07/2026,603,,
Aberdeen Asian Income Fund,GB00B0P6J834,BKNS,L,N,3.745,Y,60,HKD,15/06/2026,95000000,9127243,9002307,9002307,9127243,15/09/2026,Bank of Nova Scotia,F,T,GBX,31/07/2026,2127,,
Aberdeen Equity Income Trust,GB0006039597,Bank of China Loan,L,N,4.6296,Y,,GBP,23/06/2026,26000000,26000000,25912850,25912850,26000000,23/09/2026,,F,T,GBX,31/07/2026,587,,
Aberdeen Equity Income Trust,GB0006039597,RBSI Loan,L,N,3.903,N,,GBP,17/03/2026,10000000,10000000,9927532,9927532,10000000,30/04/2027,,F,T,GBX,31/07/2026,1993,,
Aberdeen New India Investment Trust,GB0006048770,LOAN,L,N,5.03,N,0,GBP,22/07/2026,12500000,12500000,12455000,12455000,12500000,24/08/2026,,F,T,GBX,31/07/2026,389,,
Aberdeen UK Smaller Companies Growth,GB0002959582,Bank of America - Loan,L,N,4.7291,Y,75,GBP,13/05/2026,25000000,25000000,25000000,25000000,25000000,13/08/2026,,F,T,GBX,31/07/2026,535,,
Aberforth Smaller Companies,GB0000066554,Loan Facility,L,N,66,N,66,GBP,15/06/2026,65000000,65000000,65000000,65000000,65000000,,,F,T,GBX,31/07/2026,139,,
Aberforth Smaller Companies,GB0000066554,Overdraft,L,N,,N,,GBP,28/04/2026,0,0,0,0,0,,,F,F,GBX,31/07/2026,2075,,
Alliance Witan,GB00B11V7W98,Babson,L,N,4.28,Y,75,GBP,11/07/2014,35000000,35000000,35000000,34194929,35000000,31/07/2029,,F,F,GBX,31/07/2026,269,,
Alliance Witan,GB00B11V7W98,M&G Loan,L,N,4.28,Y,75,GBP,11/07/2014,15000000,15000000,15000000,14654970,15000000,31/07/2029,,F,F,GBX,31/07/2026,271,,
Alliance Witan,GB00B11V7W98,Canada Life,L,N,4.28,Y,75,GBP,11/07/2014,15000000,15000000,15000000,14654970,15000000,31/07/2029,,F,F,GBX,31/07/2026,273,,
Alliance Witan,GB00B11V7W98,Metlife Loan,L,N,4.28,Y,75,GBP,11/07/2014,35000000,35000000,35000000,34194929,35000000,31/07/2029,,F,F,GBX,31/07/2026,275,,
Alliance Witan,GB00B11V7W98,Loan Series A,L,N,2.657,Y,75,GBP,28/11/2018,20000000,20000000,20000000,16637769,20000000,28/11/2033,,F,F,GBX,31/07/2026,277,,
Alliance Witan,GB00B11V7W98,Loan Series B,L,N,2.936,Y,75,GBP,28/11/2018,20000000,20000000,20000000,13302399,20000000,28/11/2043,,F,F,GBX,31/07/2026,279,,
Alliance Witan,GB00B11V7W98,Loan Series C,L,N,2.897,Y,75,GBP,28/11/2018,20000000,20000000,20000000,11392410,20000000,28/11/2053,,F,F,GBX,31/07/2026,281,,
Alliance Witan,GB00B11V7W98,Canada Life 2030,L,N,4.02,Y,75,EUR,30/11/2023,20000000,17323517,17105713,17110334,17105713,30/11/2030,,F,F,GBX,31/07/2026,283,,
Alliance Witan,GB00B11V7W98,Canada Life 2033,L,N,4.18,Y,75,EUR,30/11/2023,50000000,43308792,42764283,42338916,42764283,30/11/2033,,F,F,GBX,31/07/2026,285,,
Alliance Witan,GB00B11V7W98,Phoenix Life,L,N,2.39,Y,75,GBP,01/10/2019,50000000,50000000,50000000,25972602,50000000,01/10/2051,,F,F,GBX,31/07/2026,869,,
Alliance Witan,GB00B11V7W98,BAE Systems Pension Fund Series A,L,N,3.29,Y,75,GBP,01/06/2015,21000000,21000000,21000000,17628993,21000000,01/06/2035,,F,F,GBX,31/07/2026,871,,
Alliance Witan,GB00B11V7W98,Empower/Canada Life,L,N,2.74,Y,75,GBP,01/11/2017,30000000,30000000,30000000,16296981,30000000,01/11/2054,,F,F,GBX,31/07/2026,873,,
Alliance Witan,GB00B11V7W98,Canada Life Series B,L,N,3.47,Y,75,GBP,01/06/2015,54000000,54000000,54000000,38068481,54000000,01/06/2045,,F,F,GBX,31/07/2026,874,,
Alliance Witan,GB00B11V7W98,Scotia Loan EUR,L,N,3.11,Y,75,EUR,20/07/2026,53587055,45709910,45455183,45455183,45455183,20/08/2026,,F,T,GBX,31/07/2026,1175,,
Alliance Witan,GB00B11V7W98,Scotia Loan USD,L,N,4.47,Y,75,USD,27/07/2026,71367503,53297565,52943251,52943251,52943251,27/08/2026,,F,T,GBX,31/07/2026,1815,,
Artemis UK Future Leaders,GB00B1FL3C76,CFD Long,X,N,,Y,,GBP,,,,9999082,9999082,,,,F,F,GBX,31/07/2026,2215,,
AVI Global Trust,GB00BLH3CY60,1.38% JPY Sen Uns Loan Note,L,N,1.38,Y,70,JPY,06/07/2022,8000000000,49515675,37226290,32562892,0,06/07/2032,,F,F,GBX,31/07/2026,297,,
AVI Global Trust,GB00BLH3CY60,1.44% JPY Sen Uns Loan Note,L,N,1.44,Y,70,JPY,25/07/2023,4500000000,24802271,20966651,17784221,0,25/07/2033,,F,F,GBX,31/07/2026,299,,
AVI Global Trust,GB00BLH3CY60,3.249% Series A Senior Uns Loan Note,L,N,3.249,Y,70,EUR,15/01/2016,30000000,22752266,25603478,22705570,0,15/01/2036,,F,F,GBX,31/07/2026,301,,
AVI Global Trust,GB00BLH3CY60,4.184% Series A Sen Uns Loan Note,L,N,4.184,Y,70,GBP,15/01/2016,30000000,30000000,29939488,25336238,0,15/01/2036,,F,F,GBX,31/07/2026,303,,
AVI Global Trust,GB00BLH3CY60,2.93% Series Uns Loan Note,L,N,2.93,Y,70,EUR,01/11/2017,20000000,17526180,17023566,14308755,0,01/11/2037,,F,F,GBX,31/07/2026,305,,
AVI Global Trust,GB00BLH3CY60,2.28% JPY Sen Uns Loan Note,L,N,2.28,Y,70,JPY,12/09/2024,5000000000,26827632.46,23299394,18641896,0,12/09/2039,,F,F,GBX,31/07/2026,811,,
AVI Japan Opportunity Trust,GB00BD6H5D36,JPY Unsecured Revolving Credit Facility,L,N,2.028,N,90,JPY,08/04/2026,9200000000,50585960,42935480,42935480,,03/04/2028,,F,T,GBX,31/07/2026,197,,
Baillie Gifford China Growth,GB0003656021,RBSI HKD 83m Loan to 12 October 2026,L,N,4.506,Y,100,HKD,10/07/2026,83000000,7908589,7865186,7865186,,12/10/2026,,F,T,GBX,31/07/2026,2261,,
Baillie Gifford European Growth,GB00BMC7T380,eur30m senior notes at 1.57% 2040,L,N,1.57,Y,70,EUR,08/12/2020,30000000,27334852,25648523,17049013,0,08/12/2040,,F,F,GBX,31/07/2026,73,,
Baillie Gifford European Growth,GB00BMC7T380,EUR30m Senior Notes at 1.55%,L,N,1.55,Y,70,EUR,24/06/2021,30000000,25659667,25648523,19991933,0,24/06/2036,,F,F,GBX,31/07/2026,75,,
Baillie Gifford Japan Trust,GB0000485838,CL Series A Senior Loan Note 1.56% 2029,L,N,1.56,Y,,JPY,20/11/2024,4000000000,20513026,18667422,18302810,,20/11/2029,,F,F,GBX,31/07/2026,967,,
Baillie Gifford Japan Trust,GB0000485838,CL Series B Senior Loan Note 2.05% 2034,L,N,2.05,Y,,JPY,20/11/2024,4000000000,20513026,18667422,17289939,,20/11/2034,,F,F,GBX,31/07/2026,969,,
Baillie Gifford Japan Trust,GB0000485838,CL Series C Senior Loan Note 2.55% 2038,L,N,2.55,Y,,JPY,20/11/2024,4000000000,20513026,18667422,16640699,,20/11/2038,,F,F,GBX,31/07/2026,973,,
Baillie Gifford Japan Trust,GB0000485838,BNYM ¥10.5bn @ TIBOR + 1.15%,L,N,2.491,Y,10,JPY,27/02/2026,10500000000,49798659,49001983,49001983,,28/08/2026,,F,F,GBX,31/07/2026,1955,,
Baillie Gifford Shin Nippon,GB00BFXYH242,BoA Y11.107bn @ 0.95% + TONAR,L,N,0.95,Y,100,JPY,15/06/2026,11107000000,51674444,51834764,51834764,,15/09/2026,Short term loan,F,T,GBX,31/07/2026,2201,,
Baillie Gifford UK Growth,GB0007913485,BNYM £24.35m @ 1.1% + SONIA,L,N,5.115,Y,100,GBP,03/07/2026,24350000,24350000,24350000,24350000,,04/01/2027,,F,T,GBX,31/07/2026,2257,,
Baillie Gifford US Growth,GB00BDFGHW41,RBSI US$50M AT 1.15% + SOFR,L,N,4.79,Y,100,USD,30/07/2026,50000000,37626520,37154003,37154003,,30/10/2026,,F,T,GBX,31/07/2026,2259,,
Bankers Investment Trust,GB00BN4NDR39,3.68% unsecured loan notes 2035,L,N,3.68,Y,70,GBP,27/05/2015,50000000,50000000,49579000,42787570.8,50000000,27/05/2035,,F,F,GBX,31/07/2026,627,,
Bankers Investment Trust,GB00BN4NDR39,2.28% Unsecured Senior Note 2045,D,N,2.28,Y,70,GBP,03/08/2021,37000000,37000000,37019000,20072236.33,37000000,03/08/2045,,F,F,GBX,31/07/2026,629,,
Bankers Investment Trust,GB00BN4NDR39,1.67% Unsecured Senior Note 2041,D,N,1.67,Y,70,EUR,03/08/2021,44000000,37534000,37637000,26003819.39,37534000,03/08/2041,,F,F,GBX,31/07/2026,631,,
Biotech Growth Trust,GB0000385517,Overdraft,L,N,,N,,GBP,,0,0,0,0,0,,Bank overdraft,F,T,GBX,31/07/2026,317,,
BlackRock American Income,GB00B7W0XJ61,Long Cash Offset CFD,X,N,,Y,,GBP,01/07/2026,7935,7935,7935,7935,7935,31/07/2026,,F,T,GBX,31/07/2026,1415,,
BlackRock Energy and Resources Income,GB00B0N8MF98,Bank Overdraft,L,N,4.6295,N,75,GBP,31/07/2026,16927486,16927486,16927486,16927486,16927486,01/08/2026,,F,T,GBX,31/07/2026,25,,
BlackRock Frontiers,GB00B3SXM832,Preference share,P,N,,Y,,USD,01/07/2026,19246,14301,14301,14301,14301,31/07/2026,,F,T,GBX,31/07/2026,153,,
BlackRock Frontiers,GB00B3SXM832,Long Cash Offset CFD,X,N,,Y,,USD,01/07/2026,78244915,58143796,58143796,58143796,58143796,31/07/2026,,F,T,GBX,31/07/2026,155,,
BlackRock Frontiers,GB00B3SXM832,Short Cash Offset CFD,G,N,,Y,,USD,01/07/2026,4843729,3599375,3599375,3599375,3599375,31/07/2026,,F,T,GBX,31/07/2026,159,,
BlackRock Frontiers,GB00B3SXM832,Overdraft,L,N,5.45,N,,CAD,31/07/2026,1335,707,707,707,707,01/08/2026,,F,T,GBX,31/07/2026,2137,,
BlackRock Frontiers,GB00B3SXM832,Overdraft,L,N,29.5,N,,NGN,31/07/2026,223121,121,121,121,121,01/08/2026,,F,T,GBX,31/07/2026,2273,,
BlackRock Frontiers,GB00B3SXM832,Overdraft,L,N,12.95,N,,BDT,31/07/2026,170,1,1,1,1,01/08/2026,,F,T,GBX,31/07/2026,2275,,
BlackRock Greater Europe,GB00B01RDH75,Overdraft,L,N,6.75,N,80,GBP,31/07/2026,766802,766802,766802,766802,766802,01/08/2026,,F,T,GBX,31/07/2026,1411,,
BlackRock Greater Europe,GB00B01RDH75,Overdraft,L,N,3.768,N,80,EUR,31/07/2026,53408759,53408759,53408759,53408759,53408759,01/08/2026,,F,T,GBX,31/07/2026,1929,,
BlackRock Income & Growth,GB0030961691,BNYM Bank,L,N,4.7294,N,75,GBP,19/06/2026,6000000,6000000,6000000,6000000,6000000,18/09/2026,,F,T,GBX,31/07/2026,51,,
BlackRock Smaller Companies,GB00BWQGKH23,2.74% Debenture Stock 2037,D,N,2.74,Y,75,GBP,24/05/2017,25000000,25000000,24851697,18020000,25000000,24/05/2037,,F,F,GBX,31/07/2026,57,,
BlackRock Smaller Companies,GB00BWQGKH23,2.41% Debenture Stock 2044,D,N,2.41,Y,75,GBP,28/02/2020,20000000,20000000,19882392,10942000,20000000,22/01/2044,,F,F,GBX,31/07/2026,59,,
BlackRock Smaller Companies,GB00BWQGKH23,2.47% Debenture Stock 2046,D,N,2.47,Y,75,GBP,16/09/2021,25000000,25000000,24848588,12575000,25000000,16/09/2046,,F,F,GBX,31/07/2026,61,,
BlackRock World Mining,GB0005774855,Bank Loan,L,N,4.7445,N,75,USD,11/06/2026,200000000,148616013,148616013,148616013,148616013,10/09/2026,,F,T,GBX,31/07/2026,243,,
Brunner Investment Trust,GB0001490001,PREF SHARES,P,N,5,Y,,GBP,,0,0,450000,368919,0,,"Fair value calculated using a 3.5% War Loan, plus a margin of 1.629%",F,F,GBX,31/07/2026,511,,
Brunner Investment Trust,GB0001490001,Fixed rate notes 2048,L,N,2.84,Y,,GBP,28/06/2018,0,0,24743938.52,13694500,0,28/06/2048,,F,F,GBX,31/07/2026,513,,
CC Japan Income & Growth Trust,GB00BYSRMH16,CFD Long Cash Offset,X,N,,Y,,GBP,31/12/2015,51307245,60001331,76258707,76258707,60001331,,,F,T,GBX,31/07/2026,635,,
City of London Investment Trust,GB0001990497,4.2% Cum 1st Pref Stock,P,N,6,Y,70,GBP,,301982,301982,301982,265744,301982,,Fair value based on quoted price for each security,F,F,GBX,31/07/2026,395,,
City of London Investment Trust,GB0001990497,4.2% Non-Cum 2nd Pref Stock,P,N,4.2,Y,70,GBP,,507202,507202,507202,481842,507202,,Fair value based on quoted price for each security,F,F,GBX,31/07/2026,397,,
City of London Investment Trust,GB0001990497,Pref Ord Stock (14% Non-cum),P,N,20,Y,70,GBP,,589672,589672,589672,1886950,589672,,Fair value based on quoted price for each security,F,F,GBX,31/07/2026,399,,
City of London Investment Trust,GB0001990497,4.53% Secured Notes 2029,L,N,4.53,Y,70,GBP,21/01/2014,35000000,35000000,34897840,34662354,35000000,01/01/2029,,F,F,GBX,31/07/2026,401,,
City of London Investment Trust,GB0001990497,2.94% Secured Notes 2049,L,N,2.94,Y,70,GBP,17/11/2017,50000000,50000000,49706969,29215726,50000000,17/11/2049,,F,F,GBX,31/07/2026,403,,
City of London Investment Trust,GB0001990497,Bank Overdraft,L,N,5,Y,70,GBP,31/07/2026,37811028,37811028,37811028,37811028,37811028,01/08/2026,,F,T,GBX,31/07/2026,405,,
City of London Investment Trust,GB0001990497,2.67% Secured Notes,L,N,2.67,Y,70,GBP,19/03/2021,30000000,30000000,29782846,17879795,30000000,19/03/2046,,F,F,GBX,31/07/2026,407,,
CQS Natural Resources Growth & Income,GB0000353929,Short Term Bank Facility,L,N,5.077,Y,75,GBP,12/06/2026,14500000,14500000,14500000,14500000,14500000,11/09/2026,,F,T,GBX,31/07/2026,591,,
CQS New City High Yield Fund,JE00B1LZS514,Revolving Credit Facility,L,N,,Y,,GBP,18/06/2026,40000000,40000000,40000000,40000000,40000000,18/09/2026,,F,T,GBX,31/07/2026,1791,,
CT Global Managed Portfolio Income,GB00B2PP3J36,Revolving Credit Facility,L,N,5,Y,60,GBP,22/07/2026,0,7000000,7000000,7000000,7000000,21/08/2026,,F,T,GBX,31/07/2026,651,,
CT UK Capital and Income,GB0003463287,RBSI Loan,L,N,,Y,,GBP,20/07/2026,23000000,30000000,30000000,30000000,30000000,20/08/2026,Loan,F,T,GBX,31/07/2026,199,,
CT UK High Income Trust,GB00B1N4G299,RBS Revolving Credit Facility,L,N,5.17,N,70,GBP,29/07/2026,20000000,20000000,20000000,20000000,20000000,28/08/2026,,F,F,GBX,31/07/2026,2255,,
Dunedin Income Growth,GB0003406096,Loan notes 3.99%,L,N,3.99,Y,60,GBP,,30000000,30000000,29760717,22667918,30000000,08/12/2045,Fair value of loan notes is calculated on a discounted cash flow basis,F,F,GBX,31/07/2026,379,,
Dunedin Income Growth,GB0003406096,Loan,L,N,3.284,Y,60,EUR,22/07/2026,22600000,19198097,19322019,19322019,19322019,24/08/2026,,F,T,GBX,31/07/2026,381,,
Ecofin Global Utilities and Infrastructure,GB00BD3V4641,Bank overdraft,L,N,,Y,60,GBP,31/12/2021,20065612.65,20065612.65,20065612.65,20065612.65,20065612.65,31/07/2026,,F,T,GBX,31/07/2026,85,,
Edinburgh Investment Trust,GB0003052338,EDIT2051,D,N,2.53,Y,70,GBP,30/09/2021,20000000,20000000,20000000,9562619,20000000,30/09/2051,,F,F,GBX,31/07/2026,29,,
Edinburgh Investment Trust,GB0003052338,EDIT2057,D,N,2.53,Y,70,GBP,30/09/2022,30000000,30000000,30000000,12970822,30000000,30/09/2057,,F,F,GBX,31/07/2026,31,,
Edinburgh Investment Trust,GB0003052338,EDIT2047,D,N,2.49,Y,70,GBP,30/09/2022,35000000,35000000,35000000,17965987,35000000,30/09/2047,,F,F,GBX,31/07/2026,33,,
Edinburgh Investment Trust,GB0003052338,EDIT2037,D,N,2.26,Y,70,GBP,30/09/2022,35000000,35000000,35000000,23823326,35000000,30/09/2037,,F,F,GBX,31/07/2026,35,,
Edinburgh Worldwide,GB00BHSRZC82,BNYM USD 35m Loan to 30/10/2026,L,N,5.1175,Y,100,USD,09/06/2026,35000000,26229999,26007802,26007802,,30/10/2026,Short term loan,F,F,GBX,31/07/2026,2189,,
F&C Investment Trust,GB00BS88V647,Perpetual debenture stock,D,N,4.25,Y,50,GBP,,575000,575000,575000,429180,575000,,Fair values on debentures are calculated based on traded price.,F,F,GBX,31/07/2026,331,,
F&C Investment Trust,GB00BS88V647,Loan,L,N,,Y,,GBP,01/06/2016,25000000,25000000,25000000,23777500,25000000,01/06/2028,,F,F,GBX,31/07/2026,333,,
F&C Investment Trust,GB00BS88V647,Loan,L,N,,Y,,GBP,01/06/2016,50000000,50000000,50000000,44420000,50000000,01/06/2031,,F,F,GBX,31/07/2026,335,,
F&C Investment Trust,GB00BS88V647,Loan,L,N,,Y,,GBP,24/05/2018,75000000,75000000,75000000,42240000,75000000,24/05/2048,,F,F,GBX,31/07/2026,337,,
F&C Investment Trust,GB00BS88V647,Loan,L,N,,Y,,GBP,27/06/2019,57000000,57000000,57000000,33379200,57000000,27/06/2042,,F,F,GBX,31/07/2026,341,,
F&C Investment Trust,GB00BS88V647,Loan,L,N,,Y,,GBP,27/06/2019,37000000,37000000,37000000,18992100,37000000,27/06/2049,,F,F,GBX,31/07/2026,343,,
F&C Investment Trust,GB00BS88V647,Loan,L,N,,Y,,GBP,27/06/2019,20000000,20000000,20000000,9530000,20000000,27/06/2059,,F,F,GBX,31/07/2026,345,,
F&C Investment Trust,GB00BS88V647,Loan,L,N,,Y,,GBP,23/06/2021,50000000,50000000,50000000,34700000,50000000,23/06/2036,,F,F,GBX,31/07/2026,347,,
F&C Investment Trust,GB00BS88V647,Loan,L,N,,Y,,GBP,23/06/2021,50000000,50000000,50000000,32245000,50000000,23/06/2038,,F,F,GBX,31/07/2026,349,,
F&C Investment Trust,GB00BS88V647,Loan,L,N,,Y,,GBP,23/06/2021,40000000,40000000,40000000,18372000,40000000,23/06/2056,,F,F,GBX,31/07/2026,351,,
F&C Investment Trust,GB00BS88V647,Loan,L,N,,Y,,GBP,01/03/2022,50000000,50000000,50000000,33735000,50000000,01/03/2037,,F,F,GBX,31/07/2026,353,,
F&C Investment Trust,GB00BS88V647,Loan,L,N,,Y,,GBP,01/03/2022,45000000,45000000,45000000,18441000,45000000,01/03/2056,,F,F,GBX,31/07/2026,355,,
F&C Investment Trust,GB00BS88V647,Loan,L,N,,Y,,GBP,01/03/2022,45000000,45000000,45000000,16546500,45000000,01/03/2061,,F,F,GBX,31/07/2026,357,,
F&C Investment Trust,GB00BS88V647,Loan,L,N,,Y,,GBP,25/06/2026,75000000,75000000,75000000,75000000,75000000,25/09/2026,,F,T,GBX,31/07/2026,2179,,
Fidelity Asian Values,GB0003322319,Long Cash Offset CFD,X,N,,Y,,GBP,,0,0,83285498,83285498,0,,,F,T,GBX,31/07/2026,181,,
Fidelity Asian Values,GB0003322319,Short Cash Offset CFD,G,N,,Y,,GBP,,0,0,29016872,29016872,0,,,F,T,GBX,31/07/2026,183,,
Fidelity China Special Situations,GB00B62Z3C74,Long Cash Offset CFD,X,N,,N,,GBP,,0,0,349715614,349715614,0,,,F,T,GBX,31/07/2026,169,,
Fidelity China Special Situations,GB00B62Z3C74,Short Cash Offset CFD,G,N,,N,,GBP,,0,0,40018742,40018742,0,,,F,T,GBX,31/07/2026,171,,
Fidelity Emerging Markets,GG00B4L0PD47,Long Cash Offset CFD,X,N,,Y,,GBP,,0,0,270603366.4,270603366.4,0,,,F,T,GBX,31/07/2026,1529,,
Fidelity Emerging Markets,GG00B4L0PD47,Short Cash Offset CFD,G,N,,Y,,GBP,,0,,168303405.7,168303405.7,,,,F,T,GBX,31/07/2026,1531,,
Fidelity European Trust,GB00BK1PKQ95,Long Cash Offset CFD,X,N,,N,,GBP,,0,0,264425340,264425340,0,,,F,T,GBX,31/07/2026,177,,
Fidelity European Trust,GB00BK1PKQ95,Loan,L,N,,N,,GBP,,,,21373769.27,21373769.27,,31/01/2047,,F,T,GBX,31/07/2026,1645,,
Fidelity European Trust,GB00BK1PKQ95,loan,L,N,,N,,GBP,,,,8549507.71,8549507.71,,31/01/2052,,F,T,GBX,31/07/2026,1809,,
Fidelity European Trust,GB00BK1PKQ95,Short CFD,G,N,,N,,GBP,,0,0,10837521,10837521,0,,,F,T,GBX,31/07/2026,2107,,
Fidelity Special Values,GB00BWXC7Y93,Long Cash Offset CFD,X,N,,N,,GBP,,0,0,179653307,179653307,0,,,F,T,GBX,31/07/2026,391,,
Fidelity Special Values,GB00BWXC7Y93,Short Cash Offset CFD,G,N,,N,,GBP,,0,,55656945,55656945,,,,F,T,GBX,31/07/2026,2205,,
Finsbury Growth & Income Trust,GB0007816068,Scotiabank,L,N,6.5,Y,75,GBP,22/05/2026,89200000,89200000,89200000,89200000,7500000,,,F,T,GBX,31/07/2026,387,,
Geiger Counter,GB00B15FW330,Loan Facility,L,N,,N,,GBP,,9322818.47,,9322818.47,9322818.47,9,,,F,F,GBX,31/07/2026,1909,,
Global Opportunities Trust,GB0033862573,Stoxx Europe 600 18/09/26,G,N,,N,,EUR,16/06/2026,10735625,9276229,9344030,9344030,,18/09/2026,Short index futures,F,F,GBX,31/07/2026,2091,,
Golden Prospect Precious Metals,GG00B1G9T992,Overdraft,L,N,,N,,GBP,,15508004,,15508004,15508004,,,,F,T,GBX,31/07/2026,737,,
Henderson Far East Income,JE00B1GXH751,RBS,L,N,4.8879,N,50,GBP,01/07/2026,11546990,11546990,11546990,11546990,11546990,03/08/2026,,F,T,GBX,31/07/2026,2023,,
Henderson Far East Income,JE00B1GXH751,RBS,L,N,4.8809,N,50,GBP,08/07/2026,7000000,7000000,7000000,7000000,7000000,10/08/2026,,F,T,GBX,31/07/2026,2025,,
Henderson Far East Income,JE00B1GXH751,RBS,L,N,4.8807,N,50,GBP,27/07/2026,18000000,18000000,18000000,18000000,18000000,03/08/2026,,F,T,GBX,31/07/2026,2029,,
Henderson Far East Income,JE00B1GXH751,RBS,L,N,4.8803,N,50,GBP,29/07/2026,10000000,10000000,10000000,10000000,10000000,28/08/2026,,F,T,GBX,31/07/2026,2031,,
Henderson High Income Trust,GB0009580571,PRIVATE PLACEMENT NOTES,D,N,3.67,Y,,GBP,08/07/2015,19893912,19893912,19895764.54,17713732.12,19893912,08/07/2034,,F,F,GBX,31/07/2026,251,,
Henderson High Income Trust,GB0009580571,SHORT TERM BANK LOAN,L,N,4.52,Y,,USD,06/07/2026,4827274,3587051,3587051,3587051,3587051,06/08/2026,,F,T,GBX,31/07/2026,253,,
Henderson High Income Trust,GB0009580571,SHORT TERM BANK LOAN,L,N,2.911,Y,,EUR,06/07/2026,3121827,2669027,2669027,2669027,2669027,06/08/2026,,F,T,GBX,31/07/2026,255,,
Henderson High Income Trust,GB0009580571,SHORT TERM BANK LOAN,L,N,2.924,Y,,EUR,15/07/2026,12521914,10705693,10705693,10705693,10705693,17/08/2026,,F,T,GBX,31/07/2026,257,,
Henderson High Income Trust,GB0009580571,SHORT TERM BANK LOAN,L,N,4.48,Y,,USD,15/07/2026,12327299,9160170,9160170,9160170,9160170,17/08/2026,,F,T,GBX,31/07/2026,261,,
Henderson High Income Trust,GB0009580571,SHORT TERM BANK LOAN,L,N,4.6292,N,,GBP,06/07/2026,7500000,7500000,7500000,7500000,7500000,06/08/2026,,F,T,GBX,31/07/2026,1889,,
Henderson High Income Trust,GB0009580571,SHORT TERM BANK LOAN,L,N,4.6303,N,,GBP,15/07/2026,7026668,7026668,7026668,7026668,7026668,17/08/2026,,F,T,GBX,31/07/2026,1891,,
Henderson High Income Trust,GB0009580571,SHORT TERM BANK LOAN,L,N,4.6308,Y,,GBP,20/07/2026,12000000,12000000,12000000,12000000,12000000,20/08/2026,,F,T,GBX,31/07/2026,2085,,
Henderson Smaller Companies,GB0009065060,Private placement notes 3.33%,Y,N,3.33,Y,0,GBP,23/05/2016,30000000,30000000,29878170,29878170,30000000,23/05/2036,,F,T,GBX,31/07/2026,413,,
Henderson Smaller Companies,GB0009065060,Private Placement Notes 2.77%,D,N,2.77,Y,,GBP,02/02/2022,20000000,20000000,19926534,19926534,20000000,16/04/2052,,F,T,GBX,31/07/2026,415,,
Henderson Smaller Companies,GB0009065060,LOAN,L,N,4.6307,Y,,GBP,24/07/2026,5037533.96,5037533.96,5037533.96,5037533.96,5037533.96,24/08/2026,,F,T,GBX,31/07/2026,423,,
Henderson Smaller Companies,GB0009065060,LOAN,L,N,4.629,Y,,GBP,03/07/2026,12042666.48,12042666.48,12042666.48,12042666.48,12042666.48,10/08/2026,,F,T,GBX,31/07/2026,1381,,
Henderson Smaller Companies,GB0009065060,LOAN,L,N,4.6307,Y,,GBP,31/07/2026,5000000,5000000,5000000,5000000,5000000,24/08/2026,,F,T,GBX,31/07/2026,2289,,
International Biotechnology,GB0004559349, Loan/Overdraft ,L,N,5.24,Y,0,USD,12/12/2025,20000000,14856081.71,22292402,22292402,14856081.71,17/08/2026,,F,T,GBX,31/07/2026,649,,
Invesco Asia Dragon Trust,GB0004535307,Loan,L,N,4.54,Y,75,USD,29/07/2026,84750000,62882582,62882582,62882582,62882582,05/08/2026,,F,T,GBX,31/07/2026,909,,
Invesco Bond Income Plus,JE00B6RMDP68,Repos,Y,N,,Y,50,GBP,31/07/2026,51507274,51507274,51507274,51507274,51507274,31/08/2026,,F,F,GBX,31/07/2026,573,,
JPMorgan American,GB00BKZGVH64,Loan,D,N,,Y,,USD,,65000000,0,48135338.7,44127176.99,0,27/02/2031,,F,F,GBX,31/07/2026,457,,
JPMorgan American,GB00BKZGVH64,Loan,L,N,,Y,,USD,,0,0,25977931.8,22489298.43,0,,,F,F,GBX,31/07/2026,459,,
JPMorgan American,GB00BKZGVH64,ICBC BANK USD,L,N,,N,,GBP,,40000000,,70592605.7,70592605.7,,,,F,T,GBX,31/07/2026,461,,
JPMorgan Asia Growth & Income,GB0001320778,Long CFDs,X,N,,N,,GBP,,,,20568481.19,20568481.19,,,,F,T,GBX,31/07/2026,1725,,
JPMorgan China Growth & Income,GB0003435012,Long CFDs,X,N,,N,,GBP,,,,49491046.66,49491046.66,,,,F,T,GBX,31/07/2026,1735,,
JPMorgan Claverhouse,GB0003422184,DEBENTURE STOCK 2020,D,N,7,Y,65,GBP,,0,0,30000000,20243159,0,30/03/2045,Debentures have been revalued using an estimated fair market spread over the relevant gilt,F,F,GBX,31/07/2026,463,,
JPMorgan Claverhouse,GB0003422184,Long CFD,X,N,,N,,GBP,,,,41010169.1,41010169.1,,,,F,T,GBX,31/07/2026,1739,,
JPMorgan Emerging Markets Dividend Income,GB00B5ZZY915,Loan,L,N,,Y,,USD,,20000000,0,29723202.4,29723202.4,0,,,F,T,GBX,31/07/2026,553,,
JPMorgan Emerging Markets Dividend Income,GB00B5ZZY915,Long CFDs,X,N,,N,,GBP,,,,23748191.58,23748191.58,,,,F,T,GBX,31/07/2026,1767,,
JPMorgan European Discovery,GB00BMTS0Z37,Long CFDs,X,N,,N,,GBP,,,,54262376.45,54262376.45,,,,F,T,GBX,31/07/2026,2007,,
JPMorgan European Growth & Income,GB00BPR9Y246,Private Placement,Y,N,,Y,,GBP,,0,0,42632485.24,39673802.54,0,,,F,F,GBX,31/07/2026,549,,
JPMorgan Global Growth & Income,GB00BYMKY695,Private Placement,L,N,,Y,,GBP,,0,0,29867884.44,17874457,30000000,,,F,F,GBX,31/07/2026,501,,
JPMorgan Global Growth & Income,GB00BYMKY695,20M SECURED BOND,L,N,,Y,,GBP,,0,0,19928803.23,15163107,20000000,12/03/2036,,F,F,GBX,31/07/2026,505,,
JPMorgan Global Growth & Income,GB00BYMKY695,Secured Loan Notes 5.75,L,N,,Y,,GBP,,82827000,0,86824668.87,85682284,0,17/04/2030,,F,F,GBX,31/07/2026,507,,
JPMorgan Global Growth & Income,GB00BYMKY695,"?30,000,000 2.43% private placement 30th April 2044",L,N,,N,,GBP,,,,21441868.47,19899968.98,,30/04/2044,,F,F,GBX,31/07/2026,1393,,
JPMorgan Japanese,GB0001740025,Secured Loan Notes,L,N,,Y,,JPY,,13000000000,0,60398184.09,42719988.75,0,,,F,F,GBX,31/07/2026,489,,
JPMorgan Japanese,GB0001740025,Long CFDs,X,N,,N,,GBP,,,,193017791.2,193017791.2,,,,F,T,GBX,31/07/2026,1737,,
JPMorgan UK Small Cap Growth & Income,GB00BF7L8P11,FLOATING LOAN,L,N,5.688,Y,0,GBP,,24000000,0,55000000,55000000,0,,,F,T,GBX,31/07/2026,485,,
JPMorgan US Smaller Companies,GB00BJL5F346,LOAN,L,N,,Y,,USD,,30000000,0,26007802.1,26007802.1,0,,,F,T,GBX,31/07/2026,481,,
Law Debenture Corporation,GB0031429219,6.125% Guaranteed Sec. Bonds,D,N,6.13,Y,0,GBP,01/10/1999,40000000,40000000,39608102,39048000,40000000,12/10/2034,Estimated FV based on redemption yield of reference gilt (UK Treasury 4.5% 2034) + margin spread of A rated UK Corporate bonds over UK gilts yields,F,F,GBX,31/07/2026,575,,
Law Debenture Corporation,GB0031429219,3.77% Note Purchase,D,N,3.77,Y,0,GBP,25/09/2015,75000000,75000000,74439033,46695472,75000000,25/09/2045,Estimated FV based on redemption yield of reference gilt (UK Treasury 3.5% 2045) + margin spread of A rated UK Corporate bonds over UK gilts yields,F,F,GBX,31/07/2026,577,,
Law Debenture Corporation,GB0031429219,2.54% Series A Senior Secured Notes,D,N,2.54,Y,0,GBP,02/11/2021,20000000,20000000,19904435,11317677,20000000,02/11/2041,FV based on yield of reference gilt + credit spread calculated at issue (similar to A rated spread),F,F,GBX,31/07/2026,579,,
Law Debenture Corporation,GB0031429219,2.53% Series B Senior Secured Notes,D,N,2.53,Y,0,GBP,02/11/2021,30000000,30000000,29970522,13077746,30000000,02/11/2050,FV based on yield of reference gilt + credit spread calculated at issue (similar to A rated spread),F,F,GBX,31/07/2026,581,,
Law Debenture Corporation,GB0031429219,Law Deb Term Loan 2028,L,N,,N,,GBP,31/12/2025,50000000,50000000,50000000,50000000,50000000,30/12/2028,,F,T,GBX,31/07/2026,1803,,
Lowland Investment Company,GB00BNXGHS27,3.15% Secured Notes 2037,L,N,3.15,Y,50,GBP,05/01/2017,30000000,30000000,29846042,23299670,30000000,05/01/2037,,F,F,GBX,31/07/2026,439,,
Lowland Investment Company,GB00BNXGHS27,BNP Paribas Loan,L,N,4.63,Y,50,GBP,02/07/2026,10089111,10089111,10089111,10089111,10089111,07/08/2026,,F,T,GBX,31/07/2026,2291,,
Lowland Investment Company,GB00BNXGHS27,BNP Paribas Loan,L,N,4.63,Y,50,GBP,17/07/2026,8000000,8000000,8000000,8000000,8000000,19/08/2026,,F,T,GBX,31/07/2026,2293,,
Lowland Investment Company,GB00BNXGHS27,BNP Paribas Loan,L,N,4.63,Y,50,GBP,30/07/2026,10063590,10063590,10063590,10063590,10063590,26/08/2026,,F,T,GBX,31/07/2026,2295,,
Lowland Investment Company,GB00BNXGHS27,BNP Paribas Loan,L,N,4.63,Y,50,GBP,31/07/2026,5000000,5000000,5000000,5000000,5000000,19/08/2026,,F,T,GBX,31/07/2026,2297,,
Mercantile Investment Trust,GB00BF4JDH58,4.25% PERPETUAL DEBENTURE  STK,D,N,4.25,Y,70,GBP,,0,0,1076123,724795,0,,Debentures have been revalued using an estimated fair va;ue market spread over the relevant gilt,F,F,GBX,31/07/2026,467,,
Mercantile Investment Trust,GB00BF4JDH58,100M 6.125% SECURED BOND 2030,D,N,6.125,Y,70,GBP,25/02/2000,100000000,100000000,99716060.29,105644966.4,100000000,25/02/2030,Interest rate swaps and fixed rate loans have been revalued using a market to market estimate provided by counterparty or relevant source,F,F,GBX,31/07/2026,469,,
Mercantile Investment Trust,GB00BF4JDH58,75M 6.125% SECURED BOND 2030,D,N,6.125,Y,70,GBP,28/02/2001,75000000,75000000,74881813.06,79344165.34,75000000,25/02/2030,Interest rate swaps and fixed rate loans have been revalued using a market to market estimate provided by counterparty or relevant source,F,F,GBX,31/07/2026,471,,
Mercantile Investment Trust,GB00BF4JDH58,Private Placement,D,N,1.98,Y,,GBP,,0,,54903074.38,33216908,55000000,08/09/2041,,F,F,GBX,31/07/2026,475,,
Mercantile Investment Trust,GB00BF4JDH58,Private Placement,D,N,2.05,Y,,GBP,,0,0,49903366.83,23215527,50000000,08/09/2051,,F,F,GBX,31/07/2026,477,,
Mercantile Investment Trust,GB00BF4JDH58,Private Placement,D,N,1.77,Y,,GBP,,0,0,44909197.12,17115255,45000000,08/09/2061,,F,F,GBX,31/07/2026,479,,
Merchants Trust,GB0005800072,DEBENTURE LOAN STOCK 2029,D,N,5.875,Y,65,GBP,20/12/1999,30000000,30000000,29975302.66,30879600,30000000,20/12/2029,"Fair value calculated using a 4.75% gilt, maturity 2030, with a margin of 1.555%",F,F,GBX,31/07/2026,519,,
Merchants Trust,GB0005800072,4% PERPETUAL DEBENTURE STOCK,D,N,4,Y,65,GBP,,1375000,1375000,1375000,910841.25,1375000,,"Fair value calculated using a 3.5% war loan, with a margin of 1.629%",F,F,GBX,31/07/2026,521,,
Merchants Trust,GB0005800072,PREFERENCE STOCK,P,N,3.65,Y,0,GBP,,1178000,1178000,1178000,722549.86,1178000,,"Fair value calculated using a 3.5% war loan, with a margin of 1.629%",F,F,GBX,31/07/2026,523,,
Merchants Trust,GB0005800072,PRIVATE PLACEMENT,L,N,2.96,Y,65,GBP,20/10/2017,35000000,35000000,34838589.88,18479650,0,18/12/2052,,F,F,GBX,31/07/2026,525,,
Merchants Trust,GB0005800072,PRIVATE PLACEMENT NOTE A 5.91,L,N,5.91,Y,65,GBP,21/01/2025,25000000,25000000,25702258.25,23535750,0,20/01/2040,,F,F,GBX,31/07/2026,1091,,
Merchants Trust,GB0005800072,PRIVATE PLACEMENT NOTE B 5.91,L,N,5.91,Y,65,GBP,21/01/2025,25000000,25000000,25333895.71,23528500,0,20/01/2040,,F,F,GBX,31/07/2026,1093,,
MIGO Opportunities Trust,GB0034365949,Loan Drawdown,L,N,7.97,N,,GBP,16/02/2026,10000000,10000000,10000000,10000000,10000000,15/02/2029,,F,T,GBX,31/07/2026,1945,,
Monks Investment Trust,GB0030517261,£60m Series A Note 1.86% 2054,L,N,1.86,Y,,GBP,12/08/2020,60000000,59921400,60000000,24379125,,07/08/2054,,F,F,GBX,31/07/2026,209,,
Monks Investment Trust,GB0030517261,£40m Series B Note 1.77% 2045,L,N,1.77,Y,,GBP,12/08/2020,40000000,40000000,40000000,19733508,,07/08/2045,,F,F,GBX,31/07/2026,211,,
Monks Investment Trust,GB0030517261,PIC Series A EUR18m @4.30% 2030,L,N,4.3,Y,100,EUR,12/12/2023,18000000,15410299,15389114,15259450,,12/12/2030,,F,F,GBX,31/07/2026,213,,
Monks Investment Trust,GB0030517261,CL Series A EUR35m 4.29% 2033,L,N,4.29,Y,100,EUR,12/12/2023,35000000,29964470,29923277,29311047,,12/12/2033,,F,F,GBX,31/07/2026,215,,
Monks Investment Trust,GB0030517261,PIC Series B EUR18m 4.55% 2035,L,N,4.55,Y,100,EUR,12/12/2023,18000000,15410299,15389114,14977417,,12/12/2035,,F,F,GBX,31/07/2026,217,,
Monks Investment Trust,GB0030517261,CL Series B YEN2.5bn 2.17% 2037,L,N,2.17,Y,100,JPY,12/12/2023,2500000000,13604450,11667139,9835016,,12/12/2037,,F,F,GBX,31/07/2026,219,,
Monks Investment Trust,GB0030517261,RBSI £50m @SONIA + 1.6% to 27/08/2026,L,N,5.66,Y,100,GBP,27/05/2026,50000000,50000000,50000000,50000000,,27/08/2026,,F,T,GBX,31/07/2026,2131,,
Montanaro European Smaller Companies,GB00BM8H3X05,ING,L,N,5.105,Y,65,EUR,13/09/2023,15000000,8552857,8552857,8552857,8552857,13/09/2026,,F,T,GBX,31/07/2026,37,,
Montanaro UK Smaller Companies,GB00BZ1H9L86,£30 million RCF with BNYM,L,N,5.27,Y,75,GBP,17/12/2024,,10000000,10000000,10000000,10000000,18/08/2026,,F,T,GBX,31/07/2026,1021,,
Murray Income Trust,GB0006111123,4.37% unsecured loan notes,L,N,4.37,Y,70,GBP,08/05/2014,60000000,60000000,64325286,59355436,60000000,08/05/2029,,F,F,GBX,31/07/2026,429,,
Murray Income Trust,GB0006111123,2.51% unsecured loan notes,L,N,2.51,Y,70,GBP,08/11/2017,40000000,40000000,39982888,39076461,40000000,08/11/2027,,F,F,GBX,31/07/2026,437,,
Murray International Trust,GB00BQZCCB79,PPN,L,N,2.24,Y,70,GBP,13/05/2021,50000000,50000000,49951190,42832989,50000000,13/05/2031,,F,F,GBX,31/07/2026,359,,
Murray International Trust,GB00BQZCCB79,PPN,L,N,2.83,Y,70,GBP,31/05/2022,60000000,60000000,59981699,44338902,60000000,31/05/2037,,F,F,GBX,31/07/2026,361,,
North American Income Trust,GB00BJ00Z303,Private Placement Loan Note,D,N,2.7,Y,70,USD,21/12/2020,25000000,20956874,18553347,17011315,18553347,21/12/2030,,F,F,GBX,31/07/2026,583,,
North American Income Trust,GB00BJ00Z303,Private Placement Loan Note,D,N,2.96,Y,70,USD,21/12/2020,25000000,20956874,18553347,15453351,18553347,21/12/2035,,F,F,GBX,31/07/2026,585,,
Pacific Horizon Investment Trust,GB0006667470,BNYM £37.04M at SONIA + 1.2%,L,N,1.2,Y,100,GBP,12/06/2026,37040000,37040000,37040000,37040000,,11/09/2026,,F,T,GBX,31/07/2026,2203,,
Polar Capital Global Financials,GB00B9XQT119,POLLO090126BRBS ,L,N,4.8396,Y,80,GBP,08/01/2026,40000000,40000000,40000000,40000000,40000000,08/01/2027,,F,T,GBX,31/07/2026,617,,
Polar Capital Global Healthcare,GB00B6832P16,POLLO100226,L,N,4.887,N,80,GBP,09/02/2026,40000000,40000000,40000000,40000000,40000000,10/08/2026,,F,T,GBX,31/07/2026,1935,,
Polar Capital Technology,GB00BR3YV268,POLLO241224ASCTC ,L,N,2.106,Y,80,GBP,30/06/2026,78179275.96,78758630,70002832.41,70002832.41,78758630,31/12/2026,,F,T,GBX,31/07/2026,829,,
Schroder Asian Total Return,GB0008710799,CFD long,X,N,,Y,,GBP,,,,37354878.67,37354878.67,,,,F,T,GBX,31/07/2026,1655,,
Schroder Asian Total Return,GB0008710799,CFD short ,G,N,,N,,GBP,,,,0,0,,,,F,T,GBX,31/07/2026,2123,,
Schroder Asian Total Return,GB0008710799,Loan,L,N,0.9,N,,GBP,,,,7430800.67,7430800.67,,17/08/2026,,F,T,GBX,31/07/2026,2161,,
Schroder AsiaPacific Fund,GB0007918872,SCTC Loan,L,N,5.26,Y,75,USD,04/09/2025,50000000,37140204.27,37154003,37154003,37140204.27,03/09/2026,,F,T,GBX,31/07/2026,611,,
Schroder AsiaPacific Fund,GB0007918872,CFD long,X,N,,N,,GBP,,,,0,0,,,,F,F,GBX,31/07/2026,1717,,
Schroder Income Growth Fund,GB0007915860,SCTC LOAN,L,N,5.02,Y,60,GBP,22/12/2025,26000000,26000000,26000000,26000000,26000000,27/08/2026,,F,T,GBX,31/07/2026,937,,
Schroder Japan Trust,GB0008022849,Long CFD,X,N,,N,,JPY,,,,79180714,79180714,,,,F,T,GBX,31/07/2026,1653,,
Schroder Oriental Income,GB00B0CRWN59,SCTC Loan,L,N,5.26,Y,60,USD,29/08/2025,50000000,37140204.27,37154003,37154003,37140204.27,28/08/2026,,F,T,GBX,31/07/2026,659,,
Schroder UK Mid Cap Fund,GB0006108418,SCTC Loan,L,N,5.0175,Y,70,GBP,25/02/2026,19000000,19000000,14000000,14000000,19000000,28/08/2026,,F,T,GBX,31/07/2026,663,,
Scottish American,GB0007873697,£15m Senior Loan Notes,L,N,2.23,Y,65,GBP,25/06/2021,15000000,15000000,15000000,10904699,0,25/06/2036,,F,F,GBX,31/07/2026,79,,
Scottish American,GB0007873697,£40m Senior Loan Notes 2045,L,N,3.12,Y,65,GBP,11/04/2022,40000000,40000000,40000000,25532281,0,11/04/2045,,F,F,GBX,31/07/2026,81,,
Scottish American,GB0007873697,£40m Senior Loan Notes 2049,L,N,3.12,Y,65,GBP,11/04/2022,40000000,40000000,40000000,23808750,0,11/04/2049,,F,F,GBX,31/07/2026,83,,
Scottish Mortgage Investment Trust,GB00BLDYK618,4.5% Irredeemable Deb. Stock,D,N,4.5,Y,100,GBP,,675000,675000,675000,472679,0,31/03/2045,The fair value of the debenture is calculated using a closing market offer price,F,F,GBX,31/07/2026,97,,
Scottish Mortgage Investment Trust,GB00BLDYK618,£45m Senior Loan Notes 2042,L,N,3.05,Y,100,GBP,06/04/2017,45000000,45000000,45000000,29135574,0,07/04/2042,,F,F,GBX,31/07/2026,99,,
Scottish Mortgage Investment Trust,GB00BLDYK618,£30m Senior Loan Notes 2044,L,N,3.3,Y,100,GBP,06/04/2017,30000000,30000000,30000000,19273012,0,06/04/2044,,F,F,GBX,31/07/2026,101,,
Scottish Mortgage Investment Trust,GB00BLDYK618,£30m Senior Loan Notes 2047,L,N,3.12,Y,100,GBP,06/04/2017,30000000,30000000,30000000,17571616,0,06/04/2047,,F,F,GBX,31/07/2026,103,,
Scottish Mortgage Investment Trust,GB00BLDYK618,£30m Senior Loan Notes 2038,L,N,2.91,Y,100,GBP,04/06/2018,30000000,30000000,30000000,21810866,0,04/06/2038,,F,F,GBX,31/07/2026,105,,
Scottish Mortgage Investment Trust,GB00BLDYK618,£50m Senior Loan Notes 2041,L,N,2.94,Y,100,GBP,04/06/2018,50000000,50000000,50000000,32598029,0,04/06/2041,,F,F,GBX,31/07/2026,107,,
Scottish Mortgage Investment Trust,GB00BLDYK618,£90m Senior Loan Notes 2048,L,N,2.96,Y,100,GBP,04/06/2018,90000000,90000000,90000000,50090997,0,04/06/2048,,F,F,GBX,31/07/2026,109,,
Scottish Mortgage Investment Trust,GB00BLDYK618,£150m Senior loan notes 2040,L,N,2.3,Y,100,GBP,15/01/2020,150000000,150000000,150000000,97062901,0,15/01/2040,,F,F,GBX,31/07/2026,111,,
Scottish Mortgage Investment Trust,GB00BLDYK618,EUR18m Senior Loan Note 2045,L,N,1.65,Y,100,EUR,15/01/2020,18000000,18000000,15389114,9779168,0,15/01/2045,,F,F,GBX,31/07/2026,113,,
Scottish Mortgage Investment Trust,GB00BLDYK618,EUR27m Senior Loan Notes 2050,L,N,1.77,Y,100,EUR,15/01/2020,27000000,27000000,23083671,13472212,0,15/01/2050,,F,F,GBX,31/07/2026,115,,
Scottish Mortgage Investment Trust,GB00BLDYK618,£20m Senior Loan Notes 2044,L,N,3.65,Y,100,GBP,30/09/2020,20000000,20000000,20000000,13562195,0,06/04/2044,,F,F,GBX,31/07/2026,117,,
Scottish Mortgage Investment Trust,GB00BLDYK618,£100m Senior Loan Notes @ 2.033%,L,N,2.03,Y,100,GBP,10/08/2021,100000000,100000000,100000000,70225482,0,10/08/2036,,F,F,GBX,31/07/2026,123,,
Scottish Mortgage Investment Trust,GB00BLDYK618,£100m Senior Loan Notes @ 2.303%,L,N,2.3,Y,100,GBP,10/08/2021,100000000,100000000,100000000,50412288,0,10/08/2046,,F,F,GBX,31/07/2026,125,,
Scottish Mortgage Investment Trust,GB00BLDYK618,US$175M 2.99% Series M Senior Note due 2052,L,N,2.99,Y,100,USD,19/01/2022,175000000,128842260,130039012,84351191,0,19/01/2052,,F,F,GBX,31/07/2026,127,,
Scottish Mortgage Investment Trust,GB00BLDYK618,US$110M 3.04% Series N Senior Note due 2057,L,N,3.04,Y,100,USD,19/01/2022,110000000,80986564,81738807,50942358,0,19/01/2057,,F,F,GBX,31/07/2026,129,,
Scottish Mortgage Investment Trust,GB00BLDYK618,US$115M 3.09% Series O Senior Note due 2062,L,N,3.09,Y,100,USD,19/01/2022,115000000,84667771,85454208,51707534,0,19/01/2062,,F,F,GBX,31/07/2026,131,,
Scottish Mortgage Investment Trust,GB00BLDYK618,US$150M BBVA Loan Facility @ 0.95%+ SOFR,L,N,0.95,N,,USD,24/06/2026,150000000,113237459,111462010,111462010,,30/09/2026,,F,T,GBX,31/07/2026,2199,,
Scottish Mortgage Investment Trust,GB00BLDYK618,US$170M RBSI Facility @ 1.3% + SOFR to 07.10.26,L,N,1.3,N,100,USD,07/07/2026,170000000,127278853,126323611,126323611,,07/10/2026,,F,F,GBX,31/07/2026,2263,,
Scottish Mortgage Investment Trust,GB00BLDYK618,US$205M RBSI Loan Facility @ 1% + SOFR to 08.10.26,L,N,1,N,,USD,08/07/2026,205000000,153219478,152331414,152331414,,08/10/2026,,F,F,GBX,31/07/2026,2265,,
Scottish Mortgage Investment Trust,GB00BLDYK618,US$120M ICBC Loan Facility @ 1.25% + SOFR to 01.10.26,L,N,1.25,N,,USD,01/07/2026,120000000,90412507,89169608,89169608,,01/10/2026,,F,T,GBX,31/07/2026,2267,,
Scottish Mortgage Investment Trust,GB00BLDYK618,US$ 100M NAB facility @ 1.65% + SOFR to 01.10.26,L,N,1.65,N,100,USD,01/07/2026,28250000,21284611,20992012,20992012,,01/10/2026,,F,T,GBX,31/07/2026,2269,,
Scottish Mortgage Investment Trust,GB00BLDYK618,US$75m BNY Facility @ 1.2% + SOFR to 01.10.26,L,N,1.2,N,,USD,01/07/2026,75000000,56507817,55731005,55731005,,01/10/2026,,F,T,GBX,31/07/2026,2271,,
Scottish Oriental Smaller Companies,GB00BRBL6574,£30 m loan notes,L,N,2.75,Y,,GBP,24/03/2021,30000000,30000000,30000000,30000000,30000000,24/03/2041,,F,T,GBX,31/07/2026,609,,
STS Global Income & Growth Trust,GB00B09G3N23,RBS Bank Loan,L,N,5.2804,N,65,GBP,23/06/2026,1500000,1500000,1500000,1500000,1500000,23/09/2026,,F,T,GBX,31/07/2026,65,,
STS Global Income & Growth Trust,GB00B09G3N23,RBS Bank Loan,L,N,5.24,N,65,USD,23/06/2026,12750000,9771243,9458457,9458457,9458457,23/09/2026,,F,T,GBX,31/07/2026,67,,
STS Global Income & Growth Trust,GB00B09G3N23,RBS Bank Loan,L,N,3.8758,Y,65,EUR,23/06/2026,4500000,3822855,3848785,3848785,3848785,23/09/2026,,F,T,GBX,31/07/2026,69,,
Temple Bar Investment Trust,GB00BMV92D64,4.05% Private placement 2028,L,N,4.05,Y,60,GBP,,50000000,50000000,50000000,48111000,50000000,03/09/2028,Fair values are based on the latest available market price of the private placement loan,F,F,GBX,31/07/2026,9,,
Temple Bar Investment Trust,GB00BMV92D64,2.99% Private placement 2047,L,N,2.99,Y,60,GBP,,25000000,25000000,25000000,13324500,25000000,24/10/2047,Fair values are based on the latest available market price of the private placement loan,F,F,GBX,31/07/2026,11,,
Templeton Emerging Markets,GB00BKPG0S09,Scotiabank Loan,L,N,4.57,N,75,USD,30/06/2026,50000000,37098868.5,37098868.5,37098868.5,37098868.5,30/09/2026,,F,T,GBX,31/07/2026,2181,,
Templeton Emerging Markets,GB00BKPG0S09,Scotiabank Loan,L,N,4.681,N,75,GBP,30/07/2026,40000000,40000000,40000000,40000000,40000000,30/10/2026,,F,T,GBX,31/07/2026,2283,,
Templeton Emerging Markets,GB00BKPG0S09,Scotiabank Loan,L,N,2.43,Y,75,CNY,30/07/2026,300000000,32964806.99,32964806.99,32964806.99,32964806.99,30/10/2026,,F,T,GBX,31/07/2026,2285,,
Templeton Emerging Markets,GB00BKPG0S09,Scotiabank Loan,L,N,4.6808,N,75,GBP,22/07/2026,11666766.57,11666766.57,11666766.57,11666766.57,11666766.57,22/10/2026,,F,T,GBX,31/07/2026,2287,,
The European Smaller Companies Trust,GB00BMCF8689,Bank Overdraft,L,N,,Y,,EUR,31/07/2026,99427426,85006135,85006135,85006135,85006135,01/08/2026,,F,T,GBX,31/07/2026,1771,,
The Global Smaller Companies Trust,GB00BKLXD974,Loan,L,N,,Y,,GBP,08/08/2019,35000000,35000000,35000000,23280058,35000000,08/08/2039,,F,F,GBX,31/07/2026,365,,
The Global Smaller Companies Trust,GB00BKLXD974,Loan,L,N,,Y,,USD,15/07/2026,9800000,7306072,7282184,7282184,7306072,11/09/2026,,F,T,GBX,31/07/2026,2277,,
The Global Smaller Companies Trust,GB00BKLXD974,Loan,L,N,,Y,,JPY,15/07/2026,557500000,2570114,2601772,2601772,2570114,11/09/2026,,F,T,GBX,31/07/2026,2279,,
The Global Smaller Companies Trust,GB00BKLXD974,Loan,L,N,,Y,,EUR,15/07/2026,6800000,5793002,5813662,5813662,5793002,11/09/2026,,F,T,GBX,31/07/2026,2281,,
TR Property Investment Trust,GB0009064097,Long Cash Offset CFD,X,N,,Y,,GBP,31/07/2026,7353638,7353638,7353638,7353638,7353638,,,F,T,GBX,31/07/2026,233,,
TR Property Investment Trust,GB0009064097,Long Cash Offset CFD,X,N,,Y,,EUR,31/07/2026,95542420,82539580,82539580,82539580,82539580,,,F,T,GBX,31/07/2026,235,,
TR Property Investment Trust,GB0009064097,Loan Notes - GBP,L,N,3.59,Y,80,GBP,10/02/2016,15000000,15000000,15000000,14583322,15000000,10/02/2031, Fund: TR Property,F,F,GBX,31/07/2026,237,,
TR Property Investment Trust,GB0009064097,Bank loan,L,N,2.96,Y,80,EUR,30/07/2026,67000000,57392496,57282093,57282093,57282093,27/08/2026,,F,T,GBX,31/07/2026,1495,,
TR Property Investment Trust,GB0009064097,Bank loan,L,N,2.9,Y,80,EUR,06/05/2026,25000000,21571250,21373915,21373915,21373915,06/08/2026,,F,T,GBX,31/07/2026,1923,,
TR Property Investment Trust,GB0009064097,Bank loan,L,N,3.2,Y,80,EUR,06/05/2026,25000000,21373915,21373915,21373915,21373915,06/08/2026,,F,T,GBX,31/07/2026,1925,,
TR Property Investment Trust,GB0009064097,Bank loan,L,N,2.96,Y,70,EUR,16/07/2026,33000000,28107832,28213568,28213568,28213568,13/08/2026,,F,T,GBX,31/07/2026,2155,,
UIL,,Loan,L,N,,N,,USD,17/06/2026,13500000,10018553,10032000,10032000,,30/06/2028,,F,T,GBX,31/07/2026,2169,,
Utilico Emerging Markets Trust,GB00BD45S967,Loan,L,N,,Y,80,EUR,29/05/2026,7500000,6237000,6412000,6412000,,28/05/2027,,F,T,GBX,31/07/2026,799,,
Utilico Emerging Markets Trust,GB00BD45S967,Loan,L,N,,Y,80,USD,29/05/2026,13500000,9987000,10032000,10032000,,28/05/2027,,F,T,GBX,31/07/2026,1395,,
Worldwide Healthcare Trust,GB00BN455J50,Bank overdraft,L,N,,N,,GBP,,0,0,81235072,81235072,0,,,F,T,GBX,31/07/2026,329,,
