ticker,investegate_code,isin,method,resolved_at
AEWL,AIRE,GB00BDVK7088,isin_search,2026-09-03
BPCR,BPCP,GB00BDGKMY29,isin_search,2026-09-03
GIF,GIFS,IM00B1Z40704,isin_search,2026-09-03
GMP,GMPP,GB00BD8P0741,isin_search,2026-09-03
JARA,JARE,GG00BWPKR307,name_search,2026-09-03
PEY,PEYS,GG00B28C2R28,isin_search,2026-09-03
RTW,RTWG,GG00BKTRRM22,isin_search,2026-09-03
SHIP,SHPP,GG00BDFC1642,probe:name_search,2026-09-03
TFG,TFGS,GG00B1RMC548,isin_search,2026-09-03
TORO,TORG,GG00BWBSDM98,isin_search,2026-09-03
TPV,TPON,GB00BDTYGZ09,isin_search,2026-09-03
USF,USFP,GB00BJCWFX49,isin_search,2026-09-03
VTA,VTAS,GG00B1GHHH78,isin_search,2026-09-03
