file,source,date_downloaded,observation_month,publication_type,sha256,bytes,parser_version,status
2017-01_ipr_asx-investment-products-january-2017.xlsx,https://www.asx.com.au/content/dam/asx/issuers/asx-investment-products-reports/2017/excel/asx-investment-products-january-2017.xlsx,2026-08-27T04:00:42Z,2017-01,investment_products_report,9a2e1c53bf56bb55028104ad96a77554b441360655827db3524e7b9eece522bb,266110,,ok
2017-02_ipr_asx-investment-products-february-2017.xlsx,https://www.asx.com.au/content/dam/asx/issuers/asx-investment-products-reports/2017/excel/asx-investment-products-february-2017.xlsx,2026-08-27T04:00:45Z,2017-02,investment_products_report,1c159ebd9af5e7032cceaf5750aab88af022c12a545e593d2c7fa897a6f195ad,265537,,ok
2017-03_ipr_asx-investment-products-march-2017.xlsx,https://www.asx.com.au/content/dam/asx/issuers/asx-investment-products-reports/2017/excel/asx-investment-products-march-2017.xlsx,2026-08-27T04:00:46Z,2017-03,investment_products_report,daf95b2da8a10c4735de226703bc662d315ccc8af563a17b60730d7a0103164a,271411,,ok
2017-04_ipr_asx-investment-products-april-2017.xlsx,https://www.asx.com.au/content/dam/asx/issuers/asx-investment-products-reports/2017/excel/asx-investment-products-april-2017.xlsx,2026-08-27T04:00:47Z,2017-04,investment_products_report,9f7f23f5b1867893b03009c96bfb2f10f1871aa70a1744abe000045f87ce0d16,273988,,ok
2017-05_ipr_asx-investment-products-may-2017.xlsx,https://www.asx.com.au/content/dam/asx/issuers/asx-investment-products-reports/2017/excel/asx-investment-products-may-2017.xlsx,2026-08-27T04:00:49Z,2017-05,investment_products_report,4d87f14aa367a4b397c0c9a907feb7eafa12363cf57d2ac6227808e4d0ab771f,274775,,ok
2017-06_ipr_asx-investment-products-june-2017.xlsx,https://www.asx.com.au/content/dam/asx/issuers/asx-investment-products-reports/2017/excel/asx-investment-products-june-2017.xlsx,2026-08-27T04:00:50Z,2017-06,investment_products_report,a1d8acff3ba7fd368261b033b385c9a5276e2e388d446d52d49778e7cee15558,276485,,ok
2017-07_ipr_asx-investment-products-july-2017.xlsx,https://www.asx.com.au/content/dam/asx/issuers/asx-investment-products-reports/2017/excel/asx-investment-products-july-2017.xlsx,2026-08-27T04:00:52Z,2017-07,investment_products_report,53b6d91a380cd22b713d90849c7135c9029ea1e57edd2f342e4d3607feb57cee,280812,,ok
2017-08_ipr_asx-investment-products-august-2017.xlsx,https://www.asx.com.au/content/dam/asx/issuers/asx-investment-products-reports/2017/excel/asx-investment-products-august-2017.xlsx,2026-08-27T04:00:53Z,2017-08,investment_products_report,62e899fb06f2bf7daf21f15bdd9b975141466b0c47d59017c369a9c7c42d522a,277919,,ok
2017-09_ipr_asx-investment-products-september-2017.xlsx,https://www.asx.com.au/content/dam/asx/issuers/asx-investment-products-reports/2017/excel/asx-investment-products-september-2017.xlsx,2026-08-27T04:00:55Z,2017-09,investment_products_report,9db6feaab2a07d5ae6b559227750dd213b2219b730f070aff8b0a1c9bc54c776,280900,,ok
2017-10_ipr_asx-investment-products-october-2017.xlsx,https://www.asx.com.au/content/dam/asx/issuers/asx-investment-products-reports/2017/excel/asx-investment-products-october-2017.xlsx,2026-08-27T04:00:56Z,2017-10,investment_products_report,009c47f740984cfb9b5a9ad85cd4ae1425f6cb9e8d3a7cb10ca59daac65a7dcd,283081,,ok
2017-11_ipr_asx-investment-products-november-2017.xlsx,https://www.asx.com.au/content/dam/asx/issuers/asx-investment-products-reports/2017/excel/asx-investment-products-november-2017.xlsx,2026-08-27T04:00:58Z,2017-11,investment_products_report,635815c22b70ac296663d6d7cac0528cbd596b4a94bb1ed09ab932130c89ac02,5490445,,ok
2017-12_ipr_asx-investment-products-december-2017.xlsx,https://www.asx.com.au/content/dam/asx/issuers/asx-investment-products-reports/2017/excel/asx-investment-products-december-2017.xlsx,2026-08-27T04:01:00Z,2017-12,investment_products_report,615fe9970e757dc4b7720518a8d8996fd65e8926d009ee8879b56e8dbc26e454,5492386,,ok
2020-01_ipr_asx-investment-products-january-2020.xlsx,https://www.asx.com.au/content/dam/asx/issuers/asx-investment-products-reports/2020/excel/asx-investment-products-january-2020.xlsx,2026-08-27T04:01:01Z,2020-01,investment_products_report,705f244d2878d357fffd197f11c6e7d258055eb8bbf37520d61b44555c3d2ed2,2501193,,ok
2020-02_ipr_asx-investment-products-february-2020.xlsx,https://www.asx.com.au/content/dam/asx/issuers/asx-investment-products-reports/2020/excel/asx-investment-products-february-2020.xlsx,2026-08-27T04:01:02Z,2020-02,investment_products_report,887791bde8f853cc8b5986df60045707da21945dc4b47efcd2d03ea89f17e979,2499738,,ok
2020-03_ipr_asx-investment-products-march-2020.xlsx,https://www.asx.com.au/content/dam/asx/issuers/asx-investment-products-reports/2020/excel/asx-investment-products-march-2020.xlsx,2026-08-27T04:01:04Z,2020-03,investment_products_report,8e8647463951a462ed3602c6b309d604877fee4d705c49749c340eaf8cf4c2b8,2556975,,ok
2020-04_ipr_asx-investment-products-april-2020.xlsx,https://www.asx.com.au/content/dam/asx/issuers/asx-investment-products-reports/2020/excel/asx-investment-products-april-2020.xlsx,2026-08-27T04:01:06Z,2020-04,investment_products_report,9e3ec95ec6f2d21bbabd0a078a6bcefabe7d81cacd9f6bae68b8bc03b6da9975,2163433,,ok
2020-05_ipr_asx-investment-products-may-2020.xlsx,https://www.asx.com.au/content/dam/asx/issuers/asx-investment-products-reports/2020/excel/asx-investment-products-may-2020.xlsx,2026-08-27T04:01:07Z,2020-05,investment_products_report,28cf20727c089e139042f83cebde14bb5a55744ce3da48986f2ff43961cc33a3,2156425,,ok
2020-06_ipr_asx-investment-products-june-2020.xlsx,https://www.asx.com.au/content/dam/asx/issuers/asx-investment-products-reports/2020/excel/asx-investment-products-june-2020.xlsx,2026-08-27T04:01:09Z,2020-06,investment_products_report,a7e60b74e32fbaebe162b2245210e80cd6fff67cddb396a0248e82ef11f3be51,2154878,,ok
2020-07_ipr_asx-investment-products-july-2020-abs.xlsx,https://www.asx.com.au/content/dam/asx/issuers/asx-investment-products-reports/2020/excel/asx-investment-products-july-2020-abs.xlsx,2026-08-27T04:01:11Z,2020-07,investment_products_report,e7fa95eaa2165928350def5552e1b0596e7194895e6a1d31e69c0d42cb82bb76,2157054,,ok
2020-08_ipr_asx-investment-products-august-2020.xlsx,https://www.asx.com.au/content/dam/asx/issuers/asx-investment-products-reports/2020/excel/asx-investment-products-august-2020.xlsx,2026-08-27T04:01:12Z,2020-08,investment_products_report,58d56d56ab1a7969c0f1c1987f55521546d6a5271344ff229c06273c754a9c21,1980102,,ok
2020-09_ipr_asx-investment-products-sep-2020.xlsx,https://www.asx.com.au/content/dam/asx/issuers/asx-investment-products-reports/2020/excel/asx-investment-products-sep-2020.xlsx,2026-08-27T04:01:13Z,2020-09,investment_products_report,2dfa8ff681ac5830ec17f19758d01db63af0e75d277bcaf6a74681f046547681,1987561,,ok
2020-10_ipr_asx-investment-products-oct-2020.xlsx,https://www.asx.com.au/content/dam/asx/issuers/asx-investment-products-reports/2020/excel/asx-investment-products-oct-2020.xlsx,2026-08-27T04:01:15Z,2020-10,investment_products_report,6618e479aa0777d92dfcb3209c33ad62b8cf9efd3ca62f6db50028d40b0efb5f,1990831,,ok
2020-11_ipr_asx-investment-products-nov-2020.xlsx,https://www.asx.com.au/content/dam/asx/issuers/asx-investment-products-reports/2020/excel/asx-investment-products-nov-2020.xlsx,2026-08-27T04:01:16Z,2020-11,investment_products_report,e5e6bed40d7af62326ec9d20509d7bfb686683be1e3af76a8576ad8b0aee979c,1988993,,ok
2020-12_ipr_asx-investment-products-dec-2020.xlsx,https://www.asx.com.au/content/dam/asx/issuers/asx-investment-products-reports/2020/excel/asx-investment-products-dec-2020.xlsx,2026-08-27T04:01:17Z,2020-12,investment_products_report,5aec4b12e1c1717efcaa81a9c495b6c41dd93a948c1445357cf5f3b7111c1738,1986540,,ok
2021-01_ipr_asx-investment-products-jan-2021-abs.xlsx,https://www.asx.com.au/content/dam/asx/issuers/asx-investment-products-reports/2021/excel/asx-investment-products-jan-2021-abs.xlsx,2026-08-27T04:01:20Z,2021-01,investment_products_report,25f494a17baef25f1d7005ba60fe9356fcbe773809deac2ff9c0c685a84f94b8,1669774,,ok
2021-02_ipr_asx-investment-products-feb-2021-abs.xlsx,https://www.asx.com.au/content/dam/asx/issuers/asx-investment-products-reports/2021/excel/asx-investment-products-feb-2021-abs.xlsx,2026-08-27T04:01:21Z,2021-02,investment_products_report,176050dff4cd8fdbcd83ecccaea7e014838589d969166cf8b648095f8dbdb07f,1340061,,ok
2021-03_ipr_asx-investment-products-mar-2021-abs.xlsx,https://www.asx.com.au/content/dam/asx/issuers/asx-investment-products-reports/2021/excel/asx-investment-products-mar-2021-abs.xlsx,2026-08-27T04:01:23Z,2021-03,investment_products_report,794f719654e42091cee72e09fc37d69fccb8a862cf25036b14a48f71ae501b41,1339729,,ok
2021-04_ipr_asx-investment-products-apr-2021-abs.xlsx,https://www.asx.com.au/content/dam/asx/issuers/asx-investment-products-reports/2021/excel/asx-investment-products-apr-2021-abs.xlsx,2026-08-27T04:01:23Z,2021-04,investment_products_report,39fdd186046e2c88c95c47b5ab8ad631551ab42eb7bf65b2a86e317987379691,1309703,,ok
2021-05_ipr_asx-investment-products-may-2021-abs.xlsx,https://www.asx.com.au/content/dam/asx/issuers/asx-investment-products-reports/2021/excel/asx-investment-products-may-2021-abs.xlsx,2026-08-27T04:01:25Z,2021-05,investment_products_report,db75c0c1a5e0cffe6dc84bdeae259e138031a0be83b4e7e47dc854c66871349e,1308724,,ok
2021-06_ipr_asx-investment-products-june-2021-abs.xlsx,https://www.asx.com.au/content/dam/asx/issuers/asx-investment-products-reports/2021/excel/asx-investment-products-june-2021-abs.xlsx,2026-08-27T04:01:27Z,2021-06,investment_products_report,05ee92215fbe63b371767b7d46d483f6965b1f0beed29437291caa71b0b4fc71,1281716,,ok
2021-08_ipr_asx-investment-products-aug-2021-abs.xlsx,https://www.asx.com.au/content/dam/asx/issuers/asx-investment-products-reports/2021/excel/asx-investment-products-aug-2021-abs.xlsx,2026-08-27T04:01:28Z,2021-08,investment_products_report,741e83ae36afb8bc4641ffefb5939dff2b305fb453bb5a1858b92fbbb6c2fea7,1387636,,ok
2021-09_ipr_asx-investment-products-sep-2021-abs.xlsx,https://www.asx.com.au/content/dam/asx/issuers/asx-investment-products-reports/2021/excel/asx-investment-products-sep-2021-abs.xlsx,2026-08-27T04:01:30Z,2021-09,investment_products_report,6bb12d1bdc8da570c497da62189e11a6338d6ca6fd9ca4d93f95d21f9368d590,1446637,,ok
2021-10_ipr_asx-investment-products-oct-2021-abs.xlsx,https://www.asx.com.au/content/dam/asx/issuers/asx-investment-products-reports/2021/excel/asx-investment-products-oct-2021-abs.xlsx,2026-08-27T04:01:32Z,2021-10,investment_products_report,21f863ce295e6377c5ec0012f669f1d0a070b2f33cd4898533ce9b996ac2db7a,1398726,,ok
2021-11_ipr_asx-investment-products-nov-2021-abs.xlsx,https://www.asx.com.au/content/dam/asx/issuers/asx-investment-products-reports/2021/excel/asx-investment-products-nov-2021-abs.xlsx,2026-08-27T04:01:33Z,2021-11,investment_products_report,7607cd8cf603d0bcab8ee5ac153ea3369a1662e254b89d0453dfa99f0b4f7ed9,1412344,,ok
2021-12_ipr_asx-investment-products-dec-2021-abs.xlsx,https://www.asx.com.au/content/dam/asx/issuers/asx-investment-products-reports/2021/excel/asx-investment-products-dec-2021-abs.xlsx,2026-08-27T04:01:35Z,2021-12,investment_products_report,7327df637aeef9577b18ffe6eeb994d9a9749268e8be1a162d005fbcccb09ae5,1403384,,ok
2022-01_ipr_asx-investment-products-jan-2022-abs.xlsx,https://www.asx.com.au/content/dam/asx/issuers/asx-investment-products-reports/2022/excel/asx-investment-products-jan-2022-abs.xlsx,2026-08-27T04:01:36Z,2022-01,investment_products_report,077dc2b6e1d36a987ad1ffb09f348c57255d67acff4a44aaf6f590707d803ea6,1405342,,ok
2022-02_ipr_asx-investment-products-feb-2022-abs.xlsx,https://www.asx.com.au/content/dam/asx/issuers/asx-investment-products-reports/2022/excel/asx-investment-products-feb-2022-abs.xlsx,2026-08-27T04:01:37Z,2022-02,investment_products_report,8fbab77494379a5f0ed1c224fe4a09fa684fa0825ad82176732db417966075cd,1091576,,ok
2022-03_ipr_asx-investment-products-mar-2022-abs.xlsx,https://www.asx.com.au/content/dam/asx/issuers/asx-investment-products-reports/2022/excel/asx-investment-products-mar-2022-abs.xlsx,2026-08-27T04:01:39Z,2022-03,investment_products_report,fbb8cba906c73114b52427fda4979d9da616222f58497a67a1c9e64d99bd5b01,1092569,,ok
2022-04_ipr_asx-investment-products-apr-2022-abs.xlsx,https://www.asx.com.au/content/dam/asx/issuers/asx-investment-products-reports/2022/excel/asx-investment-products-apr-2022-abs.xlsx,2026-08-27T04:01:40Z,2022-04,investment_products_report,568b30a0d88eef287f4dd34967300334c0a9dbf5d06a8f7b396e22a5562cd026,1092704,,ok
2022-05_ipr_asx-investment-products-may-2022-abs.xlsx,https://www.asx.com.au/content/dam/asx/issuers/asx-investment-products-reports/2022/excel/asx-investment-products-may-2022-abs.xlsx,2026-08-27T04:01:42Z,2022-05,investment_products_report,16c7a4afbeefed3523a8b1a825845434fb070a29e9154b16130b20168d214383,1092389,,ok
2022-06_ipr_asx-investment-products-jun-2022-abs.xlsx,https://www.asx.com.au/content/dam/asx/issuers/asx-investment-products-reports/2022/excel/asx-investment-products-jun-2022-abs.xlsx,2026-08-27T04:01:43Z,2022-06,investment_products_report,3dec0faa74b792fef7ad18fe6c40669bc37d3393f23d058125ed761bcf41ceef,1095537,,ok
2022-07_ipr_asx-investment-products-jul-2022-abs.xlsx,https://www.asx.com.au/content/dam/asx/issuers/asx-investment-products-reports/2022/excel/asx-investment-products-jul-2022-abs.xlsx,2026-08-27T04:01:45Z,2022-07,investment_products_report,f9030971444e24367ac2136396bd725dd047b0c57209758f0b21022899fc9392,1065596,,ok
2022-08_ipr_asx-investment-products-aug-2022-abs.xlsx,https://www.asx.com.au/content/dam/asx/issuers/asx-investment-products-reports/2022/excel/asx-investment-products-aug-2022-abs.xlsx,2026-08-27T04:01:46Z,2022-08,investment_products_report,a72f74f8940644401e80bca09e89045350385245ad2fa7e9652918eb933b115c,762309,,ok
2022-09_ipr_asx-investment-products-sep-2022-abs.xlsx,https://www.asx.com.au/content/dam/asx/issuers/asx-investment-products-reports/2022/excel/asx-investment-products-sep-2022-abs.xlsx,2026-08-27T04:01:48Z,2022-09,investment_products_report,3fc8c9a48707d0ce111af03ee8826abf84d1f2ec1fe84235bf3a7e0d77e3aef5,761525,,ok
2022-10_ipr_asx-investment-products-oct-2022-abs.xlsx,https://www.asx.com.au/content/dam/asx/issuers/asx-investment-products-reports/2022/excel/asx-investment-products-oct-2022-abs.xlsx,2026-08-27T04:01:50Z,2022-10,investment_products_report,7d7af6056618f76c33d93c53f78cb9071a0f53baa404c20a20cda48281588a56,766203,,ok
2022-11_ipr_asx-investment-products-nov-2022-abs.xlsx,https://www.asx.com.au/content/dam/asx/issuers/asx-investment-products-reports/2022/excel/asx-investment-products-nov-2022-abs.xlsx,2026-08-27T04:01:51Z,2022-11,investment_products_report,832453094cdbc09488238600c739e4e2d0b6ec98945c87e5500fc19b60b9553b,766851,,ok
2022-12_ipr_asx-investment-products-dec-2022-abs.xlsx,https://www.asx.com.au/content/dam/asx/issuers/asx-investment-products-reports/2022/excel/asx-investment-products-dec-2022-abs.xlsx,2026-08-27T04:01:53Z,2022-12,investment_products_report,9f615da239eaf7587f3894232f175aa7e043b43504cfcd8f842f7d1656435c18,848778,,ok
2023-01_ipr_asx-investment-products-jan-2023-abs.xlsx,https://www.asx.com.au/content/dam/asx/issuers/asx-investment-products-reports/2023/excel/asx-investment-products-jan-2023-abs.xlsx,2026-08-27T04:01:54Z,2023-01,investment_products_report,4949ffe0e9bad528464575ead70beb9b687c5fc84eef49ae5482ade4c6569da8,862764,,ok
2023-02_ipr_asx-investment-products-feb-2023-abs.xlsx,https://www.asx.com.au/content/dam/asx/issuers/asx-investment-products-reports/2023/excel/asx-investment-products-feb-2023-abs.xlsx,2026-08-27T04:01:55Z,2023-02,investment_products_report,f60b05a40a73f037eb6bc2603d9010e95a8cde59372914221dcbbae2b131fc8a,825616,,ok
2023-03_ipr_asx-investment-products-mar-2023-abs.xlsx,https://www.asx.com.au/content/dam/asx/issuers/asx-investment-products-reports/2023/excel/asx-investment-products-mar-2023-abs.xlsx,2026-08-27T04:01:57Z,2023-03,investment_products_report,e0d547c0086845a7c5a9ab8e02c6d4889b4f8eeba8c8c1ed7d5f3a5655dc74fc,823628,,ok
2023-04_ipr_asx-investment-products-apr-2023-abs.xlsx,https://www.asx.com.au/content/dam/asx/issuers/asx-investment-products-reports/2023/excel/asx-investment-products-apr-2023-abs.xlsx,2026-08-27T04:01:58Z,2023-04,investment_products_report,49dd78f46a82c0511a863cda6a2e85448a633fa3f376cef14302517a63439324,826411,,ok
2023-05_ipr_asx-investment-products-may-2023-abs.xlsx,https://www.asx.com.au/content/dam/asx/issuers/asx-investment-products-reports/2023/excel/asx-investment-products-may-2023-abs.xlsx,2026-08-27T04:02:00Z,2023-05,investment_products_report,5be94855304e2f0bbac3d634c5fcdcd4c6dc35be8d39c2fc7d6b94771951bdf3,831607,,ok
2023-06_ipr_asx-investment-products-jun-2023-abs.xlsx,https://www.asx.com.au/content/dam/asx/issuers/asx-investment-products-reports/2023/excel/asx-investment-products-jun-2023-abs.xlsx,2026-08-27T04:02:02Z,2023-06,investment_products_report,eb0bc51e293cb1209c3856b181671da4e2b026e06ca4a48df5f4f593c7dbfda7,815949,,ok
2023-07_ipr_asx-investment-products-jul-2023-abs.xlsx,https://www.asx.com.au/content/dam/asx/issuers/asx-investment-products-reports/2023/excel/asx-investment-products-jul-2023-abs.xlsx,2026-08-27T04:02:04Z,2023-07,investment_products_report,16724f44761a26344462333c14342d22d95651a9bd34d113a7e6a0d77f5f059b,867224,,ok
2023-08_ipr_asx-investment-products-aug-2023-abs.xlsx,https://www.asx.com.au/content/dam/asx/issuers/asx-investment-products-reports/2023/excel/asx-investment-products-aug-2023-abs.xlsx,2026-08-27T04:02:05Z,2023-08,investment_products_report,37afc771f3e72a791d407c597114769dba0dd5185c0a1c80cf4b2d8695f5758e,1518931,,ok
2023-09_ipr_asx-investment-products-sep-2023-abs.xlsx,https://www.asx.com.au/content/dam/asx/issuers/asx-investment-products-reports/2023/excel/asx-investment-products-sep-2023-abs.xlsx,2026-08-27T04:02:07Z,2023-09,investment_products_report,4378e4704755562ee6985ee1e806c2006c299082b08ea538efb0181d26488e1c,824850,,ok
2023-10_ipr_asx-investment-products-oct-2023-abs.xlsx,https://www.asx.com.au/content/dam/asx/issuers/asx-investment-products-reports/2023/excel/asx-investment-products-oct-2023-abs.xlsx,2026-08-27T04:02:08Z,2023-10,investment_products_report,10e46785a42716b9aaab4bc8a4cdf41f7402d462ab98914e3b39bd9fd3425214,824950,,ok
2023-11_ipr_asx-investment-products-nov-2023-abs.xlsx,https://www.asx.com.au/content/dam/asx/issuers/asx-investment-products-reports/2023/excel/asx-investment-products-nov-2023-abs.xlsx,2026-08-27T04:02:09Z,2023-11,investment_products_report,e2192c7792964391ce120c60f86f89f20261bf763ceb4dfd5f32081f2b62efd4,870638,,ok
2023-12_ipr_asx-investment-products-dec-2023-abs.xlsx,https://www.asx.com.au/content/dam/asx/issuers/asx-investment-products-reports/2023/excel/asx-investment-products-dec-2023-abs.xlsx,2026-08-27T04:02:11Z,2023-12,investment_products_report,f4df03a198451d3a2ebea2337cf12b642dba58ec997f39d3525ec68db267ec3f,976222,,ok
2024-01_ipr_asx-investment-products-jan-2024-abs.xlsx,https://www.asx.com.au/content/dam/asx/issuers/asx-investment-products-reports/2024/excel/asx-investment-products-jan-2024-abs.xlsx,2026-08-27T04:02:13Z,2024-01,investment_products_report,5fa197ab13b0dede05d720b5c0fbd0d2f5493f313f1038d2e60c52b9961f4ff2,979379,,ok
2024-02_ipr_asx-investment-products-feb-2024-abs.xlsx,https://www.asx.com.au/content/dam/asx/issuers/asx-investment-products-reports/2024/excel/asx-investment-products-feb-2024-abs.xlsx,2026-08-27T04:02:15Z,2024-02,investment_products_report,163449b6c9daab31a1f9482ba3f66c3837f0fcfd3dc801f3de9d03d234a23bd0,979595,,ok
2024-03_ipr_asx-investment-products-mar-2024-abs.xlsx,https://www.asx.com.au/content/dam/asx/issuers/asx-investment-products-reports/2024/excel/asx-investment-products-mar-2024-abs.xlsx,2026-08-27T04:02:15Z,2024-03,investment_products_report,6f81c6d04d44fe49f7508aab2a0ae9540962d6419c2445ddd053f5ecb035259a,1004829,,ok
2024-04_ipr_asx-investment-products-apr-2024-abs.xlsx,https://www.asx.com.au/content/dam/asx/issuers/asx-investment-products-reports/2024/excel/asx-investment-products-apr-2024-abs.xlsx,2026-08-27T04:02:17Z,2024-04,investment_products_report,be1cddc4c937d4859ca4777a900f792fb0e035c8988da14092a4e6a1a7c30d2c,6312560,,ok
2024-05_ipr_asx-investment-products-may-2024-abs.xlsx,https://www.asx.com.au/content/dam/asx/issuers/asx-investment-products-reports/2024/excel/asx-investment-products-may-2024-abs.xlsx,2026-08-27T04:02:18Z,2024-05,investment_products_report,8a86922032e3d5c946ea9a9e1b9c0f029ddd9eb8e9776aac15822465cf145fad,6330402,,ok
2024-06_ipr_asx-investment-products-june-2024-abs.xlsx,https://www.asx.com.au/content/dam/asx/issuers/asx-investment-products-reports/2024/excel/asx-investment-products-june-2024-abs.xlsx,2026-08-27T04:02:20Z,2024-06,investment_products_report,4dbb1f245cd9ac43266c02cfe6b9fedaecf1ae6ce331e048dd181451ac700ee5,6312926,,ok
2024-07_ipr_asx-investment-products-jul-2024-abs.xlsx,https://www.asx.com.au/content/dam/asx/issuers/asx-investment-products-reports/2024/excel/asx-investment-products-jul-2024-abs.xlsx,2026-08-27T04:02:22Z,2024-07,investment_products_report,dfa567fbc71f25ef078916a5763a6bac95a123d7f68ce4db44e34b8634b792f5,6370468,,ok
2024-08_ipr_asx-investment-products-aug-2024-abs.xlsx,https://www.asx.com.au/content/dam/asx/issuers/asx-investment-products-reports/2024/excel/asx-investment-products-aug-2024-abs.xlsx,2026-08-27T04:02:23Z,2024-08,investment_products_report,1a7810054f126f603d1b0a07a3a77bc35a31ba80b0aa231d1cc8692469227ddb,1231397,,ok
2024-09_ipr_asx-investment-products-sep-2024-abs.xlsx,https://www.asx.com.au/content/dam/asx/issuers/asx-investment-products-reports/2024/excel/asx-investment-products-sep-2024-abs.xlsx,2026-08-27T04:02:24Z,2024-09,investment_products_report,5d3c4a20a4f013d00d147e1bd627d388367ce254c9af17699f763497fab245ae,1236483,,ok
2024-10_ipr_asx-investment-products-oct-2024-abs.xlsx,https://www.asx.com.au/content/dam/asx/issuers/asx-investment-products-reports/2024/excel/asx-investment-products-oct-2024-abs.xlsx,2026-08-27T04:02:26Z,2024-10,investment_products_report,19eb67c865d390c10eee2b4591717622ad19cff30a4b1bfd63f1661123277f23,1260402,,ok
2024-11_ipr_asx-investment-products-nov-2024-abs.xlsx,https://www.asx.com.au/content/dam/asx/issuers/asx-investment-products-reports/2024/excel/asx-investment-products-nov-2024-abs.xlsx,2026-08-27T04:02:27Z,2024-11,investment_products_report,3653ac693878c62cb5da77d48d8dcd1bdfe202ecb2297c0337698cbdc2ebac69,1267576,,ok
2024-12_ipr_asx-investment-products-dec-2024-abs.xlsx,https://www.asx.com.au/content/dam/asx/issuers/asx-investment-products-reports/2024/excel/asx-investment-products-dec-2024-abs.xlsx,2026-08-27T04:02:30Z,2024-12,investment_products_report,307b7e4b90ccca4898b0174df07b83f481db143c7a2eed66c8bd09299e6b1e42,1257737,,ok
2025-01_ipr_asx-investment-products-jan-2025-abs.xlsx,https://www.asx.com.au/content/dam/asx/issuers/asx-investment-products-reports/2025/excel/asx-investment-products-jan-2025-abs.xlsx,2026-08-27T04:02:31Z,2025-01,investment_products_report,80b0586b1dcb0e44f1d7a49437d2e88534e2a0a847902d7230094cffedeabf2a,1208988,,ok
2025-02_ipr_asx-investment-products-feb-2025-abs.xlsx,https://www.asx.com.au/content/dam/asx/issuers/asx-investment-products-reports/2025/excel/asx-investment-products-feb-2025-abs.xlsx,2026-08-27T04:02:32Z,2025-02,investment_products_report,1d4f7fb2ddd7bdb786cee8cb032e2744e95c6bc038f7006166ba9148c330a478,1281559,,ok
2025-03_ipr_asx-investment-products-mar-2025-abs.xlsx,https://www.asx.com.au/content/dam/asx/issuers/asx-investment-products-reports/2025/excel/asx-investment-products-mar-2025-abs.xlsx,2026-08-27T04:02:34Z,2025-03,investment_products_report,86d48bb9570ec9788806615015c61d64342fe708e1a7610576666440e8f653d2,1307419,,ok
2025-04_ipr_asx-investment-products-apr-2025-abs.xlsx,https://www.asx.com.au/content/dam/asx/issuers/asx-investment-products-reports/2025/excel/asx-investment-products-apr-2025-abs.xlsx,2026-08-27T04:02:36Z,2025-04,investment_products_report,419a67660b8bb4e1ba896c52f7747ecdae92e1acc1474530429e225ee1938be2,1284896,,ok
2025-05_ipr_asx-investment-products-may-2025-abs.xlsx,https://www.asx.com.au/content/dam/asx/issuers/asx-investment-products-reports/2025/excel/asx-investment-products-may-2025-abs.xlsx,2026-08-27T04:02:37Z,2025-05,investment_products_report,1c10d54e20a8ab91a5e95b8a6686ff83ca347f46698d60568a11f50a1785b77f,1215189,,ok
2025-06_ipr_asx-investment-products-jun-2025-abs.xlsx,https://www.asx.com.au/content/dam/asx/issuers/asx-investment-products-reports/2025/excel/asx-investment-products-jun-2025-abs.xlsx,2026-08-27T04:02:39Z,2025-06,investment_products_report,eb7ec4a596eec6c58ac3e79bc4afd8b69d5db537e26fda7e43c54ea263224a76,1196945,,ok
2025-07_ipr_asx-investment-products-jul-2025-abs.xlsx,https://www.asx.com.au/content/dam/asx/issuers/asx-investment-products-reports/2025/excel/asx-investment-products-jul-2025-abs.xlsx,2026-08-27T04:02:41Z,2025-07,investment_products_report,a81bfc2278596e7b4a6511a7e018ca7ec44100bb2a1016195f12bddab56948af,1414726,,ok
2025-08_ipr_asx-investment-products-aug-2025-abs.xlsx,https://www.asx.com.au/content/dam/asx/issuers/asx-investment-products-reports/2025/excel/asx-investment-products-aug-2025-abs.xlsx,2026-08-27T04:02:42Z,2025-08,investment_products_report,fe2ee5443a348c9f42e12fdc635d757338097ca316429e3191cec932a7f15e84,1240811,,ok
2025-09_ipr_asx-investment-products-sep-2025-abs.xlsx,https://www.asx.com.au/content/dam/asx/issuers/asx-investment-products-reports/2025/excel/asx-investment-products-sep-2025-abs.xlsx,2026-08-27T04:02:43Z,2025-09,investment_products_report,37b9227aebbefa4103dc68ac755cb1e5acbb5a8f17a3458a8118c6669a3d02f9,1795208,,ok
2025-10_ipr_asx-investment-products-oct-2025-abs.xlsx,https://www.asx.com.au/content/dam/asx/issuers/asx-investment-products-reports/2025/excel/asx-investment-products-oct-2025-abs.xlsx,2026-08-27T04:02:45Z,2025-10,investment_products_report,cd80df6210d4c41ac9f702754402a0a24a6f87ac80e283aa6a2b8a1c9c913f56,1902624,,ok
2025-11_ipr_asx-investment-products-nov-2025-abs.xlsx,https://www.asx.com.au/content/dam/asx/issuers/asx-investment-products-reports/2025/excel/asx-investment-products-nov-2025-abs.xlsx,2026-08-27T04:02:46Z,2025-11,investment_products_report,fa41515f55fd2094a7b762f6365f4d93b1d2a85187cd6dc6032e4995134124f4,1685963,,ok
2025-12_ipr_asx-investment-products-dec-2025-abs.xlsx,https://www.asx.com.au/content/dam/asx/issuers/asx-investment-products-reports/2025/excel/asx-investment-products-dec-2025-abs.xlsx,2026-08-27T04:02:48Z,2025-12,investment_products_report,97171dead1f9f1b654d82dd835263782facca4289175c7adedbc004f88a3525f,1739035,,ok
2026-01_ipr_asx-investment-products-jan-2026-abs.xlsx,https://www.asx.com.au/content/dam/asx/issuers/asx-investment-products-reports/2026/excel/asx-investment-products-jan-2026-abs.xlsx,2026-08-27T04:02:50Z,2026-01,investment_products_report,b1f1030deb93c0fd38c937596bf7a06b68b359f3d749a44cd85a22e0581059b6,1670618,,ok
2026-02_ipr_asx-investment-products-feb-2026-abs.xlsx,https://www.asx.com.au/content/dam/asx/issuers/asx-investment-products-reports/2026/excel/asx-investment-products-feb-2026-abs.xlsx,2026-08-27T04:02:51Z,2026-02,investment_products_report,8e723da4fa746ca01bc32cff7e3d364c3e99c2e7a2cd524191e42087eadc83d2,1740029,,ok
2026-03_ipr_asx-investment-products-mar-2026-abs.xlsx,https://www.asx.com.au/content/dam/asx/issuers/asx-investment-products-reports/2026/excel/asx-investment-products-mar-2026-abs.xlsx,2026-08-27T04:02:52Z,2026-03,investment_products_report,46e57bc8f6a1ebe789e9e4dd45c6882bfaf0281f91d9cb7f15631e193ac8e3e2,1639242,,ok
2026-04_ipr_asx-investment-products-apr-2026-abs.xlsx,https://www.asx.com.au/content/dam/asx/issuers/asx-investment-products-reports/2026/excel/asx-investment-products-apr-2026-abs.xlsx,2026-08-27T04:02:54Z,2026-04,investment_products_report,8d2dbcef1ca7c0806b129056a1a864b293b42afdb107f3ebb93e394835fb3855,1572180,,ok
2026-05_ipr_asx-investment-products-may-2026-abs.xlsx,https://www.asx.com.au/content/dam/asx/issuers/asx-investment-products-reports/2026/excel/asx-investment-products-may-2026-abs.xlsx,2026-08-27T04:02:55Z,2026-05,investment_products_report,c306dbec3e185fa7c853a0f373261686dc08e7e70767ef0fdfff66632453b4ef,1723886,,ok
2026-06_ipr_asx-investment-products-jun-2026-abs.xlsx,https://www.asx.com.au/content/dam/asx/issuers/asx-investment-products-reports/2026/excel/asx-investment-products-jun-2026-abs.xlsx,2026-08-27T04:02:56Z,2026-06,investment_products_report,560b4e0ac5cf21fa079b6842c33fd36b9ee1117a5a986993b75ae272829e964f,1659759,,ok
2026-07_ipr_asx-investment-products-july-2026-abs.xlsx,https://www.asx.com.au/content/dam/asx/issuers/asx-investment-products-reports/2026/excel/asx-investment-products-july-2026-abs.xlsx,2026-08-27T04:02:58Z,2026-07,investment_products_report,961d9c0967b0dc08dfc813ea127631961ab67816caa76286bf23235022e21b78,1162282,,ok
