signal,bucket,avg_fwd_return_monthly,cagr,volatility,sharpe,t_stat,win_rate,months,avg_members
absolute_discount,1,0.011766710850057182,0.13594188062178914,0.1615752897502546,0.8738992850883234,3.8590347535774687,0.6794871794871795,234,18.01276595744681
absolute_discount,2,0.010665274506505456,0.12132539085617733,0.16042253653048905,0.7977887449357318,3.5229397085601026,0.6623931623931624,234,17.48936170212766
absolute_discount,3,0.008252973273619433,0.090030005974846,0.15669485430239535,0.6320289183990087,2.7909641339519404,0.6367521367521367,234,17.395744680851063
absolute_discount,4,0.0064453055732460775,0.067345257855425,0.15380731665448313,0.5028607777658576,2.220573069141843,0.5769230769230769,234,17.50212765957447
absolute_discount,5,0.005812036645272986,0.06004184767258236,0.14951303793040563,0.46647730999713893,2.059908025731308,0.6025641025641025,234,17.58723404255319
absolute_discount,6,0.004581463597154264,0.04459128527942546,0.14937556843198516,0.3680492314972108,1.6252613998095526,0.6068376068376068,234,17.302127659574467
absolute_discount,7,0.002936038150350132,0.0251741825574745,0.14217446381355342,0.24781143434031286,1.094305664017674,0.5598290598290598,234,17.34468085106383
absolute_discount,8,0.0035847407113027605,0.03519293352601238,0.12878784871073537,0.334013565458737,1.474963968120554,0.5811965811965812,234,17.5531914893617
absolute_discount,9,0.00038280916132480596,-0.004402281266268626,0.13202952702167958,0.03479305000572616,0.1536419487303801,0.5641025641025641,234,17.404255319148938
absolute_discount,10,-0.0044993530589920415,-0.05984014750332878,0.12112255597961906,-0.4457653347159352,-1.9684464193548656,0.47435897435897434,234,17.902127659574468
absolute_discount,1-10 (long-short),0.016266063909049222,,0.09593243569240766,2.034689993011808,8.984947727695284,0.7393162393162394,234,
discount_zscore,1,0.019941337618079192,0.2545970744917829,0.146412361872332,1.634397863382674,6.853436457355404,0.7298578199052133,211,16.9811320754717
discount_zscore,2,0.013263975829933198,0.1612266507864457,0.1332041372185515,1.1949156631527724,5.010578362092978,0.6635071090047393,211,16.54245283018868
discount_zscore,3,0.010845715448136242,0.12908259374907227,0.1283511368797037,1.0140041494109697,4.251971420899782,0.6445497630331753,211,16.38679245283019
discount_zscore,4,0.008954650457673538,0.10285317320264276,0.1354256329679456,0.7934672568044526,3.327205417563731,0.6445497630331753,211,16.504716981132077
discount_zscore,5,0.008049907114110721,0.09089886867660169,0.13596119108133295,0.710488666663287,2.979255565453416,0.6161137440758294,211,16.60377358490566
discount_zscore,6,0.007710127325984049,0.08675494725575406,0.13461730589495893,0.6872929694789953,2.8819902420592793,0.5971563981042654,211,16.297169811320753
discount_zscore,7,0.006101889586152925,0.06635884281471505,0.13235574402964706,0.5532262734092867,2.319815264260622,0.5924170616113744,211,16.339622641509433
discount_zscore,8,0.00451422733451557,0.045777711888096206,0.1359034358532824,0.39859719273520094,1.6714170972036673,0.5876777251184834,211,16.55188679245283
discount_zscore,9,0.0013956080780697907,0.007925969800271826,0.13186571222361343,0.12700266547256792,0.532553741797945,0.5260663507109005,211,16.45754716981132
discount_zscore,10,-0.0050115011593604465,-0.06775217737359329,0.1374783982790383,-0.43743609661689487,-1.8342782742708086,0.5023696682464455,211,16.87264150943396
discount_zscore,1-10 (long-short),0.024952838777439645,,0.10044656686471654,2.981028368371809,12.500192858748585,0.8483412322274881,211,
widening_3m,1,0.017733889822886383,0.22027078091083063,0.15774569848604966,1.3490490068320706,5.918928495899066,0.7186147186147186,231,17.762931034482758
widening_3m,2,0.011063770121405926,0.12858672617985722,0.14930858660323068,0.8892003097563201,3.9013505256848773,0.6493506493506493,231,17.30603448275862
widening_3m,3,0.009308020329468302,0.10619660959299693,0.1436313368179891,0.7776592937734895,3.41196630419344,0.6190476190476191,231,17.155172413793103
widening_3m,4,0.007316960366678297,0.0802842437182365,0.14305329732455907,0.6137818983712838,2.6929571499169733,0.6233766233766234,231,17.288793103448278
widening_3m,5,0.006021691416488161,0.06398668409961927,0.14085077638265964,0.5130273247592407,2.2508982522606953,0.6147186147186147,231,17.32758620689655
widening_3m,6,0.004956229374079938,0.05077071233919428,0.13931048940379656,0.42692228520258446,1.8731139244183708,0.5844155844155844,231,17.120689655172413
widening_3m,7,0.003776599186943888,0.03530655575307229,0.1441412865296688,0.31440811535977614,1.379460007694555,0.5757575757575758,231,17.03448275862069
widening_3m,8,0.0006505001980201054,-0.0019571688289545808,0.13810127170586814,0.05652375448697317,0.24799696633244264,0.5454545454545454,231,17.40948275862069
widening_3m,9,-0.000860266225532765,-0.021956689176967914,0.15138692174739296,-0.06819079605580892,-0.29918590346882123,0.5194805194805194,231,17.17241379310345
widening_3m,10,-0.01040063207943917,-0.12868033502126608,0.15225168065170566,-0.8197452035934016,-3.5966174841338026,0.4069264069264069,231,17.603448275862068
widening_3m,1-10 (long-short),0.028134521902325557,,0.10687544562933177,3.1589506910579757,13.859839907780735,0.8658008658008658,231,
overshoot,1,0.022065832548126788,0.28570319865953,0.14983017614784339,1.7672674316036485,7.410591580548005,0.7582938388625592,211,16.94811320754717
overshoot,2,0.014297386798235556,0.17466477492137167,0.1394495486081672,1.2303276940745749,5.159069809118109,0.6682464454976303,211,16.49056603773585
overshoot,3,0.011789139380547372,0.1424360334341086,0.12379811553159023,1.1427449598816297,4.7918136366764195,0.6729857819905213,211,16.297169811320753
overshoot,4,0.010297506301589009,0.12026823317640156,0.13782721100153406,0.8965579055190538,3.759490129959762,0.6777251184834123,211,16.514150943396228
overshoot,5,0.007315861689007446,0.08128649759416695,0.13625723317100777,0.6442985684136803,2.701704032486452,0.6113744075829384,211,16.514150943396228
overshoot,6,0.0073144801031874524,0.0815777825835673,0.13490397316160854,0.650638815011776,2.728290262288589,0.6208530805687204,211,16.212264150943398
overshoot,7,0.005072626325800069,0.05369939893000231,0.12938960631649574,0.47045135728062254,1.972719467906232,0.5829383886255924,211,16.316037735849058
overshoot,8,0.002909142131228554,0.026420945727257283,0.13184122366871828,0.2647859645361105,1.1103133596809571,0.5497630331753555,211,16.495283018867923
overshoot,9,0.00042720364817409943,-0.003704251719527596,0.13174383214607868,0.038912210876065514,0.16316857151439418,0.5308056872037915,211,16.391509433962263
overshoot,10,-0.005573547128350072,-0.07334880647220055,0.132364548415698,-0.5052906260832966,-2.118809181010529,0.4786729857819905,211,16.82547169811321
overshoot,1-10 (long-short),0.027639379676476856,,0.09561878905672748,3.4686964705331276,14.545106417020392,0.8720379146919431,211,
