file,publication_type,rows_parsed,rows_with_price,rows_with_nav
2007-01_mir_ErrataAdditional 0701.csv,mir,31,31.0,31.0
2007-01_mir_MIR0701.CSV,mir,372,249.0,248.0
2007-01_mir_PostMIRErrataAdditional0701.csv,mir,9,9.0,8.0
2007-02_mir_ErrataAdditional 0702.csv,mir,37,37.0,35.0
2007-02_mir_MIR0702.CSV,mir,369,247.0,247.0
2007-02_mir_PostMIRErrataAdditional0702.csv,mir,10,10.0,10.0
2007-03_mir_ErrataAdditional0703.csv,mir,50,50.0,50.0
2007-03_mir_MIR0703.CSV,mir,376,243.0,247.0
2007-03_mir_PostMIRErrataAdditional0703.csv,mir,6,6.0,6.0
2007-04_mir_ErrataAdditional0704.csv,mir,26,26.0,26.0
2007-04_mir_MIR0704.CSV,mir,373,239.0,239.0
2007-05_mir_ErrataAdditional0705.csv,mir,27,27.0,27.0
2007-05_mir_MIR0705.CSV,mir,388,235.0,235.0
2007-05_mir_PostMIRErrataAdditional0705.csv,mir,13,13.0,13.0
2007-06_mir_ErrataAdditional0706.csv,mir,41,40.0,38.0
2007-06_mir_MIR0706.CSV,mir,387,247.0,247.0
2007-06_mir_PostMIRErrataAdditional0706.csv,mir,2,2.0,2.0
2007-07_mir_ErrataAdditional 0707.csv,mir,28,27.0,25.0
2007-07_mir_MIR0707.CSV,mir,393,238.0,237.0
2007-07_mir_PostMIRErrataAdditional0707.csv,mir,7,7.0,6.0
2007-08_mir_ErrataAdditional 0708.csv,mir,23,22.0,22.0
2007-08_mir_MIR0708.CSV,mir,392,252.0,252.0
2007-08_mir_PostMIRErrataAdditional0708.csv,mir,7,7.0,7.0
2007-09_mir_ErrataAdditional 0709.csv,mir,41,41.0,41.0
2007-09_mir_MIR0709.CSV,mir,396,247.0,248.0
2007-09_mir_PostMIRErrataAdditional0709.csv,mir,15,15.0,15.0
2007-10_mir_ErrataAdditional 0710.csv,mir,25,23.0,25.0
2007-10_mir_MIR0710.CSV,mir,404,242.0,242.0
2007-10_mir_PostMIRErrataAdditional0710.csv,mir,33,33.0,33.0
2007-11_mir_ErrataAdditional 0711.csv,mir,54,54.0,54.0
2007-11_mir_MIR0711.CSV,mir,406,244.0,244.0
2007-11_mir_PostMIRErrataAdditional0711.csv,mir,26,26.0,26.0
2007-12_mir_ErrataAdditional 0712.csv,mir,37,37.0,35.0
2007-12_mir_MIR0712.CSV,mir,408,239.0,239.0
2007-12_mir_PostMIRErrataAdditional0712.csv,mir,10,10.0,10.0
2008-01_mir_Errata&Additional0801.csv,mir,17,17.0,17.0
2008-01_mir_MIR0801.CSV,mir,410,239.0,239.0
2008-01_mir_PostMIRErrataAdditional0801.csv,mir,4,4.0,4.0
2008-02_mir_Errata&Additional0802.csv,mir,38,38.0,38.0
2008-02_mir_MIR0802.CSV,mir,410,241.0,242.0
2008-02_mir_PostMIRErrataAdditional0802.csv,mir,2,2.0,2.0
2008-03_mir_Errata&Additional0803.csv,mir,36,36.0,36.0
2008-03_mir_MIR0803.CSV,mir,416,245.0,244.0
2008-03_mir_PostMIRErrataAdditional0803.csv,mir,9,9.0,9.0
2008-04_mir_ErrataAdditional0804.csv,mir,24,24.0,24.0
2008-04_mir_MIR0804.CSV,mir,422,248.0,247.0
2008-04_mir_PostMIRErrataAdditional0804.csv,mir,1,1.0,1.0
2008-05_mir_ErrataAdditional0805.csv,mir,34,32.0,32.0
2008-05_mir_MIR0805.CSV,mir,429,248.0,247.0
2008-05_mir_PostMIRErrataAdditional0805.csv,mir,10,10.0,10.0
2008-06_mir_ErrataAdditional0806.csv,mir,13,13.0,13.0
2008-06_mir_MIR0806.CSV,mir,441,244.0,242.0
2008-06_mir_PostMIRErrataAdditional0806.csv,mir,13,13.0,13.0
2008-07_mir_ErrataAdditional0807.csv,mir,19,19.0,18.0
2008-07_mir_MIR0807.CSV,mir,440,240.0,239.0
2008-07_mir_PostMIRErrataAdditional0807.csv,mir,2,2.0,2.0
2008-08_mir_ErrataAdditional0808.csv,mir,30,30.0,30.0
2008-08_mir_MIR0808.CSV,mir,441,246.0,246.0
2008-08_mir_PostMIRErrataAdditional0808.csv,mir,7,7.0,7.0
2008-09_mir_ErrataAdditional0809.csv,mir,16,16.0,16.0
2008-09_mir_MIR0809.CSV,mir,437,237.0,235.0
2008-09_mir_PostMIRErrataAdditional0809.csv,mir,2,2.0,2.0
2008-10_mir_ErrataAdditional0810.csv,mir,14,14.0,14.0
2008-10_mir_MIR0810.CSV,mir,427,228.0,226.0
2008-10_mir_PostMIRErrataAdditional0810.csv,mir,7,7.0,7.0
2008-11_mir_ErrataAdditional0811.csv,mir,31,31.0,30.0
2008-11_mir_MIR0811.CSV,mir,432,227.0,225.0
2008-11_mir_PostMIRErrataAdditional0811.csv,mir,3,3.0,3.0
2008-12_mir_ErrataAdditional0812.csv,mir,28,28.0,27.0
2008-12_mir_MIR0812.CSV,mir,434,231.0,227.0
2008-12_mir_PostMIRErrataAdditional0812.csv,mir,1,1.0,1.0
2009-01_mir_ErrataAdditional0901.csv,mir,39,39.0,39.0
2009-01_mir_MIR0901.csv,mir,434,232.0,230.0
2009-01_mir_PostMIRErrataAdditional0901.csv,mir,3,3.0,3.0
2009-02_mir_ErrataAdditional0902.csv,mir,56,56.0,56.0
2009-02_mir_MIR0902.csv,mir,429,230.0,227.0
2009-02_mir_PostMIRErrataAdditional0902.csv,mir,2,2.0,2.0
2009-03_mir_ErrataAdditional0903.csv,mir,9,9.0,9.0
2009-03_mir_MIR0903.csv,mir,425,229.0,226.0
2009-03_mir_PostMIRErrataAdditional0903.csv,mir,8,8.0,8.0
2009-04_mir_ErrataAdditional0904.csv,mir,24,24.0,24.0
2009-04_mir_MIR0904.csv,mir,424,224.0,222.0
2009-04_mir_PostMIRErrataAdditional0904.csv,mir,20,20.0,20.0
2009-05_mir_ErrataAdditional0905.csv,mir,56,56.0,56.0
2009-05_mir_MIR0905.csv,mir,430,219.0,216.0
2009-05_mir_PostMIRErrataAdditional0905.csv,mir,12,12.0,12.0
2009-06_mir_ErrataAdditional0906.csv,mir,20,20.0,20.0
2009-06_mir_MIR0906.csv,mir,430,215.0,213.0
2009-06_mir_PostMIRErrataAdditional0906.csv,mir,1,1.0,1.0
2009-07_mir_ErrataAdditional0907.csv,mir,36,36.0,36.0
2009-07_mir_MIR0907.csv,mir,429,217.0,215.0
2009-07_mir_PostMIRErrataAdditional0907.csv,mir,5,5.0,5.0
2009-08_mir_ErrataAdditional0908.csv,mir,30,30.0,30.0
2009-08_mir_MIR0908.csv,mir,430,220.0,219.0
2009-08_mir_PostMIRErrataAdditional0908.csv,mir,6,6.0,5.0
2009-09_mir_ErrataAdditional0909.csv,mir,22,22.0,21.0
2009-09_mir_MIR0909.csv,mir,427,219.0,216.0
2009-09_mir_PostMIRErrataAdditional0909.csv,mir,5,5.0,5.0
2009-10_mir_ErrataAdditional0910.csv,mir,26,26.0,26.0
2009-10_mir_MIR0910.csv,mir,424,211.0,209.0
2009-10_mir_PostMIRErrataAdditional0910.csv,mir,4,4.0,4.0
2009-11_mir_ErrataAdditional0911.csv,mir,29,29.0,29.0
2009-11_mir_MIR0911.csv,mir,424,216.0,214.0
2009-11_mir_PostMIRErrataAdditional0911.csv,mir,4,4.0,4.0
2009-12_mir_ErrataAdditional0912.csv,mir,21,21.0,18.0
2009-12_mir_MIR0912.csv,mir,430,212.0,209.0
2009-12_mir_PostMIRErrataAdditional0912.csv,mir,2,2.0,2.0
2010-01_mir_ErrataAdditional1001.csv,mir,22,22.0,21.0
2010-01_mir_MIR1001.csv,mir,429,211.0,209.0
2010-01_mir_PostMIRErrataAdditional1001.csv,mir,6,6.0,6.0
2010-02_mir_ErrataAdditional1002.csv,mir,23,23.0,23.0
2010-02_mir_MIR1002.csv,mir,426,211.0,209.0
2010-02_mir_PostMIRErrataAdditional1002.csv,mir,10,10.0,10.0
2010-03_mir_MIR1003.csv,mir,422,208.0,205.0
2010-03_mir_PostMIRErrataAdditional1003.csv,mir,4,4.0,4.0
2010-04_mir_ErrataAdditional1004.csv,mir,15,15.0,15.0
2010-04_mir_MIR1004.csv,mir,426,205.0,203.0
2010-04_mir_PostMIRErrataAdditional1004.csv,mir,18,18.0,18.0
2010-05_mir_ErrataAdditional1005.csv,mir,30,30.0,30.0
2010-05_mir_MIR1005.csv,mir,426,209.0,207.0
2010-05_mir_PostMIRErrataAdditional1005.csv,mir,7,7.0,5.0
2010-06_mir_ErrataAdditional1006.csv,mir,18,18.0,18.0
2010-06_mir_MIR1006.csv,mir,430,207.0,204.0
2010-06_mir_PostMIRErrataAdditional1006.csv,mir,1,1.0,1.0
2010-07_mir_ErrataAdditional1007.csv,mir,23,23.0,23.0
2010-07_mir_MIR1007.csv,mir,433,209.0,207.0
2010-07_mir_PostMIRErrataAdditional1007.csv,mir,6,6.0,6.0
2010-08_mir_ErrataAdditional1008.csv,mir,30,30.0,30.0
2010-08_mir_MIR1008.csv,mir,434,217.0,215.0
2010-08_mir_PostMIRErrataAdditional1008.csv,mir,2,2.0,2.0
2010-09_mir_ErrataAdditional1009.csv,mir,6,6.0,6.0
2010-09_mir_MIR1009.csv,mir,426,210.0,207.0
2010-09_mir_PostMIRErrataAdditional1009.csv,mir,5,5.0,5.0
2010-10_mir_ErrataAdditional1010.csv,mir,12,12.0,12.0
2010-10_mir_MIR1010.csv,mir,423,209.0,207.0
2010-10_mir_PostMIRErrataAdditional1010.csv,mir,3,3.0,3.0
2010-11_mir_ErrataAdditional1011.csv,mir,28,28.0,28.0
2010-11_mir_MIR1011.csv,mir,423,211.0,208.0
2010-11_mir_PostMIRErrataAdditional1011.csv,mir,4,4.0,4.0
2010-12_mir_ErrataAdditional1012.csv,mir,12,12.0,12.0
2010-12_mir_MIR1012.csv,mir,426,206.0,204.0
2010-12_mir_PostMIRErrataAdditional1012.csv,mir,2,2.0,2.0
2011-01_mir_ErrataAdditional1101.csv,mir,9,9.0,9.0
2011-01_mir_MIR1101.CSV,mir,426,206.0,204.0
2011-01_mir_PostMIRErrataAdditional1101.csv,mir,5,5.0,5.0
2011-02_mir_ErrataAdditional1102.csv,mir,26,26.0,26.0
2011-02_mir_MIR1102.CSV,mir,426,214.0,211.0
2011-02_mir_PostMIRErrataAdditional1102.csv,mir,4,4.0,4.0
2011-03_mir_ErrataAdditional1103.csv,mir,12,12.0,12.0
2011-03_mir_MIR1103.CSV,mir,421,207.0,205.0
2011-03_mir_PostMIRErrataAdditional1103.csv,mir,2,2.0,2.0
2011-04_mir_ErrataAdditional1104.csv,mir,9,9.0,9.0
2011-04_mir_MIR1104.CSV,mir,431,206.0,204.0
2011-04_mir_PostMIRErrataAdditional1104.csv,mir,1,1.0,1.0
2011-05_mir_ErrataAdditional1105.csv,mir,30,30.0,30.0
2011-05_mir_MIR1105.CSV,mir,431,203.0,201.0
2011-05_mir_PostMIRErrataAdditional1105.csv,mir,1,1.0,1.0
2011-06_mir_ErrataAdditional1106.csv,mir,21,21.0,21.0
2011-06_mir_MIR1106.csv,mir,430,198.0,197.0
2011-06_mir_PostMIRErrataAdditional1106.csv,mir,3,3.0,3.0
2011-07_mir_ErrataAdditional1107.csv,mir,20,20.0,20.0
2011-07_mir_MIR1107.csv,mir,432,201.0,200.0
2011-07_mir_PostMIRErrataAdditional1107.csv,mir,6,6.0,6.0
2011-08_mir_ErrataAdditional1108.csv,mir,23,23.0,23.0
2011-08_mir_MIR1108.csv,mir,428,206.0,204.0
2011-08_mir_PostMIRErrataAdditional1108.csv,mir,19,19.0,19.0
2011-09_mir_ErrataAdditional1109.csv,mir,32,32.0,31.0
2011-09_mir_MIR1109.csv,mir,427,197.0,196.0
2011-09_mir_PostMIRErrataAdditional1109.csv,mir,2,2.0,2.0
2011-10_mir_ErrataAdditional1110.csv,mir,7,7.0,7.0
2011-10_mir_MIR1110.csv,mir,428,193.0,192.0
2011-10_mir_PostMIRErrataAdditional1110.csv,mir,16,16.0,16.0
2011-11_mir_ErrataAdditional1111.csv,mir,24,24.0,24.0
2011-11_mir_MIR1111.csv,mir,419,199.0,197.0
2011-11_mir_PostMIRErrataAdditional1111.csv,mir,8,8.0,8.0
2011-12_mir_ErrataAdditional1112.csv,mir,29,29.0,29.0
2011-12_mir_MIR1112.csv,mir,420,192.0,191.0
2011-12_mir_PostMIRErrataAdditional1112.csv,mir,8,8.0,8.0
2012-01_mir_ErrataAdditional1201.csv,mir,18,18.0,18.0
2012-01_mir_MIR1201.CSV,mir,424,192.0,191.0
2012-01_mir_PostMIRErrataAdditional1201.csv,mir,1,1.0,1.0
2012-02_mir_ErrataAdditional1202.csv,mir,1,1.0,1.0
2012-02_mir_MIR1202.CSV,mir,424,201.0,199.0
2012-02_mir_PostMIRErrataAdditional1202.csv,mir,3,3.0,3.0
2012-03_mir_ErrataAdditional1203.csv,mir,37,37.0,37.0
2012-03_mir_MIR1203.CSV,mir,429,193.0,192.0
2012-03_mir_PostMIRErrataAdditional1203.csv,mir,6,6.0,6.0
2012-04_mir_ErrataAdditional1204.CSV,mir,17,17.0,17.0
2012-04_mir_MIR1204.CSV,mir,427,188.0,187.0
2012-04_mir_PostMIRErrataAdditional1204.csv,mir,6,6.0,6.0
2012-05_mir_ErrataAdditional1205.CSV,mir,40,40.0,40.0
2012-05_mir_MIR1205.CSV,mir,425,193.0,191.0
2012-05_mir_PostMIRErrataAdditional1205.csv,mir,31,31.0,30.0
2012-06_mir_ErrataAdditional1206.CSV,mir,49,49.0,48.0
2012-06_mir_MIR1206.CSV,mir,424,188.0,186.0
2012-06_mir_PostMIRErrataAdditional1206.csv,mir,2,2.0,2.0
2012-07_mir_ErrataAdditional1207.CSV,mir,18,18.0,18.0
2012-07_mir_MIR1207.CSV,mir,421,188.0,187.0
2012-08_mir_ErrataAdditional1208.csv,mir,23,23.0,23.0
2012-08_mir_MIR1208.csv,mir,420,196.0,194.0
2012-08_mir_PostMIRErrataAdditional1208.csv,mir,4,4.0,4.0
2012-09_mir_ErrataAdditional1209.csv,mir,10,10.0,10.0
2012-09_mir_MIR1209.csv,mir,416,185.0,184.0
2012-09_mir_PostMIRErrataAdditional1209.csv,mir,26,26.0,25.0
2012-10_mir_ErrataAdditional1210.csv,mir,35,35.0,34.0
2012-10_mir_MIR1210.csv,mir,411,188.0,187.0
2012-10_mir_PostMIRErrataAdditional1210.csv,mir,24,24.0,23.0
2012-11_mir_ErrataAdditional1211.csv,mir,50,50.0,49.0
2012-11_mir_MIR1211.CSV,mir,408,197.0,195.0
2012-12_mir_ErrataAdditional1212.csv,mir,14,14.0,14.0
2012-12_mir_MIR1212.CSV,mir,412,412.0,189.0
2012-12_mir_PostMIRErrataAdditional1212.csv,mir,8,8.0,8.0
2013-01_mir_ErrataAdditional1301.csv,mir,10,10.0,10.0
2013-01_mir_MIR1301.CSV,mir,410,190.0,189.0
2013-01_mir_PostMIRErrataAdditional1301.csv,mir,15,15.0,15.0
2013-02_mir_ErrataAdditional1302.csv,mir,38,38.0,38.0
2013-02_mir_MIR1302.CSV,mir,409,195.0,193.0
2013-02_mir_PostMIRErrataAdditional1302.csv,mir,1,1.0,1.0
2013-03_mir_ErrataAdditional1303.csv,mir,64,64.0,64.0
2013-03_mir_MIR1303.CSV,mir,406,188.0,187.0
2013-04_mir_ErrataAdditional1304.csv,mir,10,10.0,10.0
2013-04_mir_MIR1304.CSV,mir,409,187.0,186.0
2013-04_mir_PostMIRErrataAdditional1304.csv,mir,2,2.0,2.0
2013-05_mir_ErrataAdditional1305.csv,mir,32,32.0,32.0
2013-05_mir_MIR1305.CSV,mir,410,197.0,197.0
2013-05_mir_PostMIRErrataAdditional1305.csv,mir,4,4.0,4.0
2013-06_mir_ErrataAdditional1306.csv,mir,9,9.0,9.0
2013-06_mir_MIR1306.csv,mir,413,188.0,187.0
2013-06_mir_PostMIRErrataAdditional1306.csv,mir,4,4.0,4.0
2013-07_mir_ErrataAdditional1307.csv,mir,17,17.0,17.0
2013-07_mir_MIR1307.CSV,mir,415,190.0,190.0
2013-07_mir_PostMIRErrataAdditional1307_0.csv,mir,1,1.0,1.0
2013-08_mir_ErrataAdditional1308.csv,mir,33,33.0,33.0
2013-08_mir_MIR1308.csv,mir,413,200.0,198.0
2013-08_mir_PostMIRErrataAdditional1308.csv,mir,3,3.0,3.0
2013-09_mir_ErrataAdditional1309.csv,mir,43,43.0,43.0
2013-09_mir_MIR1309.csv,mir,417,187.0,186.0
2013-09_mir_PostMIRErrataAdditional1309.csv,mir,3,3.0,3.0
2013-10_mir_ErrataAdditional1310.csv,mir,6,6.0,6.0
2013-10_mir_MIR1310.csv,mir,419,189.0,189.0
2013-10_mir_PostMIRErrataAdditional1310.csv,mir,3,3.0,3.0
2013-11_mir_ErrataAdditional1311.csv,mir,35,35.0,35.0
2013-11_mir_MIR1311.csv,mir,412,199.0,199.0
2013-11_mir_PostMIRErrataAdditional1311.csv,mir,1,1.0,1.0
2013-12_mir_ErrataAdditional1312.csv,mir,13,13.0,13.0
2013-12_mir_MIR1312.csv,mir,411,190.0,190.0
2014-01_mir_ErrataAdditional1401.csv,mir,5,5.0,5.0
2014-01_mir_MIR1401.csv,mir,410,194.0,194.0
2014-01_mir_PostMIRErrataAdditional1401.csv,mir,83,83.0,83.0
2014-02_mir_ErrataAdditional1402.csv,mir,22,22.0,21.0
2014-02_mir_MIR1402.csv,mir,411,204.0,204.0
2014-02_mir_PostMIRErrataAdditional1402.csv,mir,23,23.0,23.0
2014-03_mir_ErrataAdditional1403.csv,mir,41,41.0,41.0
2014-03_mir_MIR1403.csv,mir,417,198.0,198.0
2014-03_mir_PostMIRErrataAdditional1403.csv,mir,12,12.0,12.0
2014-04_mir_ErrataAdditional1404.csv,mir,21,20.0,20.0
2014-04_mir_MIR1404.csv,mir,424,199.0,199.0
2014-04_mir_PostMIRErrataAdditional1404_0.csv,mir,6,5.0,5.0
2014-05_mir_ErrataAdditional1405.csv,mir,21,21.0,21.0
2014-05_mir_MIR1405.csv,mir,421,203.0,203.0
2014-05_mir_PostMIRErrataAdditional1405.csv,mir,28,28.0,28.0
2014-06_mir_ErrataAdditional1406.csv,mir,30,30.0,30.0
2014-06_mir_MIR1406.csv,mir,426,199.0,199.0
2014-06_mir_PostMIRErrataAdditional1406.csv,mir,2,2.0,2.0
2014-07_mir_ErrataAdditional1407.csv,mir,12,12.0,12.0
2014-07_mir_MIR1407.csv,mir,433,203.0,202.0
2014-07_mir_PostMIRErrataAdditional1407.csv,mir,1,1.0,1.0
2014-08_mir_ErrataAdditional1408.csv,mir,21,21.0,21.0
2014-08_mir_MIR1408.csv,mir,430,208.0,208.0
2014-08_mir_PostMIRErrataAdditional1408.csv,mir,9,9.0,9.0
2014-09_mir_ErrataAdditional1409.csv,mir,40,39.0,39.0
2014-09_mir_MIR1409.csv,mir,424,201.0,200.0
2014-10_mir_ErrataAdditional1410.csv,mir,64,64.0,64.0
2014-10_mir_MIR1410.csv,mir,421,200.0,199.0
2014-10_mir_PostMIRErrataAdditional1410.csv,mir,25,25.0,25.0
2014-11_mir_ErrataAdditional1411.csv,mir,45,44.0,44.0
2014-11_mir_MIR1411.csv,mir,413,203.0,202.0
2014-11_mir_PostMIRErrataAdditional1411.csv,mir,2,2.0,2.0
2014-12_mir_ErrataAdditional1412.csv,mir,50,50.0,50.0
2014-12_mir_MIR1412.csv,mir,411,202.0,201.0
2015-01_mir_ErrataAdditional1501.csv,mir,5,5.0,5.0
2015-01_mir_MIR1501.csv,mir,412,200.0,200.0
2015-02_mir_ErrataAdditional1502.csv,mir,5,5.0,5.0
2015-02_mir_MIR1502.csv,mir,415,203.0,203.0
2015-02_mir_PostMIRErrataAdditional1502.csv,mir,2,2.0,2.0
2015-03_mir_ERR1503.CSV,mir,12,12.0,12.0
2015-03_mir_MIR1503.CSV,mir,417,200.0,200.0
2015-03_mir_PostMIRErrataAdditional1503.csv,mir,28,28.0,28.0
2015-04_mir_ErrataAdditional1504.csv,mir,4,4.0,4.0
2015-04_mir_MIR1504.CSV,mir,418,198.0,198.0
2015-04_mir_PostMIRErrataAdditional1504.csv,mir,23,23.0,23.0
2015-05_mir_ErrataAdditional1505.csv,mir,29,29.0,29.0
2015-05_mir_MIR1505.CSV,mir,420,204.0,204.0
2015-05_mir_PostMIRErrataAdditional1505.csv,mir,3,3.0,3.0
2015-06_mir_ErrataAdditional1506.csv,mir,18,18.0,18.0
2015-06_mir_MIR1506.csv,mir,424,203.0,202.0
2015-06_mir_PostMIRErrataAdditional1506.csv,mir,2,2.0,2.0
2015-07_mir_ErrataAdditional1507.CSV,mir,29,29.0,29.0
2015-07_mir_MIR1507.CSV,mir,428,203.0,202.0
2015-07_mir_PostMIRErrataAdditional1507.csv,mir,25,25.0,25.0
2015-08_mir_ErrataAdditional1508.csv,mir,47,47.0,47.0
2015-08_mir_MIR1508.csv,mir,427,206.0,205.0
2015-08_mir_PostMIRErrataAdditional1508.csv,mir,5,5.0,5.0
2015-09_mir_ErrataAdditional1509.CSV,mir,11,11.0,11.0
2015-09_mir_MIR1509.CSV,mir,430,204.0,202.0
2015-09_mir_PostMIRErrataAdditional1509.csv,mir,6,6.0,6.0
2015-10_mir_ErrataAdditional1510.csv,mir,14,14.0,14.0
2015-10_mir_MIR1510.csv,mir,425,201.0,200.0
2015-10_mir_PostMIRErrataAdditional1510.csv,mir,2,2.0,2.0
2015-11_mir_ErrataAdditional1511.csv,mir,52,52.0,52.0
2015-11_mir_MIR1511.csv,mir,423,204.0,203.0
2015-11_mir_PostMIRErrataAdditional1511.csv,mir,27,27.0,27.0
2015-12_mir_ErrataAdditional1512.CSV,mir,2,2.0,2.0
2015-12_mir_MIR1512.CSV,mir,422,204.0,203.0
2015-12_mir_PostMIRErrataAdditional1512.csv,mir,3,3.0,3.0
2016-01_mir_ERR1601.CSV,mir,34,34.0,34.0
2016-01_mir_MIR1601.CSV,mir,420,207.0,205.0
2016-01_mir_PostMIRErrataAdditional1601.csv,mir,28,28.0,27.0
2016-02_mir_ERR1602.CSV,mir,43,43.0,42.0
2016-02_mir_MIR1602.CSV,mir,420,209.0,207.0
2016-02_mir_PostMIRErrataAdditional1602.csv,mir,2,2.0,2.0
2016-03_mir_ERR1603.CSV,mir,45,45.0,44.0
2016-03_mir_MIR1603.CSV,mir,417,204.0,202.0
2016-03_mir_PostMIRErrataAdditional1603.csv,mir,4,4.0,4.0
2016-04_mir_ERR1604.CSV,mir,37,37.0,36.0
2016-04_mir_MIR1604.CSV,mir,418,205.0,203.0
2016-04_mir_PostMIRErrataAdditional1604.csv,mir,1,1.0,1.0
2016-05_mir_ERR1605.CSV,mir,38,38.0,37.0
2016-05_mir_MIR1605.CSV,mir,416,207.0,206.0
2016-05_mir_PostMIRErrataAdditional1605.csv,mir,4,4.0,4.0
2016-06_mir_ERR1606.CSV,mir,30,30.0,30.0
2016-06_mir_MIR1606.CSV,mir,418,206.0,204.0
2016-06_mir_PostMIRErrataAdditional1606.csv,mir,23,23.0,23.0
2016-07_mir_ERR1607.CSV,mir,30,30.0,30.0
2016-07_mir_MIR1607.CSV,mir,415,198.0,197.0
2016-07_mir_PostMIRErrataAdditional1607.csv,mir,24,23.0,24.0
2016-08_mir_ERR1608.CSV,mir,36,35.0,36.0
2016-08_mir_MIR1608.CSV,mir,415,205.0,204.0
2016-08_mir_PostMIRErrataAdditional1608.csv,mir,28,28.0,28.0
2016-09_mir_ERR1609.CSV,mir,33,33.0,33.0
2016-09_mir_MIR1609.CSV,mir,410,199.0,198.0
2016-09_mir_PostMIRErrataAdditional1609.csv,mir,26,26.0,26.0
2016-10_mir_ERR1610.csv,mir,35,35.0,35.0
2016-10_mir_MIR1610.csv,mir,404,202.0,201.0
2016-10_mir_PostMIRErrataAdditional1610.csv,mir,2,2.0,2.0
2016-11_mir_ERR1611.CSV,mir,11,11.0,11.0
2016-11_mir_MIR1611.CSV,mir,402,198.0,197.0
2016-11_mir_PostMIRErrataAdditional1611.csv,mir,23,23.0,23.0
2016-12_mir_ERR1612.csv,mir,27,27.0,27.0
2016-12_mir_MIR1612.CSV,mir,403,198.0,197.0
2016-12_mir_PostMIRErrataAdditional1612.csv,mir,3,3.0,3.0
2017-01_mir_ERR1701.CSV,mir,9,9.0,9.0
2017-01_mir_MIR1701.CSV,mir,405,201.0,200.0
2017-01_mir_PostMIRErrataAdditional1701.csv,mir,21,21.0,21.0
2017-02_mir_ERR1702.CSV,mir,28,28.0,28.0
2017-02_mir_MIR1702.CSV,mir,408,199.0,198.0
2017-02_mir_PostMIRErrataAdditional1702.csv,mir,21,21.0,21.0
2017-03_mir_ERR1703.CSV,mir,55,55.0,55.0
2017-03_mir_MIR1703.CSV,mir,403,197.0,197.0
2017-03_mir_PostMIRErrataAdditional1703.CSV,mir,1,1.0,1.0
2017-04_mir_ERR1704.CSV,mir,11,11.0,11.0
2017-04_mir_MIR1704.CSV,mir,410,195.0,195.0
2017-04_mir_PostMIRErrataAdditional1704.csv,mir,24,24.0,24.0
2017-05_mir_ERR1705.csv,mir,45,45.0,45.0
2017-05_mir_MIR1705.CSV,mir,414,202.0,202.0
2017-05_mir_PostMIRErrataAdditional1705.csv,mir,24,24.0,24.0
2017-06_mir_ERR1706.csv,mir,33,33.0,33.0
2017-06_mir_MIR1706.CSV,mir,411,200.0,200.0
2017-06_mir_PostMIRErrataAdditional1706.csv,mir,25,25.0,25.0
2017-07_mir_ERR1707.CSV,mir,32,32.0,32.0
2017-07_mir_MIR1707.CSV,mir,411,203.0,203.0
2017-07_mir_PostMIRErrataAdditional1707.csv,mir,33,33.0,33.0
2017-08_mir_ERR1708.CSV,mir,40,40.0,40.0
2017-08_mir_MIR1708.CSV,mir,412,203.0,203.0
2017-08_mir_PostMIRErrataAdditional1708.CSV,mir,19,19.0,19.0
2017-09_mir_ERR1709.csv,mir,29,29.0,29.0
2017-09_mir_MIR1709.CSV,mir,411,201.0,201.0
2017-09_mir_PostMIRErrataAdditional1709.csv,mir,2,2.0,2.0
2017-10_mir_ERR1710.CSV,mir,30,30.0,30.0
2017-10_mir_MIR1710.CSV,mir,410,200.0,200.0
2017-10_mir_PostMIRErrataAdditional1710.CSV,mir,7,7.0,7.0
2017-11_mir_ERR1711.CSV,mir,18,18.0,18.0
2017-11_mir_MIR1711.CSV,mir,409,200.0,200.0
2017-11_mir_PostMIRErrataAdditional1711.CSV,mir,3,3.0,3.0
2017-12_mir_ERR1712.CSV,mir,10,10.0,10.0
2017-12_mir_MIR1712.CSV,mir,405,202.0,202.0
2017-12_mir_PostMIRErrataAdditional1712.CSV,mir,1,1.0,1.0
2018-01_mir_ERR1801.CSV,mir,11,11.0,11.0
2018-01_mir_MIR1801.CSV,mir,404,202.0,202.0
2018-02_mir_ERR1802.CSV,mir,32,32.0,32.0
2018-02_mir_ERR1802_0.CSV,mir,24,23.0,23.0
2018-02_mir_MIR1802.CSV,mir,400,198.0,198.0
2018-03_mir_ERR1803.CSV,mir,30,29.0,29.0
2018-03_mir_MIR1803.CSV,mir,406,199.0,199.0
2018-03_mir_PostMIRErrataAdditional1803.csv,mir,8,8.0,7.0
2018-04_mir_ERR1804.CSV,mir,15,15.0,15.0
2018-04_mir_MIR1804.csv,mir,406,201.0,202.0
2018-04_mir_PostMIRErrataAdditional1804.csv,mir,25,25.0,25.0
2018-05_mir_ERR1805.CSV,mir,34,34.0,34.0
2018-05_mir_MIR1805.CSV,mir,410,202.0,202.0
2018-05_mir_PostMIRErrataAdditional1805.csv,mir,20,20.0,20.0
2018-06_mir_ERR1806.CSV,mir,27,26.0,26.0
2018-06_mir_MIR1806.csv,mir,410,201.0,201.0
2018-06_mir_PostMIRErrataAdditional1806.CSV,mir,15,15.0,15.0
2018-07_mir_ERR1807.CSV,mir,40,40.0,40.0
2018-07_mir_MIR1807.CSV,mir,410,203.0,203.0
2018-07_mir_PostMIRErrataAdditional1807.CSV,mir,5,5.0,5.0
2018-08_mir_ERR1808.CSV,mir,41,41.0,41.0
2018-08_mir_MIR1808.CSV,mir,409,201.0,201.0
2018-08_mir_PostMIRErrataAdditional1808.csv,mir,2,2.0,2.0
2018-09_mir_ERR1809.CSV,mir,17,17.0,17.0
2018-09_mir_MIR1809.CSV,mir,408,197.0,197.0
2018-09_mir_PostMIRErrataAdditional1809.CSV,mir,13,2.0,2.0
2018-10_mir_ERR1810.csv,mir,77,77.0,77.0
2018-10_mir_MIR1810.CSV,mir,415,200.0,200.0
2018-10_mir_PostMIRErrataAdditional1810.CSV,mir,5,5.0,5.0
2018-11_mir_ERR1811.csv,mir,9,9.0,9.0
2018-11_mir_MIR1811.csv,mir,411,199.0,199.0
2018-11_mir_PostMIRErrataAdditional1811.csv,mir,2,2.0,2.0
2018-12_mir_MIR1812.csv,mir,410,198.0,198.0
2019-01_mir_ERR1901.csv,mir,8,8.0,8.0
2019-01_mir_MIR1901.csv,mir,411,200.0,200.0
2019-01_mir_PostMIRErrataAdditional1901.csv,mir,1,1.0,1.0
2019-02_mir_ERR1902.csv,mir,28,28.0,28.0
2019-02_mir_MIR1902.csv,mir,411,198.0,198.0
2019-02_mir_PostMIRErrataAdditional1902.csv,mir,2,1.0,2.0
2019-03_mir_ERR1903.csv,mir,3,1.0,3.0
2019-03_mir_MIR1903.csv,mir,411,196.0,196.0
2019-03_mir_PostMIRErrataAdditional1903.csv,mir,9,7.0,9.0
2019-04_mir_ERR1904.csv,mir,15,9.0,15.0
2019-04_mir_MIR1904.csv,mir,410,197.0,197.0
2019-04_mir_PostMIRErrataAdditional1904.csv,mir,2,2.0,2.0
2019-05_mir_ERR1905.csv,mir,5,3.0,5.0
2019-05_mir_MIR1905.csv,mir,410,200.0,200.0
2019-05_mir_PostMIRErrataAdditional1905.csv,mir,2,1.0,2.0
2019-06_mir_MIR1906.csv,mir,409,200.0,200.0
2019-06_mir_PostMIRErrataAdditional1906.csv,mir,2,2.0,2.0
2019-07_mir_ERR1907.csv,mir,7,7.0,7.0
2019-07_mir_MIR1907.csv,mir,410,195.0,195.0
2019-07_mir_PostMIRErrataAdditional1907.csv,mir,5,5.0,5.0
2019-08_mir_ERR1908.csv,mir,3,3.0,3.0
2019-08_mir_MIR1908.csv,mir,411,199.0,199.0
2019-08_mir_PostMIRErrataAdditional1908.csv,mir,3,3.0,3.0
2019-09_mir_ERR1909.csv,mir,3,3.0,3.0
2019-09_mir_MIR1909.csv,mir,413,196.0,196.0
2019-09_mir_PostMIRErrataAdditional1909.csv,mir,2,2.0,2.0
2019-10_mir_ERR1910.csv,mir,6,5.0,6.0
2019-10_mir_MIR1910.csv,mir,410,197.0,196.0
2019-10_mir_PostMIRErrataAdditional1910.csv,mir,3,3.0,3.0
2019-11_mir_ERR1911.csv,mir,2,2.0,2.0
2019-11_mir_MIR1911.csv,mir,412,193.0,193.0
2019-11_mir_PostMIRErrataAdditional1911.csv,mir,3,3.0,3.0
2019-12_mir_ERR1912.csv,mir,4,4.0,4.0
2019-12_mir_MIR1912.csv,mir,412,194.0,194.0
2019-12_mir_PostMIRErrataAdditional1912.csv,mir,1,1.0,1.0
2020-01_mir_ERR2001.csv,mir,2,2.0,2.0
2020-01_mir_MIR2001.csv,mir,413,196.0,196.0
2020-01_mir_PostMIRErrataAdditional2001.csv,mir,8,8.0,8.0
2020-02_mir_ERR2002.csv,mir,3,3.0,3.0
2020-02_mir_MIR2002.csv,mir,411,195.0,195.0
2020-02_mir_PostMIRErrataAdditional2002.csv,mir,3,3.0,3.0
2020-03_mir_ERR2003.csv,mir,3,3.0,3.0
2020-03_mir_MIR2003.csv,mir,411,195.0,195.0
2020-03_mir_PostMIRErrataAdditional2003.csv,mir,4,4.0,4.0
2020-04_mir_ERR2004.csv,mir,7,7.0,7.0
2020-04_mir_MIR2004.csv,mir,409,193.0,193.0
2020-04_mir_PostMIRErrataAdditional2004.csv,mir,4,4.0,4.0
2020-05_mir_ERR2005.csv,mir,6,6.0,6.0
2020-05_mir_MIR2005.csv,mir,406,198.0,198.0
2020-05_mir_PostMIRErrataAdditional2005.csv,mir,3,3.0,3.0
2020-06_mir_ERR2006.csv,mir,3,3.0,3.0
2020-06_mir_MIR2006.csv,mir,407,192.0,192.0
2020-06_mir_PostMIRErrataAdditional2006.csv,mir,5,5.0,5.0
2020-07_mir_ERR2007.csv,mir,10,10.0,10.0
2020-07_mir_MIR2007.csv,mir,410,198.0,198.0
2020-08_mir_ERR2008.csv,mir,2,2.0,2.0
2020-08_mir_MIR2008.csv,mir,410,196.0,196.0
2020-09_mir_ERR2009.csv,mir,3,3.0,3.0
2020-09_mir_MIR2009.csv,mir,407,190.0,190.0
2020-09_mir_PostMIRErrataAdditional2009.csv,mir,3,3.0,3.0
2020-10_mir_ERR2010.csv,mir,13,13.0,13.0
2020-10_mir_MIR2010.csv,mir,408,191.0,191.0
2020-10_mir_PostMIRErrataAdditional2010.csv,mir,3,3.0,3.0
2020-11_mir_ERR2011.csv,mir,7,7.0,7.0
2020-11_mir_MIR2011.csv,mir,405,190.0,190.0
2020-12_mir_ERR2012_0.csv,mir,3,3.0,3.0
2020-12_mir_MIR2012_0.csv,mir,404,188.0,188.0
2020-12_mir_PostMIRErrataAdditional2012.csv,mir,2,2.0,2.0
2021-01_mir_ERR2101.csv,mir,28,28.0,28.0
2021-01_mir_MIR2101.csv,mir,405,192.0,192.0
2021-01_mir_PostMIRErrataAdditional2101_0.csv,mir,2,2.0,2.0
2021-02_mir_ERR2102.csv,mir,7,7.0,7.0
2021-02_mir_MIR2102.csv,mir,406,194.0,194.0
2021-02_mir_PostMIRErrataAdditional2102.csv,mir,4,4.0,4.0
2021-03_mir_ERR2103.csv,mir,3,3.0,3.0
2021-03_mir_MIR2103.csv,mir,400,191.0,191.0
2021-03_mir_PostMIRErrataAdditional2103.csv,mir,2,2.0,2.0
2021-04_mir_ERR2104.csv,mir,5,5.0,5.0
2021-04_mir_MIR2104.csv,mir,401,191.0,191.0
2021-04_mir_PostMIRErrataAdditional2104.csv,mir,2,2.0,2.0
2021-05_mir_ERR2105.csv,mir,2,2.0,2.0
2021-05_mir_MIR2105_0.csv,mir,403,190.0,190.0
2021-05_mir_PostMIRErrataAdditional2105.csv,mir,4,4.0,4.0
2021-06_mir_ERR2106.csv,mir,2,2.0,2.0
2021-06_mir_MIR2106.csv,mir,407,189.0,189.0
2021-06_mir_PostMIRErrataAdditional2106.csv,mir,1,1.0,1.0
2021-07_mir_ERR2107.csv,mir,2,2.0,2.0
2021-07_mir_MIR2107.csv,mir,405,192.0,192.0
2021-07_mir_PostMIRErrataAdditional2107.csv,mir,4,4.0,4.0
2021-08_mir_ERR2108.csv,mir,5,5.0,5.0
2021-08_mir_MIR2108.csv,mir,407,192.0,192.0
2021-09_mir_ERR2109.csv,mir,4,4.0,4.0
2021-09_mir_MIR2109.csv,mir,401,187.0,187.0
2021-10_mir_ERR2110.csv,mir,11,11.0,11.0
2021-10_mir_MIR2110.csv,mir,395,184.0,184.0
2021-10_mir_PostMIRErrataAdditional2110.csv,mir,8,7.0,8.0
2021-11_mir_ERR2111.csv,mir,4,4.0,4.0
2021-11_mir_MIR2111.csv,mir,395,189.0,189.0
2021-11_mir_PostMIRErrataAdditional2111.csv,mir,4,4.0,4.0
2021-12_mir_ERR2112.csv,mir,4,2.0,2.0
2021-12_mir_MIR2112.csv,mir,396,189.0,189.0
2021-12_mir_PostMIRErrataAdditional2112.csv,mir,7,5.0,5.0
2022-01_mir_ERR2201.csv,mir,4,4.0,4.0
2022-01_mir_MIR2201.csv,mir,397,194.0,194.0
2022-01_mir_PostMIRErrataAdditional2201.csv,mir,1,1.0,1.0
2022-02_mir_ERR2202_0.csv,mir,4,4.0,4.0
2022-02_mir_MIR2202.csv,mir,396,190.0,190.0
2022-02_mir_PostMIRErrataAdditional2202.csv,mir,2,1.0,2.0
2022-03_mir_ERR2203.csv,mir,7,7.0,7.0
2022-03_mir_MIR2203.csv,mir,395,188.0,189.0
2022-03_mir_PostMIRErrataAdditional2203.csv,mir,4,3.0,4.0
2022-04_mir_ERR2204.csv,mir,8,8.0,8.0
2022-04_mir_MIR2204.csv,mir,396,188.0,188.0
2022-04_mir_PostMIRErrataAdditional2204.csv,mir,9,9.0,9.0
2022-05_mir_MIR2205.csv,mir,394,191.0,191.0
2022-05_mir_PostMIRErrataAdditional2205.csv,mir,5,5.0,5.0
2022-06_mir_MIR2206.csv,mir,392,188.0,188.0
2022-06_mir_PostMIRErrataAdditional2206.csv,mir,1,1.0,1.0
2022-07_mir_ERR2207.csv,mir,5,5.0,5.0
2022-07_mir_MIR2207.csv,mir,393,191.0,191.0
2022-07_mir_PostMIRErrataAdditional2207.csv,mir,10,10.0,10.0
2022-08_mir_ERR2208.csv,mir,4,4.0,4.0
2022-08_mir_MIR2208.csv,mir,392,187.0,187.0
2022-08_mir_PostMIRErrataAdditional2208.csv,mir,2,2.0,2.0
2022-09_mir_ERR2209.csv,mir,6,6.0,6.0
2022-09_mir_MIR2209.csv,mir,389,185.0,185.0
2022-09_mir_PostMIRErrataAdditional2209.csv,mir,3,3.0,3.0
2022-10_mir_ERR22210.csv,mir,12,12.0,12.0
2022-10_mir_MIR2210.csv,mir,389,175.0,175.0
2022-10_mir_PostMIRErrataAdditional2210.csv,mir,3,3.0,3.0
2022-11_mir_ERR22211.csv,mir,6,5.0,6.0
2022-11_mir_MIR2211.csv,mir,384,175.0,176.0
2022-11_mir_PostMIRErrataAdditional2211.csv,mir,2,2.0,2.0
2022-12_mir_ERR2212.csv,mir,10,10.0,10.0
2022-12_mir_MIR2212.csv,mir,381,171.0,171.0
2022-12_mir_PostMIRErrataAdditional2212.csv,mir,6,6.0,6.0
2023-01_mir_MIR2301.csv,mir,384,171.0,171.0
2023-01_mir_PostMIRErrataAdditional2301.csv,mir,2,2.0,2.0
2023-02_mir_ERR2302.csv,mir,5,5.0,5.0
2023-02_mir_MIR2302.csv,mir,384,178.0,178.0
2023-02_mir_PostMIRErrataAdditional2302.csv,mir,2,2.0,2.0
2023-03_mir_ERR2303.csv,mir,4,4.0,4.0
2023-03_mir_MIR2303.csv,mir,381,175.0,175.0
2023-03_mir_PostMIRErrataAdditional2303.csv,mir,7,7.0,7.0
2023-04_mir_ERRATA2304.csv,mir,12,11.0,11.0
2023-04_mir_MIR2304.csv,mir,380,177.0,177.0
2023-04_mir_PostMIRErrataAdditional2304.csv,mir,2,2.0,2.0
2023-05_mir_ERR2305.csv,mir,5,5.0,5.0
2023-05_mir_MIR2305.csv,mir,381,175.0,175.0
2023-05_mir_PostMIRErrataAdditional2305.csv,mir,7,7.0,7.0
2023-06_mir_ERR2306.csv,mir,8,8.0,8.0
2023-06_mir_MIR2306.csv,mir,380,174.0,174.0
2023-06_mir_PostMIRErrataAdditional2306.csv,mir,2,2.0,2.0
2023-07_mir_ERR2307.csv,mir,8,8.0,8.0
2023-07_mir_MIR2307.csv,mir,378,176.0,176.0
2023-07_mir_PostMIRErrataAdditional2307.csv,mir,4,4.0,4.0
2023-08_mir_ERR2308.csv,mir,6,6.0,6.0
2023-08_mir_MIR2308.csv,mir,377,174.0,174.0
2023-08_mir_PostMIRErrataAdditional2308.csv,mir,1,1.0,1.0
2023-09_mir_ERR2309.csv,mir,6,6.0,6.0
2023-09_mir_MIR2309.csv,mir,375,170.0,170.0
2023-09_mir_PostMIRErrataAdditional2309_0.csv,mir,12,11.0,11.0
2023-10_mir_ERR2310.csv,mir,21,19.0,19.0
2023-10_mir_MIR2310.csv,mir,373,175.0,175.0
2023-10_mir_PostMIRErrataAdditional2310.csv,mir,123,123.0,123.0
2023-11_mir_ERR2311_0.csv,mir,2,2.0,2.0
2023-11_mir_MIR2311.csv,mir,371,170.0,170.0
2023-11_mir_PostMIRErrataAdditional2311.csv,mir,101,100.0,100.0
2023-12_mir_MIR2312.csv,mir,371,168.0,168.0
2023-12_mir_PostMIRErrataAdditional2312.csv,mir,7,7.0,7.0
2024-01_mir_ERR2401.csv,mir,15,14.0,14.0
2024-01_mir_MIR2401.csv,mir,365,170.0,170.0
2024-01_mir_PostMIRErrataAdditional2401.csv,mir,3,3.0,3.0
2024-02_mir_ERR2402.csv,mir,7,7.0,7.0
2024-02_mir_MIR2402.csv,mir,364,169.0,169.0
2024-02_mir_PostMIRErrataAdditional2402.csv,mir,2,2.0,2.0
2024-03_mir_ERR2403.csv,mir,19,19.0,19.0
2024-03_mir_MIR2403.csv,mir,358,163.0,163.0
2024-03_mir_PostMIRErrataAdditional2403_0.csv,mir,19,19.0,19.0
2024-04_mir_ERR2404.csv,mir,29,29.0,29.0
2024-04_mir_MIR2404.csv,mir,356,165.0,165.0
2024-04_mir_PostMIRErrataAdditional2404.csv,mir,8,8.0,8.0
2024-05_mir_ERR2405.csv,mir,14,14.0,14.0
2024-05_mir_MIR2405.csv,mir,356,164.0,164.0
2024-06_mir_MIR2406.csv,mir,353,158.0,158.0
2024-07_mir_MIR2407.csv,mir,348,165.0,165.0
2024-08_mir_ERR2408.csv,mir,3,3.0,3.0
2024-08_mir_MIR2408.csv,mir,348,165.0,165.0
2024-09_mir_MIR2409.csv,mir,347,161.0,161.0
2024-10_mir_MIR2410.csv,mir,340,159.0,159.0
2024-11_mir_MIR2411.csv,mir,331,160.0,160.0
2024-11_mir_PostMIRErrataAdditional2411.csv,mir,14,14.0,14.0
2024-12_mir_MIR2412.csv,mir,326,156.0,156.0
2025-01_mir_MIR2501.csv,mir,326,159.0,159.0
2025-02_mir_MIR2502.csv,mir,323,156.0,156.0
2025-03_mir_MIR2503.csv,mir,318,149.0,149.0
2025-04_mir_MIR2504.csv,mir,318,151.0,151.0
2025-05_mir_MIR2505.csv,mir,315,149.0,149.0
2025-05_mir_MIR2505PostErrata.csv,mir,7,7.0,7.0
2025-06_mir_MIR2506.csv,mir,312,146.0,146.0
2025-06_mir_MIR2506PostERR.csv,mir,7,7.0,7.0
2025-07_mir_MIR2507.csv,mir,310,148.0,148.0
2025-08_mir_MIR2508.csv,mir,311,148.0,148.0
2025-09_mir_MIR2509.csv,mir,308,142.0,142.0
2025-09_mir_MIR2509PostERR.csv,mir,13,13.0,13.0
2025-10_mir_MIR2510.csv,mir,301,144.0,144.0
2025-10_mir_MIR2510PostERR.csv,mir,12,12.0,12.0
2025-11_mir_MIR2511.csv,mir,295,141.0,141.0
2025-11_mir_MIR2511PostERR.csv,mir,9,9.0,9.0
2025-12_mir_MIR2512.csv,mir,291,136.0,136.0
2026-01_mir_MIR2601.csv,mir,290,141.0,141.0
2026-01_mir_MIR2601PostERR.csv,mir,10,10.0,10.0
2026-02_mir_MIR2602.csv,mir,289,140.0,140.0
2026-03_mir_MIR2603.csv,mir,288,136.0,136.0
2026-03_mir_MIR2603PostErr.csv,mir,1,1.0,1.0
2026-04_mir_ERR2604.csv,mir,4,4.0,4.0
2026-04_mir_MIR2604.csv,mir,284,135.0,135.0
2026-04_mir_MIR2604PostErr.csv,mir,7,7.0,7.0
2026-05_mir_ERR2605.csv,mir,5,5.0,5.0
2026-05_mir_MIR2605.csv,mir,282,137.0,137.0
2026-05_mir_MIR2605PostErr.csv,mir,21,21.0,21.0
2026-06_mir_ERR2606.csv,mir,2,2.0,2.0
2026-06_mir_MIR2606.csv,mir,281,134.0,134.0
2026-06_mir_MIR2606PostErr.csv,mir,12,12.0,12.0
2026-07_mir_MIR2607.csv,mir,282,137.0,137.0
2026-07_mir_MIR2607ERR.csv,mir,10,10.0,10.0
2026-07_mir_MIR2607PostErr.csv,mir,15,15.0,15.0
2007-01_keyfacts_AIC Companies end Jan 07.xls,keyfacts,335,,
2007-02_keyfacts_AllCompanies28Feb07.xls,keyfacts,482,,
2007-03_keyfacts_AllCompanies31Mar07.xls,keyfacts,500,,
2007-04_keyfacts_AllCompanies30Apr07.xls,keyfacts,503,,
2007-05_keyfacts_AllCompanies31May07.xls,keyfacts,498,,
2007-06_keyfacts_AllCompanies30June07.xls,keyfacts,498,,
2007-07_keyfacts_AllCompanies31July07.xls,keyfacts,507,,
2007-08_keyfacts_AllCompanies31Aug07.xls,keyfacts,501,,
2007-09_keyfacts_AllCompanies30Sep07.xls,keyfacts,504,,
2007-10_keyfacts_AllCompanies31Oct07.xls,keyfacts,506,,
2007-11_keyfacts_AllCompanies30Nov07.xls,keyfacts,507,,
2007-12_keyfacts_AllCompanies31Dec07_0.xls,keyfacts,515,,
2008-01_keyfacts_AllCompanies31Jan08.xls,keyfacts,515,,
2008-02_keyfacts_AllCompanies29Feb08.xls,keyfacts,513,,
2008-03_keyfacts_AllCompanies31Mar08.xls,keyfacts,513,,
2008-04_keyfacts_AllCompanies30Apr08.xls,keyfacts,520,,
2008-05_keyfacts_AllCompanies31May08.xls,keyfacts,530,,
2008-06_keyfacts_AllCompanies30Jun08.xls,keyfacts,532,,
2008-07_keyfacts_AllCompanies31Jul08.xls,keyfacts,541,,
2008-08_keyfacts_AllCompanies31Aug08.xls,keyfacts,537,,
2008-09_keyfacts_AllCompanies30Sep08.xls,keyfacts,531,,
2008-10_keyfacts_AllCompanies31Oct08.xls,keyfacts,521,,
2008-11_keyfacts_AllCompanies30Nov08.xls,keyfacts,522,,
2008-12_keyfacts_AllCompanies31Dec08.xls,keyfacts,522,,
2009-01_keyfacts_AllCompanies31Jan09.xls,keyfacts,522,,
2009-02_keyfacts_AllCompanies28Feb09.xls,keyfacts,518,,
2009-03_keyfacts_AllCompanies31Mar09.xls,keyfacts,516,,
2009-04_keyfacts_AllCompanies30Apr09.xls,keyfacts,511,,
2009-05_keyfacts_AllCompanies31May09.xls,keyfacts,510,,
2009-06_keyfacts_AllCompanies30Jun09.xls,keyfacts,509,,
2009-07_keyfacts_AllCompanies31Jul09.xls,keyfacts,503,,
2009-08_keyfacts_AllCompanies31Aug09.xls,keyfacts,501,,
2009-09_keyfacts_AllCompanies30Sep09.xls,keyfacts,498,,
2009-10_keyfacts_AllCompanies31Oct09.xls,keyfacts,496,,
2009-11_keyfacts_AllCompanies30Nov09.xls,keyfacts,493,,
2009-12_keyfacts_AllCompanies31Dec09.xls,keyfacts,494,,
2010-01_keyfacts_AllCompanies31Jan10.xls,keyfacts,495,,
2010-02_keyfacts_AllCompanies28Feb10.xls,keyfacts,493,,
2010-03_keyfacts_AllCompanies31Mar10.xls,keyfacts,492,,
2010-04_keyfacts_AllCompanies30Apr10.xls,keyfacts,490,,
2010-05_keyfacts_AllCompanies31May10.xls,keyfacts,487,,
2010-06_keyfacts_AllCompanies30Jun10.xls,keyfacts,487,,
2010-07_keyfacts_AllCompanies31Jul10.xls,keyfacts,491,,
2010-08_keyfacts_AllCompanies31Aug10.xls,keyfacts,488,,
2010-09_keyfacts_AllCompanies30Sep10.xls,keyfacts,484,,
2010-10_keyfacts_AllCompanies31Oct10.xls,keyfacts,483,,
2010-11_keyfacts_AllCompanies30Nov10.xls,keyfacts,481,,
2010-12_keyfacts_AllCompanies31Dec10.xlsx,keyfacts,482,,
2011-01_keyfacts_AllCompanies31Jan11.xlsx,keyfacts,484,,
2011-02_keyfacts_AllCompanies28Feb11.xlsx,keyfacts,483,,
2011-03_keyfacts_AllCompanies31Mar11.xlsx,keyfacts,477,,
2011-04_keyfacts_AllCompanies30Apr11.xlsx,keyfacts,486,,
2011-05_keyfacts_AllCompanies31May11.xlsx,keyfacts,486,,
2011-06_keyfacts_AllCompanies30Jun11.xlsx,keyfacts,486,,
2011-07_keyfacts_AllCompanies31Jul11.xlsx,keyfacts,487,,
2011-08_keyfacts_AllCompanies31Aug11.xlsx,keyfacts,481,,
2011-09_keyfacts_AllCompanies30Sep11.xlsx,keyfacts,481,,
2011-10_keyfacts_AllCompanies31Oct11.xlsx,keyfacts,481,,
2011-11_keyfacts_AllCompanies30Nov11.xlsx,keyfacts,479,,
2011-12_keyfacts_AllCompanies31Dec11_0.xlsx,keyfacts,479,,
2012-01_keyfacts_AllCompanies31Jan12.xlsx,keyfacts,480,,
2012-02_keyfacts_AllCompanies29Feb12.xlsx,keyfacts,476,,
2012-03_keyfacts_AllCompanies31Mar12.xlsx,keyfacts,490,,
2012-04_keyfacts_AllCompanies30Apr12.xlsx,keyfacts,491,,
2012-05_keyfacts_AllCompanies31May12.xlsx,keyfacts,486,,
2012-06_keyfacts_AllCompanies30Jun12.xlsx,keyfacts,486,,
2012-07_keyfacts_AllCompanies31Jul12.xlsx,keyfacts,483,,
2012-08_keyfacts_AICAllCompanies31Aug12.xlsx,keyfacts,484,,
2012-09_keyfacts_AICAllCompanies30Sep12.xlsx,keyfacts,478,,
2012-10_keyfacts_AICAllCompanies31Oct12.xlsx,keyfacts,476,,
2012-11_keyfacts_AICAllCompanies30Nov12.xlsx,keyfacts,470,,
2012-12_keyfacts_AICAllCompanies31Dec12.xlsx,keyfacts,470,,
2013-01_keyfacts_AICAllCompanies31Jan13.xlsx,keyfacts,469,,
2013-02_keyfacts_AICAllCompanies28Feb13.xlsx,keyfacts,464,,
2013-03_keyfacts_AICAllCompanies31Mar13.xlsx,keyfacts,462,,
2013-04_keyfacts_AICAllCompanies30Apr13.xlsx,keyfacts,467,,
2013-05_keyfacts_AICAllCompanies31May13.xlsx,keyfacts,467,,
2013-06_keyfacts_AICAllCompanies30Jun13.xlsx,keyfacts,472,,
2013-07_keyfacts_AICAllCompanies31Jul13.xlsx,keyfacts,473,,
2013-08_keyfacts_AICAllCompanies31Aug13.xlsx,keyfacts,471,,
2013-09_keyfacts_AICAllCompanies30Sep13.xlsx,keyfacts,468,,
2013-10_keyfacts_AICAllCompanies31Oct13.xlsx,keyfacts,470,,
2013-11_keyfacts_AICAllCompanies30Nov13.xlsx,keyfacts,464,,
2013-12_keyfacts_AICAllCompanies31Dec13.xlsx,keyfacts,458,,
2014-01_keyfacts_AICAllCompanies31Jan14.xlsx,keyfacts,456,,
2014-02_keyfacts_AICAllCompanies28Feb14.xlsx,keyfacts,456,,
2014-03_keyfacts_AICAllCompanies31Mar14.xlsx,keyfacts,462,,
2014-04_keyfacts_AICAllCompanies30Apr14.xlsx,keyfacts,468,,
2014-05_keyfacts_AICAllCompanies31May14.xlsx,keyfacts,466,,
2014-06_keyfacts_AICAllCompanies30Jun14.xlsx,keyfacts,469,,
2014-07_keyfacts_AICAllCompanies31Jul14.xlsx,keyfacts,472,,
2014-08_keyfacts_AICAllCompanies31Aug14.xlsx,keyfacts,468,,
2014-09_keyfacts_AICAllCompanies30Sep14.xlsx,keyfacts,465,,
2015-03_keyfacts_AICAllCompanies31Mar15.xlsx,keyfacts,463,,
2015-04_keyfacts_AICAllCompanies30Apr15.xlsx,keyfacts,462,,
2015-05_keyfacts_AICAllCompanies31May15.xlsx,keyfacts,463,,
2015-06_keyfacts_AICAllCompanies30Jun15.xlsx,keyfacts,466,,
2015-07_keyfacts_AICAllCompanies31Jul15.xlsx,keyfacts,469,,
2015-08_keyfacts_AICAllCompanies31Aug15.xlsx,keyfacts,468,,
2015-09_keyfacts_AICAllCompanies30Sep15.xlsx,keyfacts,471,,
2015-10_keyfacts_AICAllCompanies31Oct15.xlsx,keyfacts,468,,
2015-11_keyfacts_AICAllCompanies30Nov15.xlsx,keyfacts,464,,
2015-12_keyfacts_AICAllCompanies31Dec15.xlsx,keyfacts,460,,
2016-01_keyfacts_AICAllCompanies31Jan16.xlsx,keyfacts,458,,
2016-02_keyfacts_AICAllCompanies29Feb16.xlsx,keyfacts,460,,
2016-03_keyfacts_AICAllCompanies31Mar16.xlsx,keyfacts,455,,
2016-04_keyfacts_AICAllCompanies30Apr16.xlsx,keyfacts,456,,
2016-05_keyfacts_AICAllCompanies31May16.xlsx,keyfacts,456,,
2016-06_keyfacts_AICAllCompanies30Jun16.xlsx,keyfacts,458,,
2016-07_keyfacts_AICAllCompanies31Jul16.xlsx,keyfacts,457,,
2016-08_keyfacts_AICAllCompanies31Aug16.xlsx,keyfacts,456,,
2016-09_keyfacts_AICAllCompanies30Sep16.xlsx,keyfacts,452,,
2016-10_keyfacts_AICAllCompanies31Oct16.xlsx,keyfacts,446,,
2016-11_keyfacts_AICAllCompanies30Nov16.xlsx,keyfacts,442,,
2016-12_keyfacts_AICAllCompanies31Dec16.xlsx,keyfacts,443,,
2017-01_keyfacts_AICAllCompanies31Jan17.xlsx,keyfacts,439,,
2017-02_keyfacts_AICAllCompanies28Feb17.xlsx,keyfacts,442,,
2017-03_keyfacts_AICAllCompanies31Mar17.xlsx,keyfacts,442,,
2017-04_keyfacts_AICAllCompanies30Apr17.xlsx,keyfacts,444,,
2017-05_keyfacts_AICAllCompanies31May17.xlsx,keyfacts,449,,
2017-06_keyfacts_AICAllCompanies30Jun17.xlsx,keyfacts,446,,
2017-07_keyfacts_AICAllCompanies31Jul17.xlsx,keyfacts,444,,
2017-08_keyfacts_AICAllCompanies31Aug17.xlsx,keyfacts,445,,
2017-09_keyfacts_AICAllCompanies30Sep17.xlsx,keyfacts,444,,
2017-10_keyfacts_AICAllCompanies31Oct17.xlsx,keyfacts,443,,
2017-11_keyfacts_AICAllCompanies30Nov17.xlsx,keyfacts,442,,
2017-12_keyfacts_AICAllCompanies31Dec17.xlsx,keyfacts,438,,
2018-01_keyfacts_AICAllCompanies31Jan18.xlsx,keyfacts,437,,
2018-02_keyfacts_AICAllCompanies28Feb18.xlsx,keyfacts,434,,
2018-03_keyfacts_AICAllCompanies31Mar18.xlsx,keyfacts,447,,
2018-04_keyfacts_AICAllCompanies30Apr18.xlsx,keyfacts,445,,
2018-05_keyfacts_AICAllCompanies31May18.xlsx,keyfacts,450,,
2018-06_keyfacts_AICAllCompanies30Jun18.xlsx,keyfacts,452,,
2018-07_keyfacts_AICAllCompanies31Jul18.xlsx,keyfacts,449,,
2018-08_keyfacts_AICAllCompanies31Aug18.xlsx,keyfacts,449,,
2018-09_keyfacts_AICAllCompanies30Sep18.xlsx,keyfacts,446,,
2018-10_keyfacts_AICAllCompanies31Oct18.xlsx,keyfacts,445,,
2018-11_keyfacts_AICAllCompanies30Nov18.xlsx,keyfacts,445,,
2018-12_keyfacts_AICAllCompanies31Dec18.xlsx,keyfacts,440,,
2019-01_keyfacts_AICAllCompanies31Jan19.xlsx,keyfacts,442,,
2019-02_keyfacts_AICAllCompanies28Feb19.xlsx,keyfacts,442,,
2019-03_keyfacts_AICAllCompanies31Mar19.xlsx,keyfacts,441,,
2019-04_keyfacts_AICAllCompanies30Apr19.xlsx,keyfacts,439,,
2019-05_keyfacts_AICAllCompanies31May19.xlsx,keyfacts,439,,
2019-06_keyfacts_AICAllCompanies30Jun19.xlsx,keyfacts,441,,
2019-07_keyfacts_AICAllCompanies31Jul19.xlsx,keyfacts,439,,
2019-08_keyfacts_AICAllCompanies31Aug19.xlsx,keyfacts,439,,
2019-09_keyfacts_AICAllCompanies30Sep19.xlsx,keyfacts,439,,
2019-10_keyfacts_AICAllCompanies31Oct19.xlsx,keyfacts,439,,
2019-11_keyfacts_AICAllCompanies30Nov19.xlsx,keyfacts,438,,
2019-12_keyfacts_AICAllCompanies31Dec19.xlsx,keyfacts,435,,
2020-01_keyfacts_AICAllCompanies31Jan20.xlsx,keyfacts,435,,
2020-02_keyfacts_AICAllCompanies29Feb20.xlsx,keyfacts,435,,
2020-03_keyfacts_AICAllCompanies31Mar20.xlsx,keyfacts,436,,
2020-04_keyfacts_AICIndustryOverview30Apr20.xlsx,keyfacts,434,,
2020-05_keyfacts_AICIndustryOverview31May20.xlsx,keyfacts,433,,
2020-06_keyfacts_AICIndustryOverview30Jun20.xlsx,keyfacts,431,,
2020-07_keyfacts_AICIndustryOverview31Jul20.xlsx,keyfacts,431,,
2020-08_keyfacts_AICIndustryOverview31Aug20.xlsx,keyfacts,427,,
2020-09_keyfacts_AICIndustryOverview30Sep20.xlsx,keyfacts,424,,
2020-10_keyfacts_AICIndustryOverview31Oct20.xlsx,keyfacts,425,,
2020-11_keyfacts_AICIndustryOverview30Nov20.xlsx,keyfacts,421,,
2020-12_keyfacts_AICIndustryOverview31Dec20.xlsx,keyfacts,424,,
2021-01_keyfacts_AICIndustryOverview31Jan21.xlsx,keyfacts,425,,
2021-02_keyfacts_AICIndustryOverview28Feb21.xlsx,keyfacts,426,,
2021-03_keyfacts_AICIndustryOverview31Mar21.xlsx,keyfacts,419,,
2021-04_keyfacts_AICIndustryOverview30Apr21.xlsx,keyfacts,420,,
2021-05_keyfacts_AICIndustryOverview31May21.xlsx,keyfacts,419,,
2021-06_keyfacts_AICIndustryOverview30Jun21.xlsx,keyfacts,422,,
2021-07_keyfacts_AICIndustryOverview31Jul21.xlsx,keyfacts,423,,
2021-08_keyfacts_AICIndustryOverview31Aug21.xlsx,keyfacts,422,,
2021-09_keyfacts_AICIndustryOverview30Sep21.xlsx,keyfacts,422,,
2021-10_keyfacts_AICIndustryOverview31Oct21.xlsx,keyfacts,421,,
2021-11_keyfacts_AICIndustryOverview30Nov21.xlsx,keyfacts,424,,
2021-12_keyfacts_AICIndustryOverview31Dec21.xlsx,keyfacts,424,,
2022-01_keyfacts_AICIndustryOverview31Jan22.xlsx,keyfacts,416,,
2022-02_keyfacts_AICIndustryOverview28Feb22.xlsx,keyfacts,416,,
2022-03_keyfacts_AICIndustryOverview31Mar22.xlsx,keyfacts,415,,
2022-04_keyfacts_AICIndustryOverview30Apr22.xlsx,keyfacts,417,,
2022-05_keyfacts_AICIndustryOverview31May22.xlsx,keyfacts,415,,
2022-06_keyfacts_AICIndustryOverview30Jun22.xlsx,keyfacts,410,,
2022-07_keyfacts_AICIndustryOverview31Jul22.xlsx,keyfacts,410,,
2022-08_keyfacts_AICIndustryOverview31Aug22.xlsx,keyfacts,409,,
2022-09_keyfacts_AICIndustryOverview30Sep22.xlsx,keyfacts,408,,
2022-10_keyfacts_AICIndustryOverview31Oct22.xlsx,keyfacts,409,,
2022-11_keyfacts_AICIndustryOverview30Nov22.xlsx,keyfacts,407,,
2022-12_keyfacts_AICIndustryOverview31Dec22.xlsx,keyfacts,403,,
2023-01_keyfacts_AICIndustryOverview31Jan23.xlsx,keyfacts,406,,
2023-02_keyfacts_AICIndustryOverview28Feb23.xlsx,keyfacts,404,,
2023-03_keyfacts_AICIndustryOverview31Mar23.xlsx,keyfacts,402,,
2023-04_keyfacts_AICIndustryOverview30Apr23.xlsx,keyfacts,401,,
2023-05_keyfacts_AICIndustryOverview31May23.xlsx,keyfacts,401,,
2023-06_keyfacts_AICIndustryOverview30Jun23.xlsx,keyfacts,400,,
2023-07_keyfacts_AICIndustryOverview31Jul23.xlsx,keyfacts,399,,
2023-08_keyfacts_AICIndustryOverview31Aug23.xlsx,keyfacts,395,,
2023-09_keyfacts_AICIndustryOverview30Sep23.xlsx,keyfacts,394,,
2023-10_keyfacts_AICIndustryOverview31Oct23.xlsx,keyfacts,390,,
2023-11_keyfacts_AICIndustryOverview30Nov23.xlsx,keyfacts,386,,
2023-12_keyfacts_AICIndustryOverview31Dec23.xlsx,keyfacts,386,,
2024-01_keyfacts_AICIndustryOverview31Jan24.xlsx,keyfacts,383,,
2024-02_keyfacts_AICIndustryOverview29Feb24.xlsx,keyfacts,382,,
2024-03_keyfacts_AICIndustryOverview31Mar24.xlsx,keyfacts,378,,
2024-04_keyfacts_AICIndustryOverview30Apr24.xlsx,keyfacts,375,,
2024-05_keyfacts_AICIndustryOverview31May24.xlsx,keyfacts,374,,
2024-06_keyfacts_AICIndustryOverview30Jun24.xlsx,keyfacts,371,,
2024-07_keyfacts_AICIndustryOverview31Jul24.xlsx,keyfacts,367,,
2024-08_keyfacts_AICIndustryOverview31Aug24.xlsx,keyfacts,367,,
2024-09_keyfacts_AICIndustryOverview30Sep24.xlsx,keyfacts,366,,
2024-10_keyfacts_AICIndustryOverview31Oct24.xlsx,keyfacts,363,,
2024-11_keyfacts_AICIndustryOverview30Nov24.xlsx,keyfacts,355,,
2024-12_keyfacts_AICIndustryOverview31Dec24.xlsx,keyfacts,346,,
2025-01_keyfacts_AICIndustryOverview31Jan25.xlsx,keyfacts,342,,
2025-02_keyfacts_AICIndustryOverview28Feb25.xlsx,keyfacts,338,,
2025-03_keyfacts_AICIndustryOverview31Mar25.xlsx,keyfacts,335,,
2025-04_keyfacts_AICIndustryOverview30Apr25.xlsx,keyfacts,335,,
2025-05_keyfacts_AICIndustryOverview31May25.xlsx,keyfacts,333,,
2025-06_keyfacts_AICIndustryOverview30Jun25.xlsx,keyfacts,329,,
2025-07_keyfacts_AICIndustryOverview31Jul25.xlsx,keyfacts,329,,
2025-08_keyfacts_AICIndustryOverview31Aug25.xlsx,keyfacts,329,,
2025-09_keyfacts_AICIndustryOverview30Sep25.xlsx,keyfacts,326,,
2025-10_keyfacts_AICIndustryOverview31Oct25.xlsx,keyfacts,323,,
2025-11_keyfacts_AICIndustryOverview30Nov25.xlsx,keyfacts,319,,
2025-12_keyfacts_AICIndustryOverview31Dec25.xlsx,keyfacts,315,,
2026-01_keyfacts_AICIndustryOverview31Jan26.xlsx,keyfacts,313,,
2026-02_keyfacts_AICIndustryOverview28Feb26.xlsx,keyfacts,310,,
2026-03_keyfacts_AICIndustryOverview31Mar26.xlsx,keyfacts,308,,
2026-04_keyfacts_AICIndustryOverview30Apr26.xlsx,keyfacts,305,,
2026-05_keyfacts_AICIndustryOverview31May26.xlsx,keyfacts,303,,
2026-06_keyfacts_AICIndustryOverview30Jun26.xlsx,keyfacts,302,,
2026-07_keyfacts_AICIndustryOverview31Jul26.xlsx,keyfacts,301,,
2007-12_corporate_activity_AICCorporateActivity2007.xlsx,corporate_activity,346,,
2008-12_corporate_activity_AICCorporateActivity2008.xlsx,corporate_activity,427,,
2009-12_corporate_activity_AICCorporateActivity2009.xlsx,corporate_activity,397,,
2010-12_corporate_activity_AICCorporateActivity2010.xlsx,corporate_activity,355,,
2011-12_corporate_activity_AICCorporateActivity2011.xlsx,corporate_activity,318,,
2012-12_corporate_activity_AICCorporateActivity2012.xlsx,corporate_activity,342,,
2013-12_corporate_activity_AICCorporateActivity2013.xlsx,corporate_activity,1850,,
2014-12_corporate_activity_AICCorporateActivity2014.xlsx,corporate_activity,1370,,
2015-12_corporate_activity_AICCorporateActivity2015.xlsx,corporate_activity,1589,,
2016-12_corporate_activity_AICCorporateActivity2016.xlsx,corporate_activity,1286,,
2017-12_corporate_activity_AICCorporateActivity2017.xlsx,corporate_activity,1862,,
2018-12_corporate_activity_AICCorporateActivity2018.xlsx,corporate_activity,2127,,
2019-12_corporate_activity_AICCorporateActivity2019.xlsx,corporate_activity,2432,,
2020-12_corporate_activity_AICCorporateActivity2020_0.xlsx,corporate_activity,2709,,
2021-12_corporate_activity_AICCorporateActivity2021.xlsx,corporate_activity,3027,,
2022-12_corporate_activity_AICCorporateActivity2022.xlsx,corporate_activity,2018,,
2023-12_corporate_activity_AICCorporateActivity2023 - Updated.xlsx,corporate_activity,1108,,
2024-12_corporate_activity_AICCorporateActivity2024.xlsx,corporate_activity,1170,,
2025-12_corporate_activity_AICCorporateActivity2025.xlsx,corporate_activity,1222,,
2026-07_corporate_activity_AICCorporateActivity2026.xlsx,corporate_activity,8959,,
