name,months,start,end,cumulative_return,cagr,volatility,sharpe,sortino,max_drawdown,calmar,best_month,worst_month,pct_positive_months,t_stat_mean,alpha_annual_vs_benchmark,beta_vs_benchmark,alpha_t_stat,information_ratio,overlap_months,strategy,period,basis,avg_monthly_one_way_turnover,avg_holdings,median_holdings,avg_missing_return_weight
A_absolute_discount_decile|full|gross,228,2007-02-28 00:00:00,2026-07-31 00:00:00,1956.6234875090622,0.49021490729486894,6.058013767414652,0.28876884985006745,17.128944819971696,-0.44435576671004307,1.1032036580156515,26.101517374956234,-0.20880191754069757,0.6710526315789473,1.2587142345389144,1.7580644789534148,-8.160226946459347e-05,1.2568440908952663,-0.3140221103952478,228.0,A_absolute_discount_decile,full,gross,,,,
A_absolute_discount_decile|full|net,228,2007-02-28 00:00:00,2026-07-31 00:00:00,769.1285530109342,0.4188104557317307,6.057258041041506,0.2805303206680729,15.685110531202083,-0.49305261188893534,0.8494234603630325,26.094251607303452,-0.21113252476261188,0.618421052631579,1.2228033183911893,1.7077505765218244,-7.979387488888303e-05,1.2210263562548058,-0.3141728011351402,228.0,A_absolute_discount_decile,full,net_headline,,,,
A_absolute_discount_decile|development|gross,119,2007-02-28 00:00:00,2016-12-31 00:00:00,20.77206388588198,0.3643137162683696,1.3269196042254672,0.44386757586000725,5.399208162177108,-0.44435576671004307,0.8198694459750231,4.118043537510551,-0.174894533580004,0.6386554621848739,1.397771815041141,0.08599632419501235,5.11581287109499,0.2919110123934891,0.4097497433333057,119.0,A_absolute_discount_decile,development,gross,,,,
A_absolute_discount_decile|development|net,119,2007-02-28 00:00:00,2016-12-31 00:00:00,12.027131245930034,0.29545319538400316,1.3265475554673454,0.40428914709928065,4.623595556533952,-0.49305261188893534,0.5992325935605362,4.112549256500989,-0.17983492901875014,0.5714285714285714,1.2731364165257846,0.03342179689922438,5.114864109866705,0.11349271401929754,0.3658841103248812,119.0,A_absolute_discount_decile,development,net_headline,,,,
A_absolute_discount_decile|validation|gross,53,2017-02-28 00:00:00,2021-12-31 00:00:00,47.512365639431536,1.4082548421441645,12.415074207113312,0.4878229656695721,50.94405498080307,-0.2962133659115078,4.7541907429149335,26.101517374956234,-0.20880191754069757,0.7169811320754716,1.025202257656052,6.257266875669912,-0.0004388298866593446,1.0300725487583775,-0.6566341678283754,53.0,A_absolute_discount_decile,validation,gross,,,,
A_absolute_discount_decile|validation|net,53,2017-02-28 00:00:00,2021-12-31 00:00:00,37.75334114865183,1.288849126696936,12.413684752064492,0.48361767539975553,48.52101384371481,-0.3035910517335745,4.245346229203108,26.094251607303452,-0.21113252476261188,0.6981132075471698,1.016364475546312,6.203430432549684,-0.00043674288545707626,1.02132148876234,-0.6567124212992205,53.0,A_absolute_discount_decile,validation,net_headline,,,,
A_absolute_discount_decile|holdout|gross,54,2022-02-28 00:00:00,2026-07-31 00:00:00,0.8699227007372234,0.14922550663774148,0.1096174146773398,1.3298202163241537,2.424804661293785,-0.08244249761817113,1.8100556260300722,0.06875746714456399,-0.05874371747734664,0.7037037037037037,2.8209746781653124,0.15596717846964045,-0.019138140978577207,3.000894611604639,-0.3764118752104884,54.0,A_absolute_discount_decile,holdout,gross,,,,
A_absolute_discount_decile|holdout|net,54,2022-02-28 00:00:00,2026-07-31 00:00:00,0.5484772578499992,0.10204942837182363,0.1095808673147075,0.9442254604884464,1.542381560567655,-0.09903395072481247,1.0304489281195124,0.05616798892138862,-0.0631129445706598,0.6481481481481481,2.003004678241113,0.11363030968317162,-0.019073457741259032,2.1868284959573585,-0.41758716381621447,54.0,A_absolute_discount_decile,holdout,net_headline,0.289246913705662,17.00851063829787,18.0,0.06915850769055433
B_absolute_discount_quintile|full|gross,228,2007-02-28 00:00:00,2026-07-31 00:00:00,5548.94252827521,0.5742286609434057,3.8229371733769377,0.3869720326246597,14.81663413317782,-0.4510185610548646,1.2731818832474904,12.686900033935284,-0.1910202822789161,0.6666666666666666,1.686771984187416,1.487217145994629,-7.361509629233479e-05,1.6848400179614016,-0.3148644346178739,228.0,B_absolute_discount_quintile,full,gross,,,,
B_absolute_discount_quintile|full|net,228,2007-02-28 00:00:00,2026-07-31 00:00:00,2254.4557307192817,0.5013640626367422,3.822832066767538,0.37432587446953774,13.61471626424286,-0.48828790809725187,1.0267795993360662,12.682551648620707,-0.196370941508486,0.618421052631579,1.631648658765207,1.4387897778170415,-7.321588523900522e-05,1.6300220265183454,-0.31500948678922663,228.0,B_absolute_discount_quintile,full,net_headline,,,,
B_absolute_discount_quintile|development|gross,119,2007-02-28 00:00:00,2016-12-31 00:00:00,9.630040584646563,0.2691592712455855,0.6627981535643389,0.5252851630364864,3.210328562785825,-0.4510185610548646,0.5967809187632155,2.011255272569237,-0.1910202822789161,0.6554621848739496,1.6541618169092445,0.06894225309696599,2.8399040664641304,0.5450449405651504,0.47761591282437493,119.0,B_absolute_discount_quintile,development,gross,,,,
B_absolute_discount_quintile|development|net,119,2007-02-28 00:00:00,2016-12-31 00:00:00,5.825552363175263,0.21370945844239753,0.6625116382377553,0.4570613672754115,2.6628198493892707,-0.48828790809725187,0.43767100290313393,2.0068492764523724,-0.196370941508486,0.6050420168067226,1.4393200397301196,0.023830929923883335,2.837480949783133,0.18833731996489306,0.3910702750596039,119.0,B_absolute_discount_quintile,development,net_headline,,,,
B_absolute_discount_quintile|validation|gross,53,2017-02-28 00:00:00,2021-12-31 00:00:00,22.588092027358645,1.0454947674022455,6.0333179757228645,0.4986774874447565,27.822637466358685,-0.2832629569284002,3.6908983043148598,12.686900033935284,-0.1826326291615719,0.6792452830188679,1.0480139762770107,3.1061559954675015,-0.00021291002691550652,1.0522019102760671,-0.6612953611415713,53.0,B_absolute_discount_quintile,validation,gross,,,,
B_absolute_discount_quintile|validation|net,53,2017-02-28 00:00:00,2021-12-31 00:00:00,18.003078736210362,0.9478030848239656,6.033230727954774,0.4903538337543428,26.15303897442571,-0.2908315594890716,3.2589416584948743,12.682551648620707,-0.18635438528662251,0.6415094339622641,1.0305210963679101,3.055634915706319,-0.00021234420718164396,1.0351013906410915,-0.6613688155999896,53.0,B_absolute_discount_quintile,validation,net_headline,,,,
B_absolute_discount_quintile|holdout|gross,54,2022-02-28 00:00:00,2026-07-31 00:00:00,20.990330321558364,0.9873470884891575,5.036790390502552,0.501151036489176,38.12860797143977,-0.08953115852102622,11.027971767586152,10.694402576575648,-0.08252696403801536,0.6851851851851852,1.06310188890049,-0.13839327439604665,4.997874046802083,-0.5971491261246274,0.4930133209042054,54.0,B_absolute_discount_quintile,holdout,gross,,,,
B_absolute_discount_quintile|holdout|net,54,2022-02-28 00:00:00,2026-07-31 00:00:00,16.378220902709618,0.8860653493622888,5.0369146759944465,0.49047463639977534,34.19263042842499,-0.09743975927830717,9.093468168691913,10.690215895737605,-0.08539937992981284,0.6296296296296297,1.0404538241948622,-0.19214261767912127,4.997940706976386,-0.8280318085836915,0.4796992176946878,54.0,B_absolute_discount_quintile,holdout,net_headline,0.2787271338956197,34.05531914893617,36.0,0.058808972626453786
C_discount_zscore|full|gross,205,2009-01-31 00:00:00,2026-07-31 00:00:00,6672.313958480824,0.6744180463703373,5.432225374123667,0.3286444531076013,26.780721949462098,-0.1827603110313183,3.6901778212380436,22.1083344837239,-0.09984365751557489,0.7365853658536585,1.3583528994849747,1.7966917534334361,-9.631397900852168e-05,1.3572788908029756,-0.3317724553319315,205.0,C_discount_zscore,full,gross,,,,
C_discount_zscore|full|net,205,2009-01-31 00:00:00,2026-07-31 00:00:00,1314.2933443298955,0.5225688276153189,5.432360072569684,0.3106810247180883,21.592890350564527,-0.20221488713085034,2.5842253012616827,22.101470059704635,-0.1102896124756277,0.6048780487804878,1.2841064766202115,1.6991663797007421,-9.643347125093406e-05,1.283573311553459,-0.33204948642793847,205.0,C_discount_zscore,full,net_headline,,,,
C_discount_zscore|development|gross,96,2009-01-31 00:00:00,2016-12-31 00:00:00,33.91055425461593,0.5590842812447039,1.452919222508207,0.5275410473430587,12.370009742774505,-0.12879982731404238,4.340722289025536,4.110356402486546,-0.06915746845730507,0.75,1.4921114077221216,-0.3074132075595453,6.44443519685839,-0.9394411331710736,0.45569112481729884,96.0,C_discount_zscore,development,gross,,,,
C_discount_zscore|development|net,96,2009-01-31 00:00:00,2016-12-31 00:00:00,15.232347039305417,0.4167644958531236,1.451677411353828,0.4601213733283238,9.209725768619972,-0.16696518743852873,2.4961161200538466,4.099019678454885,-0.07710760957602804,0.6145833333333334,1.3014197729972992,-0.40422430451355085,6.434139661979457,-1.2348133183466616,0.38116595615081583,96.0,C_discount_zscore,development,net_headline,,,,
C_discount_zscore|validation|gross,53,2017-02-28 00:00:00,2021-12-31 00:00:00,65.80088127421828,1.5891560841535761,10.510887859248035,0.5006870558864852,71.38059746257548,-0.18276031103131818,8.695301924066298,22.1083344837239,-0.09984365751557489,0.7358490566037735,1.0522372585912145,5.439191643028444,-0.0003855731673695416,1.0576386276183347,-0.6578531039984588,53.0,C_discount_zscore,validation,gross,,,,
C_discount_zscore|validation|net,53,2017-02-28 00:00:00,2021-12-31 00:00:00,42.46491191530549,1.3490883541414735,10.511608861684756,0.49111231847198106,59.98813987583635,-0.20221488713085034,6.671558030584058,22.101470059704635,-0.1102896124756277,0.6037735849056604,1.0321151177642849,5.338857892069823,-0.0003854664615671735,1.0380575200254976,-0.6579989386857172,53.0,C_discount_zscore,validation,net_headline,,,,
C_discount_zscore|holdout|gross,54,2022-02-28 00:00:00,2026-07-31 00:00:00,1.8461739427352555,0.26167351448564324,0.17097318996987554,1.4521795603436702,3.6478582659917533,-0.10334667797671138,2.5319973472646113,0.22015503875969,-0.07059811698841238,0.7222222222222222,3.080538043858526,0.25479509018775165,-0.012222233943142289,3.1025179030946206,-0.2762666491112979,54.0,C_discount_zscore,holdout,gross,,,,
C_discount_zscore|holdout|net,54,2022-02-28 00:00:00,2026-07-31 00:00:00,0.8898999104195022,0.15194261646607243,0.16999339788188586,0.9165948616636613,1.9466674704001787,-0.12208737213871379,1.2445399864405107,0.21276099242005878,-0.0762742735567629,0.5925925925925926,1.9443913268493611,0.16303879500234453,-0.013559465367836337,1.997953471085542,-0.36566565763911163,54.0,C_discount_zscore,holdout,net_headline,0.542763768194296,16.40566037735849,17.0,0.049757176092497954
D_sector_neutral_zscore|full|gross,203,2009-01-31 00:00:00,2026-07-31 00:00:00,1681.1384888617954,0.5512840774067487,5.745979544765153,0.29388840652237674,25.14794536982044,-0.19514539288479438,2.8249915063698356,23.60774922381442,-0.10921386538896598,0.729064039408867,1.2087593599815867,1.6964845145323433,-6.520683085282802e-05,1.205576346252263,-0.3337070596017545,203.0,D_sector_neutral_zscore,full,gross,,,,
D_sector_neutral_zscore|full|net,203,2009-01-31 00:00:00,2026-07-31 00:00:00,348.8227628581606,0.41375858474573746,5.745336042556357,0.27739490415641654,20.432832668023636,-0.21886013815429584,1.8905159625460837,23.59737643508118,-0.11846934184948955,0.6059113300492611,1.1409217899336686,1.6016095849995797,-6.58323787394856e-05,1.138282833330596,-0.33397526879290246,203.0,D_sector_neutral_zscore,full,net_headline,,,,
D_sector_neutral_zscore|development|gross,96,2009-01-31 00:00:00,2016-12-31 00:00:00,16.383700687395894,0.4289524568030372,0.522017277862603,0.8380329188374527,8.084251457250009,-0.12430676761769355,3.4507570667615126,1.4453414727332485,-0.06836859022886406,0.75,2.3703150390700736,0.00793148638482833,2.5776605530313415,0.0871335597681077,0.7230693435580734,96.0,D_sector_neutral_zscore,development,gross,,,,
D_sector_neutral_zscore|development|net,96,2009-01-31 00:00:00,2016-12-31 00:00:00,7.058362186943214,0.2980183971715138,0.5210556624101715,0.6504355773632426,5.266632587903683,-0.14812476939656471,2.0119416785294613,1.4354279421609137,-0.0736004174121675,0.65625,1.8397096299141444,-0.08946489946496858,2.5707105377665793,-0.9817542694302375,0.46086747978970893,96.0,D_sector_neutral_zscore,development,net_headline,,,,
D_sector_neutral_zscore|validation|gross,51,2017-02-28 00:00:00,2021-12-31 00:00:00,47.50024945710309,1.4925601105859987,11.445281560408462,0.5002335517894151,66.93054817876353,-0.19514539288479427,7.648451692975115,23.60774922381442,-0.10921386538896598,0.7254901960784313,1.0312578857528205,5.915458371511525,-0.0003996840736043805,1.0350316045683983,-0.6704181795617147,51.0,D_sector_neutral_zscore,validation,gross,,,,
D_sector_neutral_zscore|validation|net,51,2017-02-28 00:00:00,2021-12-31 00:00:00,30.935401783326913,1.2591571568698074,11.444335805413136,0.4914100044156779,57.8098100850386,-0.21886013815429572,5.753250306285128,23.59737643508118,-0.11846934184948955,0.5686274509803921,1.0130676768455404,5.814055771542011,-0.0003997894628106578,1.0173734050724432,-0.6705628345003373,51.0,D_sector_neutral_zscore,validation,net_headline,,,,
D_sector_neutral_zscore|holdout|gross,54,2022-02-28 00:00:00,2026-07-31 00:00:00,0.9829578937915748,0.16431278135419403,0.1326199023257084,1.2186608325974138,2.369536377494266,-0.10525154408634718,1.5611436656871625,0.09259305524572349,-0.06963612069471188,0.7037037037037037,2.5851700160882265,0.16174828180454479,-0.00024327122602793469,2.5325809612636205,-0.36667139338668064,54.0,D_sector_neutral_zscore,holdout,gross,,,,
D_sector_neutral_zscore|holdout|net,54,2022-02-28 00:00:00,2026-07-31 00:00:00,0.37375140198963863,0.07311497474103712,0.13311483582716258,0.5965434657971276,1.0024256332166794,-0.12859979432042357,0.5685465915976614,0.08350495156645474,-0.07519332029174985,0.5555555555555556,1.2654597898130229,0.0802946526023556,-0.0016628391099565622,1.2526389033919518,-0.44724281591156384,54.0,D_sector_neutral_zscore,holdout,net_headline,0.525591403090262,21.830188679245282,21.0,0.05639048910847909
E_discount_overshoot|full|gross,202,2009-01-31 00:00:00,2026-07-31 00:00:00,10129.724169355806,0.7296524288326411,5.471930284984744,0.33577551299302394,27.39421062717648,-0.19321294443215464,3.7764158658057894,22.107468965761452,-0.1064793502759552,0.7574257425742574,1.3776347307189576,1.848330956639969,-9.132780035945097e-05,1.3758265783699748,-0.3341733828235602,202.0,E_discount_overshoot,full,gross,,,,
E_discount_overshoot|full|net,202,2009-01-31 00:00:00,2026-07-31 00:00:00,1714.748157216541,0.5564879216937693,5.471546557694364,0.3159749449074764,21.894306169578343,-0.213106727461004,2.6113109066235363,22.097065091955987,-0.11522860157432613,0.6485148514851485,1.296396078026668,1.7399295219857365,-9.188571508598212e-05,1.2952278245231865,-0.33447906901687285,202.0,E_discount_overshoot,full,net_headline,,,,
E_discount_overshoot|development|gross,96,2009-01-31 00:00:00,2016-12-31 00:00:00,42.49021576713635,0.602503347105247,1.4572642706870609,0.5466519806307046,12.60387119633186,-0.14538753475364863,4.144119701363371,4.123433397573468,-0.07270627284235318,0.7708333333333334,1.546165289812114,-0.28297080464718294,6.4786378932044615,-0.8655239787910404,0.4771504472868152,96.0,E_discount_overshoot,development,gross,,,,
E_discount_overshoot|development|net,96,2009-01-31 00:00:00,2016-12-31 00:00:00,17.56523519898161,0.4407464460014785,1.4569578101851584,0.47171019188290114,9.158926493736452,-0.18087376825766344,2.4367626673958265,4.113718824623611,-0.08229235993793216,0.65625,1.3341979017408276,-0.3915842857360511,6.474190704593341,-1.1970271271964674,0.39439350033538617,96.0,E_discount_overshoot,development,net_headline,,,,
E_discount_overshoot|validation|gross,50,2017-02-28 00:00:00,2021-12-31 00:00:00,70.10519033374295,1.7826354446590096,10.819853425749292,0.5169253163875647,73.44682483573122,-0.19321294443215453,9.226273373650544,22.107468965761452,-0.1064793502759552,0.78,1.055169383563574,5.789226042303557,-0.0004042197120269686,1.0603514862269445,-0.6776540659670418,50.0,E_discount_overshoot,validation,gross,,,,
E_discount_overshoot|validation|net,50,2017-02-28 00:00:00,2021-12-31 00:00:00,44.812156198217366,1.5040060616424817,10.819218057498501,0.5068004042847708,63.72521864246255,-0.2131067274610039,7.05752502307886,22.097065091955987,-0.11522860157432613,0.64,1.0345019932782615,5.679574482733419,-0.0004046740864359645,1.0403297179023325,-0.6778089758325219,50.0,E_discount_overshoot,validation,net_headline,,,,
E_discount_overshoot|holdout|gross,54,2022-02-28 00:00:00,2026-07-31 00:00:00,2.2412848042904456,0.2986517634643351,0.15435487380601698,1.7852841811743172,4.204405133706224,-0.06858298780652294,4.3546041520799745,0.14074074074074083,-0.056394820096654696,0.7222222222222222,3.7871596525602986,0.28834607189852857,-0.023986688132160525,3.927062078214196,-0.24764402677064853,54.0,E_discount_overshoot,holdout,gross,,,,
E_discount_overshoot|holdout|net,54,2022-02-28 00:00:00,2026-07-31 00:00:00,1.0378786805262163,0.17140289942838072,0.15324275805794949,1.1130734380545797,2.150923634279444,-0.09203194395542569,1.8624283271838438,0.1270299578607336,-0.06933318409568366,0.6481481481481481,2.3611853280210537,0.18443344895228053,-0.026021903082041224,2.5362136950507717,-0.3481437003541361,54.0,E_discount_overshoot,holdout,net_headline,0.5958312719685561,16.235849056603772,17.0,0.06480341168881679
BM_equal_weight_universe|full|gross,234,2007-02-28 00:00:00,2026-07-31 00:00:00,41506511.82156869,1.4585136736962339,329.5237570851552,0.3152133190974694,1058.5824772234298,-0.4472996261588088,3.2607084567032585,1218.4707171823288,-0.1729192054783511,0.5982905982905983,1.3919443280751713,,,,,,BM_equal_weight_universe,full,gross,,,,
BM_equal_weight_universe|full|net,234,2007-02-28 00:00:00,2026-07-31 00:00:00,30473636.209531568,1.4198641711647784,329.5240643974781,0.31516455284882766,1037.1593380664813,-0.45479172548724267,3.122009683979193,1218.4703478615206,-0.17367103555020502,0.5854700854700855,1.3917289821519956,,,,,,BM_equal_weight_universe,full,net_headline,,,,
BM_equal_weight_universe|development|gross,119,2007-02-28 00:00:00,2016-12-31 00:00:00,1.246746657613715,0.08505270517073438,0.18815231135491303,0.5225486575805857,0.9547530560047149,-0.4472996261588088,0.1901470517673479,0.379368567243628,-0.1728584202976317,0.5966386554621849,1.6455443588970131,,,,,,BM_equal_weight_universe,development,gross,,,,
BM_equal_weight_universe|development|net,119,2007-02-28 00:00:00,2016-12-31 00:00:00,1.0573471753429264,0.07545945522721209,0.1880227064864052,0.4752764950762217,0.860693332555191,-0.45479172548724267,0.16592090620463323,0.37892575013796226,-0.17367103555020502,0.5966386554621849,1.4966808239640528,,,,,,BM_equal_weight_universe,development,net_headline,,,,
BM_equal_weight_universe|validation|gross,59,2017-02-28 00:00:00,2021-12-31 00:00:00,4839565.311832458,21.888727557887872,652.3058706741958,0.630506367250225,4000.849704978027,-0.26951214440716786,81.21610848385104,1218.4707171823288,-0.1729192054783511,0.6271186440677966,1.3980569393936673,,,,,,BM_equal_weight_universe,validation,gross,,,,
BM_equal_weight_universe|validation|net,59,2017-02-28 00:00:00,2021-12-31 00:00:00,4114126.2900160784,21.14505816553018,652.3074217097118,0.6304537592244848,3821.207775422617,-0.2703700003131657,78.20785642282118,1218.4703478615206,-0.17331739873325647,0.6101694915254238,1.3979402886835806,,,,,,BM_equal_weight_universe,validation,net_headline,,,,
BM_equal_weight_universe|holdout|gross,54,2022-02-28 00:00:00,2026-07-31 00:00:00,2.9952386518582768,0.3604298781558959,1.0031760265216423,0.5310570661503942,6.907249021463156,-0.1462726363751744,2.4640964098809977,2.118873313549117,-0.09429143842153519,0.5740740740740741,1.1265421580159303,,,,,,BM_equal_weight_universe,holdout,gross,,,,
BM_equal_weight_universe|holdout|net,54,2022-02-28 00:00:00,2026-07-31 00:00:00,2.7714253913154225,0.34311233588896006,1.0035157826729555,0.5180614086246264,6.6166257001385915,-0.15601615788742085,2.1992102647249223,2.1183339336212526,-0.09470533694924112,0.5370370370370371,1.098974205328585,,,,,,BM_equal_weight_universe,holdout,net_headline,0.0901161427354436,169.41276595744682,179.0,0.04094822259728309
BM_cap_weight_universe|full|gross,234,2007-02-28 00:00:00,2026-07-31 00:00:00,1666.4300054918147,0.4629625567910953,105.66038529077582,0.3207332437765151,137.64741361706132,-0.9966909169286658,0.4644996246356181,350.7033823691735,-0.9966909169286658,0.5811965811965812,1.4163196554579078,0.9179424588185621,0.3174233914205711,0.2695842209597786,-0.31044796569699207,234.0,BM_cap_weight_universe,full,gross,,,,
BM_cap_weight_universe|full|net,234,2007-02-28 00:00:00,2026-07-31 00:00:00,1149.610930370234,0.43539256404569526,105.66062560329156,0.32060520094403544,137.1386457300474,-0.997036545045817,0.4366866653074262,350.70296882261755,-0.997036545045817,0.5811965811965812,1.415754233619354,0.9044165425689366,0.31742410294922496,0.26561085627836184,-0.3105079577174957,234.0,BM_cap_weight_universe,full,net_headline,,,,
BM_cap_weight_universe|development|gross,119,2007-02-28 00:00:00,2016-12-31 00:00:00,0.6293191270185015,0.05045819140648522,0.14861835724255495,0.407055187596076,0.5786179641404239,-0.4322647362371884,0.11672983516008638,0.12263966965986928,-0.16400981710537205,0.5798319327731093,1.2818468825655531,0.004845917792331793,0.5660157645046009,0.1449323736999761,-0.28662463113841435,119.0,BM_cap_weight_universe,development,gross,,,,
BM_cap_weight_universe|development|net,119,2007-02-28 00:00:00,2016-12-31 00:00:00,0.5120203231301894,0.04257342733674063,0.14850303545492305,0.3563516560359007,0.5026289164433064,-0.4372947711120696,0.0973563603984415,0.12228941587465575,-0.16456595812054287,0.5798319327731093,1.1221777127674541,-0.0026894238207608523,0.5655964236471741,-0.08050110387705114,-0.3440856729441193,119.0,BM_cap_weight_universe,development,net_headline,,,,
BM_cap_weight_universe|validation|gross,59,2017-02-28 00:00:00,2021-12-31 00:00:00,520.154761083106,2.569467224805537,209.07004382458956,0.641462411136362,292.58844865140316,-0.9966909169286658,2.577998034459299,350.7033823691735,-0.9966909169286658,0.6440677966101694,1.422350386659104,3.6487046615781034,0.31720705258072146,0.26353361599932723,-0.620913461058914,59.0,BM_cap_weight_universe,validation,gross,,,,
BM_cap_weight_universe|validation|net,59,2017-02-28 00:00:00,2021-12-31 00:00:00,405.9159884511728,2.3942726888680177,209.07133034642789,0.6413237701906537,291.7998986181958,-0.997036545045817,2.4013890972852887,350.70296882261755,-0.997036545045817,0.6440677966101694,1.4220429703564315,3.6197489654978865,0.31720898581042334,0.2614398979358399,-0.620978270829491,59.0,BM_cap_weight_universe,validation,net_headline,,,,
BM_cap_weight_universe|holdout|gross,54,2022-02-28 00:00:00,2026-07-31 00:00:00,1.140487997091919,0.18426062049741554,0.314533137833086,0.6610034212582344,2.503563613449519,-0.17229248698694577,1.0694640475610324,0.6068393260994657,-0.0872304659415648,0.5185185185185185,1.402200004677617,0.05044989341451196,0.2955597252989577,0.9979424880044361,-0.45467765119419395,54.0,BM_cap_weight_universe,holdout,gross,,,,
BM_cap_weight_universe|holdout|net,54,2022-02-28 00:00:00,2026-07-31 00:00:00,1.0399724199854141,0.1716702398582295,0.31516183954289234,0.6258485215385915,2.332636826613298,-0.1782583179498769,0.9630419597390127,0.6068075075262841,-0.08747906365730537,0.5185185185185185,1.3276252007265392,0.039542724076462095,0.2960163434562704,0.7778236035846914,-0.4698449172591323,54.0,BM_cap_weight_universe,holdout,net_headline,0.07482101291229072,169.40851063829788,179.0,0.04169655486263641
