holding_month,F_quality_only,BM_5y_record_universe_gross,F_value_only,F_combined_z0.0,F_combined_z-0.5,F_combined_z-1.0,F_quality_only_TR,BM_5y_record_universe_gross_TR,F_value_only_TR,F_combined_z0.0_TR,F_combined_z-0.5_TR,F_combined_z-1.0_TR
2011-07-31,,-0.005553176067474963,,,,,,-0.004464285714285698,,,,
2011-08-31,-0.035604262229551244,-0.07600177637824221,-0.059641989418051794,,,,-0.035604262229551244,-0.07218661239113827,-0.058506535600452256,,,
2011-09-30,-0.09908976934194758,-0.0682173619864889,-0.06678996749756952,,,,-0.09908976934194758,-0.0700420364904116,-0.07165376816409967,,,
2011-10-31,0.024833582409660677,0.0347185845785162,0.03378344338346945,,,,0.024833582409660677,0.03272705452212005,0.030244729962757386,,,
2011-11-30,-0.026628308577309967,-0.029248022391512828,-0.026459823431038317,,,,-0.026628308577309967,-0.030274724901186618,-0.025521722531919363,,,
2011-12-31,0.012897494783777236,-0.001199157639596353,0.002293857701202724,,,,0.012897494783777236,-0.0009735247145355443,0.0036207224549580086,,,
2012-01-31,0.05921187269372022,0.0641359988786336,0.07050686360110386,,,,0.05921187269372022,0.0668046177690488,0.07061392212547066,,,
2012-02-29,0.07569680322517058,0.06144828670063581,0.060529005801888816,,,,0.07084163972459208,0.061763409369434814,0.06338321494501908,,,
2012-03-31,0.013262948160908464,0.004209846599809844,0.0067769122183090015,,,,0.012215937813606715,0.003201914442561786,0.005831015505695168,,,
2012-04-30,-0.004043172675481113,-0.010892752722437225,-0.02241926310521953,,,,-0.0011979620704831897,-0.009576543172978335,-0.02195309633184201,,,
2012-05-31,-0.04676898521511229,-0.06088208933993997,-0.05832189824873855,-0.04405682623665242,-0.04405682623665242,,-0.04200693179253881,-0.062249386404021376,-0.06142965023444952,-0.04405682623665242,-0.04405682623665242,
2012-06-30,0.04295018462494707,0.03218855259764244,0.036770091391323,0.03721375327457635,-0.04405682623665242,,0.046276936521608844,0.03393835080614204,0.03978946386993484,-0.04405682623665242,-0.04405682623665242,
2012-07-31,0.03258829927851972,0.018243446983204268,0.01591158598206625,0.03721375327457635,-0.04405682623665242,,0.031734128730744306,0.01802809062214352,0.016038675303201324,-0.04405682623665242,-0.04405682623665242,
2012-08-31,0.00810249945074594,0.00949665390885961,0.013666711318753586,0.03721375327457635,-0.04405682623665242,,0.003841280160458419,0.007538324078960587,0.012032620261679977,-0.04405682623665242,-0.04405682623665242,
2012-09-30,0.040899520286880486,0.0349892866341791,0.03999549412162313,0.03721375327457635,-0.04405682623665242,,0.04659627553066725,0.03694769523602351,0.04228714123615927,-0.04405682623665242,-0.04405682623665242,
2012-10-31,-0.002000904466601644,0.012257086578483218,0.019284444991363125,0.03721375327457635,-0.04405682623665242,,0.0070863145130957,0.014326347066480455,0.01794535412784878,-0.04405682623665242,-0.04405682623665242,
2012-11-30,-0.0009336826545972982,0.005468059024625626,0.0035139435150653995,0.03721375327457635,-0.04405682623665242,,-0.0022380260783219546,0.006359745272479526,0.004886328452303892,-0.04405682623665242,-0.04405682623665242,
2012-12-31,0.023398851133394308,0.03282107203458903,0.04007139488269639,0.03721375327457635,-0.04405682623665242,,0.028870851159806424,0.035603621608350046,0.04446618272043158,-0.04405682623665242,-0.04405682623665242,
2013-01-31,0.07772926693323348,0.0660244073475142,0.07484808871477634,0.03721375327457635,-0.04405682623665242,,0.0812000260743707,0.06813300917292327,0.07799871694275164,,,
2013-02-28,0.056800778526614235,0.03620615399636771,0.02472941656021161,,,,0.056800778526614235,0.03719228417653118,0.026942589040348647,,,
2013-03-31,0.02542006965530199,0.0087007995586304,0.010742972644904692,0.03721375327457635,-0.04405682623665242,,0.02542006965530199,0.0103079234496916,0.01228564425756327,-0.04405682623665242,-0.04405682623665242,
2013-04-30,0.03475999392111085,0.02227776917528807,0.031654958924222015,0.03721375327457635,-0.04405682623665242,,0.03636674773374702,0.02405356148700726,0.03521620946210414,-0.04405682623665242,-0.04405682623665242,
2013-05-31,0.017442159903898413,0.017533592179811496,0.03290126924200705,0.03721375327457635,,,0.017442159903898413,0.01776169040043512,0.03318996245744891,-0.04405682623665242,,
2013-06-30,-0.06374742942672612,-0.05691214896790682,-0.04592397690308907,0.03721375327457635,-0.04405682623665242,,-0.06293639941861583,-0.05551741206231523,-0.04340262950489154,-0.04405682623665242,-0.04405682623665242,
2013-07-31,0.04558737686847562,0.050887208282220944,0.05334697968445136,0.03721375327457635,-0.04405682623665242,,0.04558737686847562,0.0515377601386108,0.05428041511299682,-0.04405682623665242,-0.04405682623665242,
2013-08-31,-0.033549058248447026,-0.03501286991281877,-0.03330539156671769,0.03721375327457635,-0.04405682623665242,,-0.033549058248447026,-0.0344213961648943,-0.03229445050394424,-0.04405682623665242,-0.04405682623665242,
2013-09-30,0.045506120430025665,0.026094728538919847,0.04068090891456397,0.05779606259977768,0.05634412270337634,,0.045506120430025665,0.02767721691876884,0.04428821873499201,0.05779606259977768,0.05634412270337634,
2013-10-31,0.0418864669856756,0.041528922493697835,0.04217744244411776,0.05779606259977768,,,0.0418864669856756,0.04170846646004833,0.04203528823068871,0.05779606259977768,,
2013-11-30,-0.021983412280385212,-0.018359341356309202,-0.02542626633606692,0.05779606259977768,0.05634412270337634,,-0.020219743850050115,-0.017578823040976646,-0.024621028002090338,0.05779606259977768,0.05634412270337634,
2013-12-31,0.03424428496757799,0.002589343082481442,-0.0022906710595120986,0.05779606259977768,0.05634412270337634,,0.03558297305325403,0.003887727164235467,-0.00203003469711092,0.05779606259977768,0.05634412270337634,
2014-01-31,-0.015745215631451624,-0.024053033306529015,-0.049227893275335846,0.05779606259977768,,,-0.014315952318780238,-0.022697857825605253,-0.04827320885507807,0.05779606259977768,,
2014-02-28,0.05155018183156957,0.03593472048387407,0.0400250498135266,0.05779606259977768,0.05634412270337634,,0.060136257296942996,0.03791380930800957,0.04193043729504857,0.05779606259977768,0.05634412270337634,
2014-03-31,-0.05774540386636214,-0.013480313306249398,0.005612698245687076,0.05779606259977768,0.05634412270337634,,-0.05680130760357524,-0.00997206539539292,0.005612698245687076,0.05779606259977768,0.05634412270337634,
2014-04-30,-0.010056109905330426,0.0020134662023573824,0.011043732833850657,0.05779606259977768,0.05634412270337634,,-0.007350357989268871,0.004281043131843921,0.01137386312801812,0.05779606259977768,0.05634412270337634,
2014-05-31,-0.008193917428024645,0.01751089941764478,0.0267802439244701,0.019107366295607477,0.05634412270337634,,-0.0033966328535138483,0.020270354841944872,0.027478967858488152,0.019107366295607477,0.05634412270337634,
2014-06-30,0.005512582886103335,-0.0037324930232022096,0.01659766895909407,0.03500980354135923,0.04045707241176322,,0.010666730685387139,-0.0003021719306152644,0.01659766895909407,0.03500980354135923,0.04045707241176322,
2014-07-31,-0.002039823048102947,0.002493120123358854,0.0030061831872248454,-0.013447346567357823,0.04045707241176322,,0.00042091140384384676,0.0035550949673722253,0.001866716509091143,-0.013447346567357823,0.04045707241176322,
2014-08-31,0.04296217359828468,0.020545304977032254,0.04225548337528533,0.06791934137871611,0.04045707241176322,,0.03984774244339334,0.021947853549724103,0.03994037747806722,0.06227244042369007,0.04045707241176322,
2014-09-30,-0.005331439496656691,-0.016847452725622634,-0.010590257138576234,0.006414672640885077,0.04045707241176322,,-0.009813460782442752,-0.01711967077238342,-0.011115131419018494,0.0036070114247199,0.04045707241176322,
2014-10-31,0.03547275927328575,0.008170630284177678,0.022410169888554106,0.04947848635668112,0.04045707241176322,,0.0337786455927057,0.009299186271229134,0.030822457412180707,0.05086556914818523,0.04045707241176322,
2014-11-30,0.029628219384871184,0.021937690302444125,0.018803158883638326,0.01916848720244311,0.04045707241176322,,0.0321336219952483,0.02500186095631679,0.02391419118137863,0.01916848720244311,0.04045707241176322,
2014-12-31,-0.003721223131633891,-0.013375179403508004,-0.016425373527670487,0.01916848720244311,0.04045707241176322,,-0.0020879126115423887,-0.010302669051877744,-0.012552692834911986,0.01916848720244311,0.04045707241176322,
2015-01-31,0.04966978679392591,0.0269078843815447,0.012851344819669066,0.021193325293091904,0.021193325293091904,,0.04581098169738164,0.026377892641626995,0.013423274052139332,0.01916848720244311,0.04045707241176322,
2015-02-28,0.013482715528980373,0.013595663703051961,0.011424835916840194,0.020381924228772476,0.0277844893320377,0.0277844893320377,0.013804517620693967,0.014782915763286723,0.011294929429618303,0.020971894730247402,0.028492453933807612,0.028492453933807612
2015-03-31,0.01791233816033233,0.012761613164007887,0.00859529876919872,0.014797970764493554,0.004737430689204337,0.0277844893320377,0.01791233816033233,0.016622161540085965,0.013669215831784431,0.014797970764493554,0.004737430689204337,0.028492453933807612
2015-04-30,-0.013162500510179774,0.006300672824861876,0.01050428052479938,-0.012206167015423458,-0.007880327070180477,0.0277844893320377,-0.01241298769351061,0.0065968681447841,0.010018625397211194,-0.011175586892503357,-0.006702521215414646,0.028492453933807612
2015-05-31,0.05747445890471155,0.023200386271932993,0.024364466989803893,0.047124000047907316,0.06675537077719822,0.0277844893320377,0.057786593122425164,0.026409304139234556,0.02791446804704023,0.047505497425112855,0.0673276168430065,0.028492453933807612
2015-06-30,-0.03278176938448045,-0.04646801213430666,-0.05059738922641075,-0.03617416704956814,-0.03617416704956814,0.0277844893320377,-0.032325856190352616,-0.044248624538193476,-0.049174355569926345,-0.03617416704956814,-0.03617416704956814,0.028492453933807612
2015-07-31,0.04678977054657039,-0.0016376711764780991,-0.0015943057070471355,0.05610585327133949,0.05791461961892135,0.0277844893320377,0.04885596014521536,0.006111123296384918,0.004484598432199547,0.057963099452746435,0.06088621350917247,0.028492453933807612
2015-08-31,-0.03020570601207081,-0.05343993035418327,-0.05193082020730715,-0.02567243132133465,0.05791461961892135,0.0277844893320377,-0.028007298955996643,-0.04964376390994077,-0.04744066010684131,-0.022374820737223407,0.06088621350917247,0.028492453933807612
2015-09-30,-0.0619490109230526,-0.04194987831207876,-0.025452392453889878,-0.02567243132133465,0.05791461961892135,,-0.0619490109230526,-0.03992547519270677,-0.020659057249282475,-0.022374820737223407,0.06088621350917247,
2015-10-31,0.04013672597960556,0.04947907548819347,0.05059985610891753,0.03064518260417233,0.05791461961892135,0.0277844893320377,0.04324903026870337,0.05023640346257755,0.05252065812508757,0.033631497553405956,0.06088621350917247,0.028492453933807612
2015-11-30,0.012241273082454901,0.0005752781213757088,0.005707514445769265,0.013975769790931666,0.05791461961892135,0.0277844893320377,0.013158096741791633,0.005839358913170038,0.006100438871199293,0.015351005279936766,0.06088621350917247,0.028492453933807612
2015-12-31,0.030377660466031003,0.005829362152626129,0.0061529489743865975,0.03510593418301249,0.031060932865768012,0.0277844893320377,0.03157323505560988,0.010956850037026903,0.01047604432984995,0.036700033635784314,0.0339303118807573,0.028492453933807612
2016-01-31,-0.08639439159383372,-0.05553054528556143,-0.05068409907926247,-0.07763706196107743,0.031060932865768012,,-0.08437408571241098,-0.052323110587976104,-0.045922669812264734,-0.07538669604792082,0.0339303118807573,
2016-02-29,-0.01226150696396531,0.006966901087732601,0.014217769716127258,-0.014031013703073567,-0.006525631156698505,-0.009095980610951538,-0.013247085062500918,0.007882502963905531,0.015300592072400601,-0.01560737193094856,-0.0072549859105020586,0.028492453933807612
2016-03-31,-0.0025656414095682656,0.029291015156173994,0.03452812782195712,0.0064232624170327685,0.01975955644882199,-0.009095980610951538,6.084152068771848e-05,0.030941442651324383,0.03678841014968494,0.011834721854092319,0.01975955644882199,0.028492453933807612
2016-04-30,0.02356159480524178,0.02178134227148859,0.021760414526119317,0.026328362717870757,0.02355999953913352,0.01793218228630693,0.025007047286571757,0.025474226738140267,0.025514820047958436,0.02737029497055539,0.024516369457647156,0.019200365799921255
2016-05-31,0.01470139351840203,-0.0007142157972032128,-0.0015620289097749418,0.014379881394703031,0.009731363927451922,0.01793218228630693,0.011453086253236131,-0.000881769737938079,-0.0026286216154059643,0.008689601136422205,0.009731363927451922,0.019200365799921255
2016-06-30,-0.013898786210540741,0.02903504459335063,0.03105841784108491,-0.016677463744832317,-0.02042185552431733,-0.00324949347858978,-0.010566992198323627,0.030408029016991828,0.032650658113986084,-0.013290358084822648,-0.015400744720882053,-0.0008929539665659975
2016-07-31,0.08878300356450892,0.07456153220939848,0.07618268839856118,0.08878300356450892,0.08485068534326617,0.08965301028692796,0.08343990325337133,0.07637898809722163,0.07818489168514814,0.08343990325337133,0.07788330516062658,0.08241499819941614
2016-08-31,0.011122787860631679,0.021549075421462838,0.02715609256436611,0.024341145981697107,0.026098742500437297,0.023110169636119504,0.015527843015774107,0.024824765004942656,0.028391403119121365,0.02506804110111559,0.026098742500437297,0.023110169636119504
2016-09-30,0.03210339923036746,0.017972434163501017,0.021222338025316555,0.03210339923036746,0.029195365162984422,0.024984515172662425,0.032461995090824244,0.018877390661842283,0.022333310563333895,0.032461995090824244,0.029324930212689615,0.024984515172662425
2016-10-31,-0.01096574244267014,0.017461481138422143,0.01810789624079259,-0.014383433429824913,0.0022983405861988614,-0.013642902458292605,-0.00443794306650158,0.020484590751309633,0.02179214989043528,-0.0067847554130805315,0.003687229475087749,-0.011976235791625938
2016-11-30,-0.0013244663441239028,-0.024350791926843914,-0.024840382659470212,0.01671777489715387,-0.007196643336591054,-0.015269635370245904,-0.012125876906726655,-0.02473172703674518,-0.026128878257703377,0.0017898664236398422,-0.0066603397062280165,-0.015269635370245904
2016-12-31,0.022853512086319454,0.028759055031146386,0.03571366250957833,0.028477758049421653,-0.007196643336591054,-0.015269635370245904,0.03117021007259739,0.03365772598027402,0.03920115863797951,0.031818953017975105,-0.0066603397062280165,-0.015269635370245904
2017-01-31,0.010704278935367711,0.017290281714773755,0.020983811164934967,0.01963240511958851,0.019070041239064618,-0.015269635370245904,0.01451381077964298,0.018639197427513163,0.021073894721745177,0.020707343694527085,0.020503292672316053,-0.015269635370245904
2017-02-28,0.04974273971914658,0.036199682817263754,0.04037302202536899,0.048311502222222025,0.045753008318531824,-0.015269635370245904,0.05097934634233539,0.03802994312254782,0.042248147665857286,0.04896817290642421,0.04616064849567687,-0.015269635370245904
2017-03-31,0.011876320441384406,0.016064587277163235,0.02115063144055357,0.008338389365107163,0.017116217649150302,-0.015269635370245904,0.013286161467892877,0.01771691179733822,0.022212580167584556,0.010187139648648785,0.04616064849567687,-0.015269635370245904
2017-04-30,0.011473816059062768,0.009775634544148567,0.01769682901411923,0.04111611557651149,0.06907814808597354,-0.015269635370245904,0.005579156995988221,0.01110284459959123,0.01904050380304258,0.03328473752609144,0.04616064849567687,-0.015269635370245904
2017-05-31,0.037062909977843,0.032339229259460374,0.03719134538520813,0.03619983630362379,0.06907814808597354,-0.015269635370245904,0.037505771966518386,0.03318554799690948,0.03783695407995398,0.034829391120269226,0.04616064849567687,-0.015269635370245904
2017-06-30,0.0016964933069683135,-0.00046244500551259377,-0.004699072946519501,-0.00756962370630968,0.06907814808597354,-0.015269635370245904,0.007359544718490662,0.0027124767600261697,-0.0006527642518610122,0.0020383375600300045,0.04616064849567687,-0.015269635370245904
2017-07-31,0.031612762190996666,0.016872546877394652,0.01991510194338148,0.035253155374605064,0.06907814808597354,-0.015269635370245904,0.032838354945863256,0.02044389727467246,0.02535734307277309,0.03851533854075077,0.04616064849567687,-0.015269635370245904
2017-08-31,0.024183613152821814,0.020202996139094993,0.026034587989744114,0.0198679030924758,0.06907814808597354,-0.015269635370245904,0.027083184375802295,0.021830095145916616,0.028964929355025378,0.022356978025713615,0.04616064849567687,-0.015269635370245904
2017-09-30,-0.007611630691147248,-0.013074335458600171,-0.00974339459071691,0.007435167921139592,0.06907814808597354,-0.015269635370245904,-0.007611630691147248,-0.013028505798959564,-0.009751910210147553,0.007435167921139592,0.04616064849567687,-0.015269635370245904
2017-10-31,0.0403431027876665,0.02708165596439233,0.021884747755920916,0.007435167921139592,0.06907814808597354,,0.043716693472293136,0.03096618702787785,0.028689598763888536,0.007435167921139592,0.04616064849567687,
2017-11-30,0.01962850080848238,0.0019567609449835936,-0.0036829857639528365,0.007435167921139592,0.06907814808597354,,0.022184147999621498,0.003447337504595882,-0.0022470883529136197,0.007435167921139592,,
2017-12-31,0.021308308983167237,0.022585009979507405,0.031351009737624,0.007435167921139592,0.06907814808597354,,0.019572626562554873,0.025936001990919187,0.037289920256093845,0.007435167921139592,,
2018-01-31,0.021765717316430632,0.0076890986513913654,-0.009040110257744594,0.007435167921139592,,,0.022182383983097298,0.010264511982980484,-0.0034260328961204407,0.007435167921139592,,
2018-02-28,-0.029366701840950502,-0.026770492468448058,-0.0176756603979437,0.007435167921139592,0.06907814808597354,,-0.029366701840950502,-0.025154109785289137,-0.016477287395759037,0.007435167921139592,0.04616064849567687,
2018-03-31,-0.03864082048542392,-0.030021524122582348,-0.02556828894493427,0.007435167921139592,0.06907814808597354,,-0.03821629218353713,-0.029137724768990857,-0.023545936297581622,0.007435167921139592,0.04616064849567687,
2018-04-30,0.023650911127852847,0.027911273870478995,0.025934808390965236,0.007435167921139592,0.06907814808597354,-0.015269635370245904,0.02464366141491865,0.03133166293952187,0.03115921825353283,0.007435167921139592,0.04616064849567687,-0.015269635370245904
2018-05-31,0.04437686905041148,0.015823384797639634,0.010663946638813593,0.007435167921139592,,,0.04437686905041148,0.017009062970698707,0.011372563418858946,0.007435167921139592,,
2018-06-30,-0.002630175097113453,-0.006926016557256757,-0.006502142293877656,-0.0005163085481873497,0.06907814808597354,,-0.002349741700045257,-0.0059775821849840085,-0.005086945875182412,-0.0005163085481873497,0.04616064849567687,
2018-07-31,0.016328592656316025,0.015789125067896294,0.027058666200980214,-0.0005163085481873497,0.06907814808597354,-0.015269635370245904,0.016733998061721433,0.019173080430486864,0.032293847914874614,-0.0005163085481873497,0.04616064849567687,-0.015269635370245904
2018-08-31,-0.0035898716288541447,-0.009501572065930323,-0.006111262374276562,-0.0005163085481873497,0.06907814808597354,-0.015269635370245904,-0.0018667676676671604,-0.007943261251964026,-0.005470344082389197,-0.0005163085481873497,0.04616064849567687,-0.015269635370245904
2018-09-30,-0.003047388099049216,-0.006211457605145598,-0.0007883142558221955,0.016829995236765132,0.06907814808597354,,-0.003047388099049216,-0.005567122934633803,0.0004428089564513446,0.016829995236765132,0.04616064849567687,
2018-10-31,-0.1116434507819802,-0.0713701362597854,-0.06470768402918453,-0.11353305523222475,0.06907814808597354,-0.015269635370245904,-0.10967323131499991,-0.06891750431549486,-0.06063231052092645,-0.1116240978166594,0.04616064849567687,-0.015269635370245904
2018-11-30,0.019929222676194455,0.007503120195087637,0.016048538345219448,0.030456638305475493,0.06907814808597354,,0.020098493509527787,0.009154702678746051,0.017749288297715476,0.030456638305475493,0.04616064849567687,
2018-12-31,-0.07135126030174892,-0.04098966388415818,-0.030653401103693977,-0.045363253628713185,0.06907814808597354,-0.015269635370245904,-0.06460034240396738,-0.03583626209286701,-0.023981310628643514,-0.029693151326530637,0.04616064849567687,-0.015269635370245904
2019-01-31,0.05410301614751617,0.0501512008181184,0.05762272442270328,-0.045363253628713185,0.06907814808597354,,0.05475956836116181,0.053077969267673684,0.06437294394592434,-0.029693151326530637,0.04616064849567687,
2019-02-28,0.03222648229823685,0.017758003074305927,0.019308162778975888,-0.045363253628713185,0.06907814808597354,-0.015269635370245904,0.03450955163720373,0.019701204534469934,0.020783362745991636,-0.029693151326530637,0.04616064849567687,-0.015269635370245904
2019-03-31,0.017064654111290243,0.015705445848053314,0.017594005596921338,-0.045363253628713185,,,0.016861550773277896,0.016761116475074212,0.018695160967526422,-0.029693151326530637,,
2019-04-30,0.03288638490236647,0.032947552408618144,0.04087160978375992,0.04261871190299874,0.03575783889898312,-0.015269635370245904,0.03593548446763343,0.03483193839004832,0.04405470272278217,0.0469777486022248,0.04098868293805439,-0.015269635370245904
2019-05-31,-0.03943942368794089,-0.028725814391424954,-0.017921257703862593,0.04261871190299874,0.03575783889898312,-0.015269635370245904,-0.034165478205476094,-0.02606788710323055,-0.012871885206616293,0.0469777486022248,0.04098868293805439,-0.015269635370245904
2019-06-30,0.057028534200204546,0.044206478468829795,0.053305967207242184,0.04360871848207355,0.03575783889898312,,0.05715383587627006,0.04609186835050292,0.05479598995622515,0.04360871848207355,0.04098868293805439,
2019-07-31,0.04346766510968408,0.020844780037299573,0.02307327019078205,0.04360871848207355,0.03575783889898312,,0.04999183077091543,0.025095986764240755,0.02846123653396577,0.04360871848207355,0.04098868293805439,
2019-08-31,-0.04396379927907244,-0.04130552585131201,-0.03335814264466998,0.04360871848207355,0.03575783889898312,,-0.04236629489330895,-0.03884665969117593,-0.032009941582978624,0.04360871848207355,0.04098868293805439,
2019-09-30,0.003677158207100873,0.014429293447439023,0.01960114568677308,0.010252651933392698,0.006713248315778976,-0.015269635370245904,0.008162727745737676,0.01680557820360981,0.02242190654735525,0.016574906268652812,0.01682885525219516,-0.015269635370245904
2019-10-31,-0.01723079641519064,-0.007987865778647518,-0.0037993946078633575,0.010252651933392698,0.006713248315778976,,-0.016333436849177256,-0.005440774853663716,0.0011218778484652575,0.016574906268652812,0.01682885525219516,
2019-11-30,0.05628880549812617,0.037256163723561476,0.04208569202089118,0.04420299764782036,0.046516255356650625,-0.015269635370245904,0.05960235184633465,0.03899482281385578,0.04229873077472747,0.044241906477773214,0.046516255356650625,-0.015269635370245904
2019-12-31,0.05566503459845965,0.04685791630243324,0.04623252118586743,0.04420299764782036,0.046516255356650625,,0.05911706948218058,0.047868883253198755,0.044503287720204746,0.044241906477773214,0.046516255356650625,
2020-01-31,-0.03153267753460014,-0.03344426714938898,-0.02535074556768825,0.04420299764782036,0.046516255356650625,-0.015269635370245904,-0.028134781930960955,-0.030789145080925985,-0.024376267609451593,0.044241906477773214,0.046516255356650625,-0.015269635370245904
2020-02-29,-0.09947296561720237,-0.08698015584388273,-0.07208844155660493,-0.060809638326987964,0.046516255356650625,-0.015269635370245904,-0.10092957012845515,-0.08762561628920244,-0.0776688869493067,0.044241906477773214,,
2020-03-31,-0.1475994632020516,-0.16691436870507645,-0.14675960290449486,-0.1194505981810799,-0.07161705227338316,-0.07608160458238035,-0.15109740084894793,-0.16742124344710443,-0.1469411536078207,-0.12316875936372905,-0.07200704291332455,-0.015269635370245904
2020-04-30,0.0948039396290497,0.11112273252126875,0.1361062354907489,-0.1194505981810799,-0.07161705227338316,-0.07608160458238035,0.10065193380847916,0.11796462617465336,0.1440731209904789,-0.12316875936372905,-0.07200704291332455,-0.015269635370245904
2020-05-31,0.058259666963659085,0.03601722726131697,0.04801534974064447,0.08199155191639691,-0.07161705227338316,-0.07608160458238035,0.06362137453851298,0.03805391479719019,0.051496218876768605,0.09995514560140974,-0.07200704291332455,-0.015269635370245904
2020-06-30,0.0419150753957681,0.03137635067186328,0.030218586364946818,0.03273974797323805,0.027050053361387917,-0.07608160458238035,0.04395708792995372,0.03401257755871936,0.0325086092081747,0.03327831553189227,0.02677382253286465,-0.015269635370245904
2020-07-31,0.013086791374504612,-0.004455324275415775,-0.005492402171730932,0.008696652925428261,0.017703879848443956,-0.07608160458238035,0.06340871763617899,0.01057743144163163,2.961740771516741e-05,0.01727467267844073,0.031514552887264555,-0.015269635370245904
2020-08-31,0.04463959088561349,0.031122067958064374,0.03231837473335608,0.04122564940446631,0.056487913867362065,0.056487913867362065,0.04315351188722175,0.03177882074889106,0.03341303824405215,0.035513612408096785,0.048979412400921324,0.048979412400921324
2020-09-30,0.02077644744668327,-0.00043054121469234875,-0.005629196806758186,0.018958887798171977,0.056487913867362065,,0.02038505329424472,-0.0007895576487187313,-0.004740066638181721,0.015411385358029899,0.048979412400921324,
2020-10-31,0.025364254225329196,-0.00020028313923033738,-1.592916933544847e-05,0.019435836496710785,0.056487913867362065,0.056487913867362065,0.03062995345561957,0.0022133787826678093,0.003733285404292987,0.031496734761315544,0.048979412400921324,0.048979412400921324
2020-11-30,0.08786145657551286,0.12111571926753438,0.14254570930368876,0.019435836496710785,0.056487913867362065,,0.08982480505681018,0.12496101315301245,0.1455525767172908,0.031496734761315544,0.048979412400921324,
2020-12-31,0.06368163527611934,0.06385032423781367,0.0630294087784597,0.019435836496710785,,,0.06618929200446604,0.0676948114702809,0.06596292222396309,0.031496734761315544,,
2021-01-31,0.008649000736245582,-0.014678773946018917,-0.008352297852163515,,,,0.011661005078383267,-0.012423025043830086,-0.0049284196033525995,,,
2021-02-28,0.013810876868492722,0.014078624838977523,0.016515706094065916,0.019435836496710785,0.056487913867362065,,0.007593256860693672,0.015796429425168762,0.019367627336159553,0.031496734761315544,0.048979412400921324,
2021-03-31,-0.01674190594912724,0.02515922904006178,0.04450558100132351,0.019435836496710785,0.056487913867362065,0.056487913867362065,-0.016796752112556934,0.02837916555434181,0.04720481621350707,0.031496734761315544,0.048979412400921324,0.048979412400921324
2021-04-30,0.053258431027233245,0.04929194620269113,0.06234671852660016,0.019435836496710785,0.056487913867362065,0.056487913867362065,0.05371973915778573,0.05258497449736207,0.0651215395198612,0.031496734761315544,0.048979412400921324,0.048979412400921324
2021-05-31,-0.021328728391823863,0.0029498176061785683,0.0006740948443285924,0.019435836496710785,0.056487913867362065,,-0.022818251065519348,0.004096625318405325,0.002259390520834012,0.031496734761315544,0.048979412400921324,
2021-06-30,0.00828126747609411,0.006523574524412929,0.02469036160125443,0.019435836496710785,0.056487913867362065,0.056487913867362065,0.014784044179126729,0.010658124161577322,0.027123363724059473,0.031496734761315544,0.048979412400921324,0.048979412400921324
2021-07-31,-0.03450117747545041,-0.012955867527322093,0.0015819561245476114,0.018557538147923214,0.056487913867362065,0.056487913867362065,-0.032737190805075846,-0.010395823194405216,0.004429050331285372,0.021104845280383186,0.048979412400921324,0.048979412400921324
2021-08-31,0.03483342985272784,0.027664802002494538,0.033689440394221344,0.05197202463527495,0.047553889030026886,,0.04117749119522509,0.030682625756571467,0.03507477938201055,0.0525749185259502,0.047553889030026886,
2021-09-30,-0.04164780181239493,-0.0207785337977058,-0.007158770701442494,-0.03143608866134137,0.047553889030026886,0.056487913867362065,-0.03913907628927324,-0.01795822785110026,-0.0049651039069440765,-0.03091884728203103,0.047553889030026886,0.048979412400921324
2021-10-31,0.01624885791970344,0.006460091199855504,0.010830029864039956,0.017682621789262307,0.010232126769406026,0.056487913867362065,0.01834674064006243,0.008147311608953187,0.013970315636916296,0.01971988485004805,0.012133132213536386,0.048979412400921324
2021-11-30,-0.014414323074008462,-0.01604096031421713,-0.012670629251977195,-0.013160459373155372,-0.018553784526827703,-0.008888162001250822,-0.013521043210810334,-0.014822049058407841,-0.013049141518505034,-0.011884345282872336,-0.0165687181641652,-0.005315042548458316
2021-12-31,0.011577759536134208,0.02351232600060671,0.030914072330233033,0.03231604844242165,0.03720209678289627,,0.01286026662642162,0.025576293233202888,0.032817417793370295,0.03415620847823385,0.04161848086884558,
2022-01-31,-0.1040331866053458,-0.057613969486164394,-0.04642442657973937,-0.113776982946126,0.03720209678289627,,-0.1117136813889177,-0.055128276122781074,-0.04141418346559257,-0.11297698294612599,0.04161848086884558,
2022-02-28,-0.05300405981747589,-0.034498611251183024,-0.029886518534721823,-0.0476281055911942,-0.0359637174802929,-0.008888162001250822,-0.053292159496684144,-0.03180931742102945,-0.02802449355430933,-0.04839198618533217,-0.035651489857637206,-0.005315042548458316
2022-03-31,0.034783786326304966,0.02044214545130418,0.02123877390124288,0.03005824271962962,0.024980519862659867,0.02447629574822536,0.03606421971568334,0.022706587932221894,0.021959708528814192,0.030756513392037603,0.025580112888120968,0.02529164793401126
2022-04-30,-0.034440084674810814,-0.023050127795541157,-0.024415075340699553,-0.05241646668070202,-0.05278843241071397,-0.05278843241071397,-0.02830340172478258,-0.01827202129971328,-0.019615650534967954,-0.048950418151571355,-0.04148517101137125,-0.04148517101137125
2022-05-31,-0.050372768689046575,-0.027295144882455085,-0.023686611312001858,-0.06437689199537999,-0.05278843241071397,-0.05278843241071397,-0.04636133096798837,-0.025494420704790754,-0.022750852341094738,-0.058711836469406684,-0.04148517101137125,-0.04148517101137125
2022-06-30,-0.07334471745896129,-0.05963447163148996,-0.06324732883779946,-0.07639103176075601,-0.07327004367046061,-0.07183752332829296,-0.07107214410108215,-0.05663508581106436,-0.05874913484754332,-0.07391541219057401,-0.07063933684140897,-0.06786841489750123
2022-07-31,0.07112236996355645,0.053216867116727955,0.065098063640632,0.09259932012266393,0.09365602261627713,0.09365602261627713,0.0689209722192479,0.05395350239591257,0.0644254253835686,0.08867694714528138,0.08875997541720959,0.08875997541720959
2022-08-31,0.005857517127869689,-0.008447845248504105,-0.002540512748102666,0.01101457917742886,0.020167329940573922,0.022977997287714463,0.008765892031070649,-0.004175996676614104,0.0013295871294534153,0.01502723010245112,0.026788042949185395,0.033377511358488446
2022-09-30,-0.06379331177573772,-0.06911363748185231,-0.0644984533229771,-0.0607580524641089,-0.0454752012804745,-0.0454752012804745,-0.0617562340019301,-0.06558972597085708,-0.06048154070035198,-0.05899459597995002,-0.04191576283919375,-0.04191576283919375
2022-10-31,-0.0003770237168683817,-0.0015089409012283138,0.004934583745212457,-0.000954003702219387,-0.018155677867889762,-0.018155677867889762,0.0008678801166340099,0.001911367850994449,0.008312071055548178,-0.0002728349425906787,-0.021715159146613375,-0.021715159146613375
2022-11-30,0.03640365457631798,0.07607484699635296,0.08311290548858813,0.041632492036475635,0.04250540113151802,0.03707632606223016,0.04387444910914213,0.07872567645290124,0.0890808638529324,0.05214491586389108,0.053893619799122494,0.04762434171985274
2022-12-31,-0.021729717768622668,-0.005938676314775842,-0.003949947452323464,-0.02513285989643185,-0.02853720421050352,-0.03132476898453772,-0.01923451064969646,-0.00466111771773358,-0.002395297861711058,-0.022891757084954306,-0.025586904149633615,-0.031510722455439996
2023-01-31,0.04283335242011734,0.04336093708460105,0.05341818198020478,0.04978772182046239,0.050707489615435364,0.04498339556556975,0.04488947518533581,0.04664466691682272,0.05599095232551807,0.05229485177685415,0.052104588880629694,0.04498339556556975
2023-02-28,-0.017403094110295045,-0.014497241889579768,-0.00567549769187123,-0.002822260320983809,-0.003495359348064749,0.004207554394757123,-0.019955613235846152,-0.013362393951061223,-0.004890915415247851,-0.006083514242221992,-0.0030108632240337403,0.0048535492267984676
2023-03-31,-0.046816846713022275,-0.03847976058692601,-0.042322496952617375,-0.05518476621904692,-0.05750222611111239,-0.06885587486685048,-0.045452560653317806,-0.036321756882203585,-0.040236800910952865,-0.05498266607441832,-0.05600393843987951,-0.06685815797187332
2023-04-30,-0.005566778223819234,0.0024524462232459205,0.00037343998383979407,-0.009074823346534623,-0.016606620887883373,-0.019714984267802615,-0.004620037816051846,0.00646948581810302,0.004296059587558047,-0.009037078130972877,-0.01423173712108268,-0.01854395191032958
2023-05-31,-0.007349604259097697,-0.02017066909738891,-0.01680932895952819,0.005109825539047252,0.007281769595000741,0.0021745953552881753,-0.0066806328974801125,-0.019840581885041928,-0.016406283566843774,0.007318811238390115,0.007281769595000741,0.0021745953552881753
2023-06-30,0.008809650404222063,-0.0029013433935877768,0.0008243904972714596,0.0174049674884224,0.030988661662515297,0.03344634068683107,0.009856365940007297,-0.0005217483526367265,0.0027427189175910542,0.019373609341749403,0.03365885364118543,0.03438825591446058
2023-07-31,0.037279994379383695,0.02961413559134277,0.03220073720781041,0.039385403455217086,0.0451171653159758,0.047090198185135206,0.04191014703549181,0.03482491660820715,0.037746469044435405,0.045594066883598586,0.04775750143395871,0.04924072672636142
2023-08-31,-0.030406506066902532,-0.033073361266816016,-0.03406111076144095,-0.03888807555654548,-0.03831368143450564,-0.029177476184910234,-0.02659718840894314,-0.029907630629571122,-0.0313242451861742,-0.03397139689435393,-0.03678407029991701,-0.02849801975005812
2023-09-30,-0.008305498237763213,-0.006194446698241158,-0.005856821139755587,-0.00886835881898185,-0.00752615602868149,0.0019042233005963777,-0.007851590504826016,-0.0038709286260887005,-0.003116495971895811,-0.008307649266530015,-0.0067318174960414,0.0029633413441165005
2023-10-31,-0.06296033039844152,-0.06687717354133307,-0.06676406870304114,-0.06200607415277008,-0.06609112278468043,-0.07022783266154102,-0.060952445562526,-0.06258800304125617,-0.06224146863263379,-0.05906117639342733,-0.06323463353507351,-0.06689944759967942
2023-11-30,0.07075532945030949,0.06735509229719638,0.06979406365908807,0.07453473755400536,0.07953611549994744,0.0817256952028592,0.07149501380150579,0.068798386473572,0.07088234709193292,0.07534839034032129,0.07991017886651772,0.0817256952028592
2023-12-31,0.05229946024692955,0.05828085524869556,0.06362628403411462,0.06099928983432825,0.0722919959382988,0.05326168400970258,0.05278470869413452,0.05987420659663089,0.0655126522998266,0.06163617842128477,0.0731411807209075,0.054960053574919975
2024-01-31,-0.0031057732921865207,-0.017452289161144652,-0.019554843805153134,-0.010875245114514744,-0.017193543846807758,0.0005865111577032511,-0.0020329051284092656,-0.014902183249208348,-0.01650101656815573,-0.009202845442115075,-0.014326572979836898,0.0018592384304305237
2024-02-29,0.01934265714001543,0.003960063229416952,0.0014330585702398493,-0.003251277354489386,-0.00609318059832506,0.0008159332216261389,0.018323897846249996,0.005634362494722894,0.003814046188995943,-0.0015799917851528431,-0.005137976382251278,0.0023442599673441887
2024-03-31,0.03741972997875159,0.0265803294754915,0.025652850096416074,0.042190815006081794,0.04284116838562043,0.021107371122018374,0.037528614297187075,0.02839291883960869,0.028363690509594686,0.04484177483450853,0.04635245150052908,0.023337210102932444
2024-04-30,-0.0006238317843186118,0.007666075701216423,0.010082892691623754,0.007679795471268414,0.005437847297770207,0.01734246313335458,0.0011371330220653953,0.01243720045564477,0.014772414016925422,0.008102807315600057,0.005981719669053743,0.01734246313335458
2024-05-31,0.00983049870900062,0.023366396253891808,0.02356927397155787,0.01069856748371761,0.006270481940113591,0.01734246313335458,0.012633059229232446,0.02606521418799039,0.025442559497415945,0.011680354620883227,0.0074159002668068175,0.01734246313335458
2024-06-30,0.009052467532420037,0.00048456335345315295,0.002891653779284503,0.008872800394461625,-0.005673447512186926,-0.00252187111080044,0.008151974372781744,0.002137538034101409,0.004118077211632823,0.005111064150055412,-0.004644640927824786,-0.0011991197880491175
2024-07-31,0.007199524980437532,0.02961523683421897,0.03109601428045235,0.013233595978643764,0.008392621282997509,0.043014260786187954,0.004454439342718818,0.03287567888635077,0.03525707005609642,0.015859663765912982,0.010197132561192998,0.043014260786187954
2024-08-31,-0.028061034636867602,-0.021368607807206553,-0.014391450362952321,0.013233595978643764,0.008392621282997509,,-0.025428779933270806,-0.01941152221793086,-0.012258463560681344,0.015859663765912982,0.010197132561192998,
2024-09-30,-0.0004694835967885614,0.004327424633132615,0.005685578535694211,0.0024811459921535344,0.0007991457897648518,0.043014260786187954,0.00040844505947462413,0.006566586142572195,0.008649925791111717,0.004753580695161305,0.003176098700108711,0.043014260786187954
2024-10-31,0.0021055941650159745,-0.015148789617981773,-0.011231990275242678,0.011050289208070468,0.0031231541987774376,0.043014260786187954,0.000447985703415582,-0.013332843850839726,-0.008931991698200593,0.009015016868771437,-0.0009206461863327398,0.043014260786187954
2024-11-30,0.054670768742502124,0.020998943367977776,0.024744742140592735,0.052534699955553286,0.04096091615250669,0.022197510396281872,0.05522541141312198,0.02278437082370793,0.02612749379624453,0.05026866417459454,0.04388826567399833,0.023714058383721877
2024-12-31,-0.023829719369119373,-0.0034895330976552064,-0.004287722197138579,-0.04497206205187472,-0.026576157727387396,0.022197510396281872,-0.02711573411792724,-0.0011666897788432517,-0.0016044299408843508,-0.05118668062907816,0.04388826567399833,0.023714058383721877
2025-01-31,0.04064673135355826,0.0338405938349428,0.04285902085252083,0.056426598350925436,0.043133651662111944,0.022197510396281872,0.048188614983833124,0.03898868094584843,0.047775486230824865,0.06292051555403268,0.049035200572631985,0.023714058383721877
2025-02-28,-0.04776408617770646,-0.021134349360842433,-0.0049823910466742435,-0.020209840679454968,0.043133651662111944,0.022197510396281872,-0.04679659360663993,-0.02108692005075545,-0.005743351693072199,-0.018881914470803573,0.049035200572631985,0.023714058383721877
2025-03-31,-0.05040732488554321,-0.040301020156502096,-0.0372435434008516,-0.040251115442659045,-0.04321106023618919,0.022197510396281872,-0.048936251922889584,-0.03780084278483861,-0.03504645499506317,-0.037308969517351805,-0.03732676838557471,0.023714058383721877
2025-04-30,0.004848820763903511,-0.0012586751722079119,0.0029319846109919783,0.003655185669520845,0.017831834056677803,0.022197510396281872,0.005446165896646873,0.001855391790811847,0.005855604825735515,0.00484987593500757,0.01982298449915568,0.023714058383721877
2025-05-31,0.05755167122354554,0.05101218648265241,0.04676430258440393,0.05044083614969412,0.017831834056677803,,0.06010458382790744,0.0526752324366651,0.04853688407894389,0.053580831308527116,0.01982298449915568,
2025-06-30,0.03711853437937412,0.027166315074675727,0.025168221595362278,0.03364388389438422,0.017831834056677803,0.022197510396281872,0.03994540274571616,0.03040092598662379,0.02837118528690429,0.03491077578627611,0.01982298449915568,0.023714058383721877
2025-07-31,0.03443314597479055,0.03447413446079266,0.04240556735833828,0.03182628798503082,0.017831834056677803,0.022197510396281872,0.037579834696678735,0.03909087550880032,0.047670642745198555,0.0360798637709834,0.01982298449915568,0.023714058383721877
2025-08-31,0.010781729095901636,0.0023499711688581156,0.0032629655899465006,0.011574448980682512,0.01939032109509014,0.022197510396281872,0.014825792008469377,0.004474230705339566,0.005655971770101352,0.018160237542207643,0.027293267368920293,0.023714058383721877
2025-09-30,0.04415833971648151,0.030953904244425796,0.026572168446454297,0.05145391414818848,0.02517070677369824,0.02517070677369824,0.04598420766077051,0.03273484667567388,0.028262590410942364,0.05462500292782989,0.02517070677369824,0.02517070677369824
2025-10-31,0.01872628691020979,0.026671381366835924,0.04030554964687484,0.03686139829768072,0.02517070677369824,0.02517070677369824,0.02306375551352014,0.030955909280546624,0.04238911545720624,0.037714657307020116,0.02517070677369824,0.02517070677369824
2025-11-30,0.006380053895626791,0.010477617053323219,0.011763493680711326,0.00010529349908140404,-0.01761864475935029,0.02517070677369824,0.007382012370832238,0.013233964211649869,0.013010010357136774,0.001091571372151729,-0.015646089013209637,0.02517070677369824
2025-12-31,0.027577334795151478,0.007962167524901385,0.018701321502918693,0.018258880706001852,-0.01761864475935029,0.02517070677369824,0.02886471843547629,0.01037626385909747,0.020756337148355026,0.020378819590646618,-0.015646089013209637,0.02517070677369824
2026-01-31,0.046304983801118776,0.03479543159364866,0.02662883057616552,0.018258880706001852,-0.01761864475935029,0.02517070677369824,0.04923094699475153,0.03791731746936272,0.028087163909498853,0.020378819590646618,-0.015646089013209637,0.02517070677369824
2026-02-28,0.051349746528554646,0.03736987132994973,0.044256071624063996,0.014007904681164576,-0.01761864475935029,0.02517070677369824,0.05353357303515495,0.03470193961467292,0.03286331239881422,0.014007904681164576,-0.015646089013209637,0.02517070677369824
2026-03-31,-0.08999735114490648,-0.09089959659687513,-0.0760399727172151,-0.10339104059702103,-0.01761864475935029,0.02517070677369824,-0.08799270009693734,-0.09027945059602699,-0.08105208090104435,-0.10141848485088037,-0.015646089013209637,0.02517070677369824
2026-04-30,0.08109204340399932,0.07005323603628526,0.05599234835715923,0.06758531997060885,0.07013533068170005,0.02517070677369824,0.08635819899559141,0.07594127103481241,0.05751100810867866,0.07135730638956478,0.06540494697160973,0.02517070677369824
2026-05-31,0.04857453575010612,0.049575464100973944,0.04524217357501949,0.06301846066118402,0.06301846066118402,0.02517070677369824,0.04908104317275229,0.05408889952153728,0.04937648968581931,0.06498763874337579,0.06498763874337579,0.02517070677369824
2026-06-30,-0.011538586596490652,0.003055088230597573,0.014726051198879394,0.06301846066118402,0.06301846066118402,,-0.013169842488192422,0.0065149886734654884,0.018661385155529966,0.06498763874337579,0.06498763874337579,
2026-07-31,-0.021749209684330445,-0.006648152079497874,0.010291588900268543,0.06301846066118402,0.06301846066118402,,-0.01950790433615949,-0.0023839995332286847,0.00870012562081645,0.06498763874337579,0.06498763874337579,
2026-08-31,,,,0.06301846066118402,0.06301846066118402,,,,,0.06498763874337579,0.06498763874337579,
