strategy,holding_month,nav_return,discount_return,coverage_weight
A_absolute_discount_decile,2007-02,0.008937259785157192,-0.004826822949672533,1.0
A_absolute_discount_decile,2007-03,0.018342721123720714,0.01305279279132168,0.9444444444444444
A_absolute_discount_decile,2007-04,0.022064792697132463,0.5171209584440977,0.8888888888888888
A_absolute_discount_decile,2007-05,0.026477088426817307,-0.01634866568281224,1.0
A_absolute_discount_decile,2007-06,-0.01875957301766227,0.017377701998699036,1.0
A_absolute_discount_decile,2007-07,-0.02315247629169933,0.01169531569364363,0.8947368421052632
A_absolute_discount_decile,2007-08,-0.046030804414373,-0.011945395857058904,1.0
A_absolute_discount_decile,2007-09,-0.01642102843381308,0.0025089257842093966,1.0
A_absolute_discount_decile,2007-10,0.045674184874518554,-0.025317739437355942,0.7894736842105264
A_absolute_discount_decile,2007-11,-0.08557404111704321,-0.025717628201057136,1.0
A_absolute_discount_decile,2007-12,-0.010224983416666307,0.052093562154284415,1.0
A_absolute_discount_decile,2008-01,-0.07750693849801875,0.04022697480363874,0.8947368421052632
A_absolute_discount_decile,2008-02,0.03333152347366543,0.029909769389000283,1.0
A_absolute_discount_decile,2008-03,-0.04471116159987666,-0.027504638329801764,1.0
A_absolute_discount_decile,2008-04,0.02066052471324719,0.03401047269677081,1.0
A_absolute_discount_decile,2008-05,-0.052126317405479655,5.405466517075538,1.0
A_absolute_discount_decile,2008-06,-0.07787655648174333,0.012397352357705753,1.0
A_absolute_discount_decile,2008-07,-0.03180598127715633,0.008016822671969154,0.8947368421052632
A_absolute_discount_decile,2008-08,0.02423390175096296,-0.010870034777243175,1.0
A_absolute_discount_decile,2008-09,-0.11610222292159118,-0.005170144143514544,1.0
A_absolute_discount_decile,2008-10,-0.1606248746615065,-0.013946993276624573,0.9473684210526316
A_absolute_discount_decile,2008-11,-0.041507283904635775,-0.01086779007913145,0.9473684210526316
A_absolute_discount_decile,2008-12,-0.002885191971391865,0.0027045634919776324,1.0
A_absolute_discount_decile,2009-01,-0.03431888374774431,0.12245229274228012,0.8421052631578947
A_absolute_discount_decile,2009-02,-0.031270317251785605,0.013330779141669667,0.9473684210526316
A_absolute_discount_decile,2009-03,0.0030237300970106804,0.0370483615251956,1.0
A_absolute_discount_decile,2009-04,0.0817223953484472,0.10811883619482125,0.8947368421052632
A_absolute_discount_decile,2009-05,0.005045479731858543,0.039472635493208785,0.8947368421052632
A_absolute_discount_decile,2009-06,-0.008839371597076307,4.702039663849037,0.9473684210526316
A_absolute_discount_decile,2009-07,0.03798202646895309,-0.024054930976546915,0.8947368421052632
A_absolute_discount_decile,2009-08,0.09142528518752448,0.041272141202036275,0.9473684210526316
A_absolute_discount_decile,2009-09,0.07835992682966735,0.026016437005200805,0.8947368421052632
A_absolute_discount_decile,2009-10,-0.03540922741869248,0.03048871908346519,0.8421052631578947
A_absolute_discount_decile,2009-11,-0.009248335639250036,0.008246690872180077,1.0
A_absolute_discount_decile,2009-12,0.02665142439366625,0.024991789316671495,1.0
A_absolute_discount_decile,2010-01,-0.004942768529020031,0.02185311340010255,1.0
A_absolute_discount_decile,2010-02,0.008620449045416641,-0.0041211421321889615,0.9444444444444444
A_absolute_discount_decile,2010-03,0.05574901883276717,0.012150287192162471,1.0
A_absolute_discount_decile,2010-04,0.0035798706831168467,0.030791288965530912,0.8888888888888888
A_absolute_discount_decile,2010-05,-0.07089304204325736,-0.006259946445402262,1.0
A_absolute_discount_decile,2010-06,-0.013766208336504266,0.024809539168606728,1.0
A_absolute_discount_decile,2010-07,0.02696098709458515,0.00030270432135341,0.8888888888888888
A_absolute_discount_decile,2010-08,-0.009613579058145964,0.010640234350473387,1.0
A_absolute_discount_decile,2010-09,0.06728813505047355,0.004551063112292475,1.0
A_absolute_discount_decile,2010-10,0.025646218395603645,0.07452666060490024,0.8888888888888888
A_absolute_discount_decile,2010-11,-0.01737568192453322,0.001083306197135885,1.0
A_absolute_discount_decile,2010-12,0.06807777632433928,0.018821473512722616,1.0
A_absolute_discount_decile,2011-01,-0.0017185604087621223,0.03176254588198382,0.8888888888888888
A_absolute_discount_decile,2011-02,0.009207535494250123,-0.015159947442266297,0.9444444444444444
A_absolute_discount_decile,2011-03,0.01451609000845851,-0.015080866441219245,1.0
A_absolute_discount_decile,2011-04,0.005398155706305719,0.013526542313861451,0.9444444444444444
A_absolute_discount_decile,2011-05,-0.0013685242414805223,0.024253624781676638,1.0
A_absolute_discount_decile,2011-06,-0.007565313210730894,0.004462624136314682,1.0
A_absolute_discount_decile,2011-07,-0.04422860468378135,0.017015744924163318,0.9444444444444444
A_absolute_discount_decile,2011-08,-0.06681710673715636,-0.03069330013572984,1.0
A_absolute_discount_decile,2011-09,-0.06885942993509961,0.006249029265911259,1.0
A_absolute_discount_decile,2011-10,0.014230631725273848,0.007130016274746487,0.9444444444444444
A_absolute_discount_decile,2011-11,-0.02770789333091101,-0.02209254719508563,0.9444444444444444
A_absolute_discount_decile,2011-12,-0.005840735781311785,-0.0014887424989480551,1.0
A_absolute_discount_decile,2012-01,0.04157506302457091,0.010874763413181956,0.8888888888888888
A_absolute_discount_decile,2012-02,0.038350038869197293,0.03054420175216109,1.0
A_absolute_discount_decile,2012-03,0.01233471137684286,0.01489964127556689,1.0
A_absolute_discount_decile,2012-04,-0.014072644604684622,-1.8327160306110674e-05,0.7777777777777779
A_absolute_discount_decile,2012-05,-0.08518781349440824,0.02844282888931783,0.4444444444444444
A_absolute_discount_decile,2012-06,0.04178833660220867,0.04198116639281675,0.75
A_absolute_discount_decile,2012-07,0.009200548854060029,-0.008490929965059402,0.9444444444444444
A_absolute_discount_decile,2012-08,0.023617576337742984,-0.002926032503286106,0.9444444444444444
A_absolute_discount_decile,2012-09,0.019546369946099887,0.016001741585484997,1.0
A_absolute_discount_decile,2012-10,0.007966284616074099,0.026759946551586665,0.9411764705882353
A_absolute_discount_decile,2012-11,-0.0011033510220751163,-0.0013578239490001913,1.0
A_absolute_discount_decile,2012-12,0.021802026934663037,0.014327029089128895,0.9444444444444444
A_absolute_discount_decile,2013-01,0.058160493614578056,0.03785670229074917,0.9444444444444444
A_absolute_discount_decile,2013-02,0.03491851975448487,0.01075154498102662,1.0
A_absolute_discount_decile,2013-03,0.018676612091491355,0.0026919818733085743,1.0
A_absolute_discount_decile,2013-04,-0.01316051275194486,0.013659712675086151,0.8888888888888888
A_absolute_discount_decile,2013-05,0.03709335360304434,0.007940226440244169,1.0
A_absolute_discount_decile,2013-06,-0.026305012975018614,0.0032339833596286096,1.0
A_absolute_discount_decile,2013-07,0.04628019577002605,0.012815781087787227,0.9444444444444444
A_absolute_discount_decile,2013-08,-0.011736278891706104,0.017480100174191344,1.0
A_absolute_discount_decile,2013-09,0.019711916843030593,0.024449906194953464,0.8888888888888888
A_absolute_discount_decile,2013-10,0.03976193510025843,0.008208764858314047,0.8823529411764707
A_absolute_discount_decile,2013-11,0.0033532340969372634,0.007757747084400005,1.0
A_absolute_discount_decile,2013-12,0.0049578215440598955,0.018081211563912816,0.8823529411764707
A_absolute_discount_decile,2014-01,-0.005243626785446195,0.021173823278935168,0.9411764705882353
A_absolute_discount_decile,2014-02,0.025582957636635515,0.01459393182097071,1.0
A_absolute_discount_decile,2014-03,0.0008690792582182326,-0.02157927279499293,1.0
A_absolute_discount_decile,2014-04,-0.0055537448589884075,0.017233541648825776,0.9444444444444444
A_absolute_discount_decile,2014-05,0.008085615604485253,0.021705601728207055,0.9444444444444444
A_absolute_discount_decile,2014-06,-0.0057167259995201565,0.014244253544350039,0.9444444444444444
A_absolute_discount_decile,2014-07,-0.009980312787249182,-0.013959786210455166,0.9444444444444444
A_absolute_discount_decile,2014-08,0.022547341177592082,-0.00708640964361747,1.0
A_absolute_discount_decile,2014-09,-0.027315151106903024,0.014315052576393516,1.0
A_absolute_discount_decile,2014-10,-0.014028430255649716,-0.004163529196747463,1.0
A_absolute_discount_decile,2014-11,-0.005153733880614321,0.020227060496411788,1.0
A_absolute_discount_decile,2014-12,-0.024843320389630604,-0.013122356319258354,0.9444444444444444
A_absolute_discount_decile,2015-01,-0.002840784096285601,-0.020864244443694488,0.8333333333333335
A_absolute_discount_decile,2015-02,0.02383138451132937,-0.009929496819409448,1.0
A_absolute_discount_decile,2015-03,-0.007036705620951175,0.01257148620869529,1.0
A_absolute_discount_decile,2015-04,0.020373202117675498,-0.008050839061212314,0.9444444444444444
A_absolute_discount_decile,2015-05,0.01316706825316139,0.013117888746366064,1.0
A_absolute_discount_decile,2015-06,-0.036588543435361935,0.003957579754780227,1.0
A_absolute_discount_decile,2015-07,-0.03565094823102436,-0.005138124870124946,0.9444444444444444
A_absolute_discount_decile,2015-08,-0.041533064395741455,-0.018726487493202965,1.0
A_absolute_discount_decile,2015-09,-0.026996692224108956,0.0035100583532644844,0.9444444444444444
A_absolute_discount_decile,2015-10,0.02796493602952538,0.00302356570039683,0.8333333333333335
A_absolute_discount_decile,2015-11,0.008547716970653603,-0.007469920465490326,0.9444444444444444
A_absolute_discount_decile,2015-12,-0.0035385861084290295,0.0009734482418220866,1.0
A_absolute_discount_decile,2016-01,-0.048578218647721084,-0.016493962582583933,0.9444444444444444
A_absolute_discount_decile,2016-02,0.006753090965690204,0.017842640375111816,1.0
A_absolute_discount_decile,2016-03,0.047448554491607245,-0.015994865004428902,1.0
A_absolute_discount_decile,2016-04,0.011121915640114484,0.03697115483570074,0.9444444444444444
A_absolute_discount_decile,2016-05,-0.00046195034393807077,-0.0031038706482701987,1.0
A_absolute_discount_decile,2016-06,0.021533266481498687,-0.02889107015732276,1.0
A_absolute_discount_decile,2016-07,0.04514310980698174,0.04000744356474326,0.8888888888888888
A_absolute_discount_decile,2016-08,0.013548946172641105,0.04122034703942587,1.0
A_absolute_discount_decile,2016-09,0.021316706910044426,-0.009174956684356014,1.0
A_absolute_discount_decile,2016-10,-0.008006526655802218,0.019172142114370128,0.8888888888888888
A_absolute_discount_decile,2016-11,-0.009475570735458022,0.012192349903248963,1.0
A_absolute_discount_decile,2016-12,0.0374959687974891,0.01508319131759729,1.0
A_absolute_discount_decile,2017-01,0.01668246421894708,0.013880027439474923,0.9444444444444444
A_absolute_discount_decile,2017-02,0.021042360031307633,0.017358427063805002,1.0
A_absolute_discount_decile,2017-03,0.009925276744692296,-0.009992954990736267,1.0
A_absolute_discount_decile,2017-04,0.022577829393294033,0.014223736463393359,0.9473684210526316
A_absolute_discount_decile,2017-05,0.0261401826057821,0.016591887556184105,1.0
A_absolute_discount_decile,2017-06,-0.02602047742181909,0.016816866027437136,1.0
A_absolute_discount_decile,2017-07,0.020734538089265533,0.0038816744335430312,1.0
A_absolute_discount_decile,2017-08,0.013969247995010307,0.005879373405044688,0.9444444444444444
A_absolute_discount_decile,2017-09,-0.003196499227565319,0.008407316220670128,1.0
A_absolute_discount_decile,2017-10,0.11801203947824483,-0.0345883215199077,1.0
A_absolute_discount_decile,2017-11,-0.011330171609316519,0.020412079454466717,0.9444444444444444
A_absolute_discount_decile,2017-12,0.02586597339696319,0.003277161511255973,1.0
A_absolute_discount_decile,2018-01,0.0005910843709719772,0.01065943953923127,0.9473684210526316
A_absolute_discount_decile,2018-02,-0.01582808327858304,-0.006109148914300299,1.0
A_absolute_discount_decile,2018-03,-0.01990851017774855,0.002469189659783335,1.0
A_absolute_discount_decile,2018-04,0.022730849380363183,0.0017771352342946614,0.9473684210526316
A_absolute_discount_decile,2018-05,0.019206626247868265,0.009439662113199349,1.0
A_absolute_discount_decile,2018-06,-0.009186168016186384,0.016064243028827994,1.0
A_absolute_discount_decile,2018-07,-0.03170537763754562,0.005554039352859079,0.9473684210526316
A_absolute_discount_decile,2018-08,-0.016546150054265817,0.010463111711311195,1.0
A_absolute_discount_decile,2018-09,-0.001749698144180003,0.002379595063716348,0.9444444444444444
A_absolute_discount_decile,2018-10,-0.035321039433163594,0.01168611045681991,1.0
A_absolute_discount_decile,2018-11,0.00999361474068841,-0.05270012846038326,0.9444444444444444
A_absolute_discount_decile,2018-12,-0.047996832611245224,28.081877599388875,1.0
A_absolute_discount_decile,2019-01,0.038431906884295146,0.021924124294409077,1.0
A_absolute_discount_decile,2019-08,-0.0749626187502228,-0.018542631874537096,1.0
A_absolute_discount_decile,2019-09,-0.0009719218971283282,0.03704041655887698,1.0
A_absolute_discount_decile,2019-10,-0.01586133192533839,0.014279913819171226,1.0
A_absolute_discount_decile,2019-11,0.01450673301048143,-0.002509829239849751,1.0
A_absolute_discount_decile,2019-12,0.027197988109045945,0.03239435723108864,1.0
A_absolute_discount_decile,2020-01,-0.01563716388254901,0.014956714226695497,1.0
A_absolute_discount_decile,2020-02,-0.06773276765427816,-0.044144709976340235,1.0
A_absolute_discount_decile,2020-03,-0.20176321155000482,-0.0033881498363148017,1.0
A_absolute_discount_decile,2020-04,0.09145998478909989,-0.018077370845157925,0.1111111111111111
A_absolute_discount_decile,2020-05,0.03277153558052426,-0.03173164097914771,1.0
A_absolute_discount_decile,2020-06,0.032068065506282106,0.023663940696771857,0.9473684210526316
A_absolute_discount_decile,2020-07,0.0031610758440152216,0.0233361717676187,1.0
A_absolute_discount_decile,2020-08,0.017496345623523604,0.001047233766815439,1.0
A_absolute_discount_decile,2020-09,-0.01895144090015072,0.015943856545993368,1.0
A_absolute_discount_decile,2020-10,-0.003011518793454182,0.012527983415905317,0.8888888888888888
A_absolute_discount_decile,2020-11,0.09799486031544685,0.043491409819467676,1.0
A_absolute_discount_decile,2020-12,0.05213138571102557,0.01706581640250907,1.0
A_absolute_discount_decile,2021-01,-0.002673468750854599,0.03326390307949725,0.8888888888888888
A_absolute_discount_decile,2021-02,0.027503139074927414,0.015374276559915967,1.0
A_absolute_discount_decile,2021-03,0.02691971858244627,-0.002323250080350053,1.0
A_absolute_discount_decile,2021-04,0.045736116086716086,0.010824832770558106,1.0
A_absolute_discount_decile,2021-05,-0.050917079345975835,0.48900084629836116,1.0
A_absolute_discount_decile,2021-06,0.028564823448751955,0.00756574630565421,1.0
A_absolute_discount_decile,2021-07,-0.008749600934972172,0.012760795052413107,0.8888888888888888
A_absolute_discount_decile,2021-08,0.03632353582784781,-0.011640639884136519,1.0
A_absolute_discount_decile,2021-09,-0.01269334479629022,0.026674092480274806,1.0
A_absolute_discount_decile,2021-10,0.010355688327274586,-0.0019067282219249213,0.9444444444444444
A_absolute_discount_decile,2021-11,-0.019508721621770614,0.009293483628798485,1.0
A_absolute_discount_decile,2021-12,-0.037310065660549625,0.3958896445232138,1.0
A_absolute_discount_decile,2022-01,-0.06759669281473255,0.03350420923887194,1.0
A_absolute_discount_decile,2022-02,-0.08383394854547348,0.22351429391862018,0.9444444444444444
A_absolute_discount_decile,2022-03,0.02540263689837239,-0.0019427802988708253,1.0
A_absolute_discount_decile,2022-04,-0.03357466254098709,0.05583114855538972,0.8888888888888888
A_absolute_discount_decile,2022-05,-0.023735626276674106,-0.0034710361242172986,1.0
A_absolute_discount_decile,2022-06,-0.06641583800904759,0.01154614236351535,1.0
A_absolute_discount_decile,2022-07,0.0476922418963074,-0.010110497453120152,0.9444444444444444
A_absolute_discount_decile,2022-08,-0.00437311513622751,0.03342308910297928,1.0
A_absolute_discount_decile,2022-09,-0.05422484022972507,-0.004320881434546341,1.0
A_absolute_discount_decile,2022-10,0.013085124216304304,0.010137071200943537,0.8888888888888888
A_absolute_discount_decile,2022-11,0.02570618888023722,0.03071099384484606,1.0
A_absolute_discount_decile,2022-12,-0.029470659834116418,0.018471336218891653,0.823529411764706
A_absolute_discount_decile,2023-01,0.03208223434384399,-0.02203094405740267,1.0
A_absolute_discount_decile,2023-02,-0.013522676991733325,0.03872063370628916,1.0
A_absolute_discount_decile,2023-03,-0.014286728254559188,-0.0245180046606614,1.0
A_absolute_discount_decile,2023-04,-0.00939348815922048,0.04439704296128936,1.0
A_absolute_discount_decile,2023-05,-0.0014853720117240189,0.0020868456185476614,1.0
A_absolute_discount_decile,2023-06,0.011653777321906722,-0.01140376741206641,1.0
A_absolute_discount_decile,2023-07,0.026774391725381298,0.01441391998811716,1.0
A_absolute_discount_decile,2023-08,-0.016291954298179413,0.0008487423524745569,1.0
A_absolute_discount_decile,2023-09,-0.010826412980382918,0.013414929329433532,0.875
A_absolute_discount_decile,2023-10,-0.025819368213663332,-0.0049809285797142305,1.0
A_absolute_discount_decile,2023-11,0.013126147192470648,0.03217195389833579,1.0
A_absolute_discount_decile,2023-12,0.012071827372868604,-0.0026935173044203564,0.0625
A_absolute_discount_decile,2024-01,0.0830100202471108,-0.012241205826497292,1.0
A_absolute_discount_decile,2024-02,-0.0024341470537210252,-0.023580051649095275,1.0
A_absolute_discount_decile,2024-03,0.0263122933349145,-0.023741418543819913,1.0
A_absolute_discount_decile,2024-04,0.0011360962236013651,0.02038614505889651,0.9375
A_absolute_discount_decile,2024-05,0.007086158946913994,0.02034997759659153,0.9333333333333333
A_absolute_discount_decile,2024-06,-0.0013336938806750875,0.00829086305289261,1.0
A_absolute_discount_decile,2024-07,-0.030635499239496964,0.04446396848890099,1.0
A_absolute_discount_decile,2024-08,-0.007602329927956398,0.014444522369052703,1.0
A_absolute_discount_decile,2024-09,-0.006974293724743172,0.0005295137325579185,1.0
A_absolute_discount_decile,2024-10,0.009414080777974326,-0.004653212288498068,1.0
A_absolute_discount_decile,2024-11,0.013779638954865142,0.0164201975029523,1.0
A_absolute_discount_decile,2024-12,-0.003876819255248335,0.0396524018866851,1.0
A_absolute_discount_decile,2025-01,0.013145276601270874,0.012622365479969885,1.0
A_absolute_discount_decile,2025-02,-0.03540046806538979,0.03453929387221058,0.8666666666666667
A_absolute_discount_decile,2025-03,0.009805278478661713,-0.004718347485223398,1.0
A_absolute_discount_decile,2025-04,0.0024041094812616215,-0.004862494138865232,1.0
A_absolute_discount_decile,2025-05,0.0331039500436157,0.02506460557234711,1.0
A_absolute_discount_decile,2025-06,0.028716143235845062,0.02341776776295997,1.0
A_absolute_discount_decile,2025-07,-0.06041158102969089,0.03704833106937186,1.0
A_absolute_discount_decile,2025-08,0.017040369529790104,-0.002089007695719538,1.0
A_absolute_discount_decile,2025-09,0.045959332355837546,0.008928424372976848,1.0
A_absolute_discount_decile,2025-10,0.017843753582943062,-0.014337550835588592,0.7857142857142858
A_absolute_discount_decile,2025-11,-0.017863366879020157,0.032524915157648,0.9285714285714286
A_absolute_discount_decile,2025-12,0.03739687548856883,-0.01671875324324912,1.0
A_absolute_discount_decile,2026-01,0.07270516318232399,-0.015517334796012026,0.923076923076923
A_absolute_discount_decile,2026-02,0.041065378715436154,-0.00766341205918449,1.0
A_absolute_discount_decile,2026-03,-0.06583264172345481,0.021479185827221383,0.923076923076923
A_absolute_discount_decile,2026-04,0.025679293909984496,0.034998794750279366,0.8461538461538461
A_absolute_discount_decile,2026-05,0.004097165224232831,0.05655603069823767,0.923076923076923
A_absolute_discount_decile,2026-06,-0.03058929954158332,0.010127056722849831,1.0
A_absolute_discount_decile,2026-07,-0.08344634716223194,0.005978957045860349,0.923076923076923
E_discount_overshoot,2009-01,-0.04261081037015478,0.06479559371908256,1.0
E_discount_overshoot,2009-02,-0.08270110016646257,0.024209693995498195,1.0
E_discount_overshoot,2009-03,0.026380121472510964,0.07456133429257866,1.0
E_discount_overshoot,2009-04,0.11120795825293327,0.0735479852752026,1.0
E_discount_overshoot,2009-05,0.039137590737278474,-0.015784237121945297,1.0
E_discount_overshoot,2009-06,-0.0033387397863408174,4.7012122452056415,1.0
E_discount_overshoot,2009-07,0.05960128855356944,-0.007484273535366298,1.0
E_discount_overshoot,2009-08,0.08302768543160982,0.03228606414568985,1.0
E_discount_overshoot,2009-09,0.06025232804748241,0.048599820026857435,0.9444444444444444
E_discount_overshoot,2009-10,-0.022058966551033843,0.03626110221452041,1.0
E_discount_overshoot,2009-11,0.0004228528655968195,0.010122556052827882,1.0
E_discount_overshoot,2009-12,0.03480953444680385,0.029167615816221716,1.0
E_discount_overshoot,2010-01,-0.010769591065945426,0.03505976766330943,1.0
E_discount_overshoot,2010-02,0.021072674791728443,0.003293183326774547,1.0
E_discount_overshoot,2010-03,0.0633097011573787,0.018034971578538127,1.0
E_discount_overshoot,2010-04,0.0035531262717050276,0.01384822001503332,1.0
E_discount_overshoot,2010-05,-0.04284859411289366,-0.00024030713506126018,1.0
E_discount_overshoot,2010-06,-0.023304493811052786,0.02658306878380528,1.0
E_discount_overshoot,2010-07,0.018130884811265447,0.0215567889350563,1.0
E_discount_overshoot,2010-08,-0.01259767887986802,0.003300617403655115,1.0
E_discount_overshoot,2010-09,0.06952529509496044,5.818637500622486e-06,1.0
E_discount_overshoot,2010-10,0.02729257937588338,0.06263424276366526,1.0
E_discount_overshoot,2010-11,-0.018300079543481316,0.027603919309446327,1.0
E_discount_overshoot,2010-12,0.06468094424326254,0.026140080309095513,1.0
E_discount_overshoot,2011-01,0.0009766324092600413,0.03560596303736132,1.0
E_discount_overshoot,2011-02,0.0041843750260521975,-0.011185188040149039,1.0
E_discount_overshoot,2011-03,0.020338422378461018,-0.0007790648013295317,1.0
E_discount_overshoot,2011-04,0.006096056944884484,0.01059578945896229,1.0
E_discount_overshoot,2011-05,-0.0069686655273021435,0.03496357091366188,1.0
E_discount_overshoot,2011-06,-0.001454932686554701,0.00031203605491165326,1.0
E_discount_overshoot,2011-07,-0.041611693084143385,0.029171141503873208,1.0
E_discount_overshoot,2011-08,-0.07892355953562927,0.006976085865634795,1.0
E_discount_overshoot,2011-09,-0.06841906488875202,0.004685291693357595,1.0
E_discount_overshoot,2011-10,0.03728374969993417,0.012071516441469043,1.0
E_discount_overshoot,2011-11,-0.029143535899157955,-0.009132663750654827,1.0
E_discount_overshoot,2011-12,-0.002676136072156248,0.02466702689859283,1.0
E_discount_overshoot,2012-01,0.04977341290550379,0.012744985421896374,1.0
E_discount_overshoot,2012-02,0.0454834500407727,0.03668606208740477,1.0
E_discount_overshoot,2012-03,0.010415032354070793,0.01394768278922733,1.0
E_discount_overshoot,2012-04,-0.019592482886495354,0.008891628604373163,1.0
E_discount_overshoot,2012-05,-0.09033121329202398,0.01955782794337593,0.3125
E_discount_overshoot,2012-06,0.030446748257005385,0.010369319140955763,1.0
E_discount_overshoot,2012-07,0.015921490899207864,0.010165874311974715,1.0
E_discount_overshoot,2012-08,0.013623463754259317,0.011061397179897521,1.0
E_discount_overshoot,2012-09,0.02190252262062034,0.01784092628449163,1.0
E_discount_overshoot,2012-10,-0.0018018031450143593,0.02672244702303652,1.0
E_discount_overshoot,2012-11,0.00909248440350436,-0.006648317413672798,1.0
E_discount_overshoot,2012-12,0.01174108962607024,0.026989670087242207,1.0
E_discount_overshoot,2013-01,0.05604997897607518,0.040073032829466906,1.0
E_discount_overshoot,2013-02,0.027228449283588214,0.007290673603700041,1.0
E_discount_overshoot,2013-03,0.003970675661196153,0.008875820181091641,1.0
E_discount_overshoot,2013-04,-0.005020258731769337,0.020093700060228252,1.0
E_discount_overshoot,2013-05,0.022670964894460865,-0.0021663715766230916,1.0
E_discount_overshoot,2013-06,-0.05198756276049125,0.008838274667398668,1.0
E_discount_overshoot,2013-07,0.035604800242828784,0.01127109573890917,1.0
E_discount_overshoot,2013-08,-0.036567976692081845,0.008138502176548042,1.0
E_discount_overshoot,2013-09,0.019625715084034434,0.01985683906195851,0.9411764705882353
E_discount_overshoot,2013-10,0.04627689110476513,0.015697750303858775,1.0
E_discount_overshoot,2013-11,-0.0782851036450434,0.024318689654015745,1.0
E_discount_overshoot,2013-12,-0.0015353168009757,0.003961750075003591,1.0
E_discount_overshoot,2014-01,-0.03583016375754661,0.0166108256150264,1.0
E_discount_overshoot,2014-02,0.019089086284766122,0.019141950427704908,1.0
E_discount_overshoot,2014-03,0.02610530704373617,0.002094060269277923,1.0
E_discount_overshoot,2014-04,-0.004114664443176257,0.027541112078279216,1.0
E_discount_overshoot,2014-05,0.015379846089187625,0.017042435806982777,1.0
E_discount_overshoot,2014-06,0.011283197403417065,0.01299625952140425,0.9411764705882353
E_discount_overshoot,2014-07,-0.0038423329003075546,0.013862013415931289,1.0
E_discount_overshoot,2014-08,0.04149574605878395,-0.0012931679695661012,1.0
E_discount_overshoot,2014-09,-0.042745067871351634,0.015023540078664013,1.0
E_discount_overshoot,2014-10,0.014850177828231642,0.007678033738106722,1.0
E_discount_overshoot,2014-11,0.01859963010622085,0.010030029851633725,1.0
E_discount_overshoot,2014-12,-0.021220292482916764,0.015469695061907054,0.9411764705882353
E_discount_overshoot,2015-01,-0.010776577261907767,0.0167946158226061,1.0
E_discount_overshoot,2015-02,0.016416802907854605,0.013839364187220426,1.0
E_discount_overshoot,2015-03,-0.002351720096638258,0.004624008363708681,1.0
E_discount_overshoot,2015-04,0.010325661972879435,0.017346122804772802,1.0
E_discount_overshoot,2015-05,0.017423958534912513,0.020924095200623084,1.0
E_discount_overshoot,2015-06,-0.05739712531413459,0.012847901002501405,1.0
E_discount_overshoot,2015-07,-0.02095666450739851,0.02111672904681982,1.0
E_discount_overshoot,2015-08,-0.058734603166831205,-0.012653107456345063,1.0
E_discount_overshoot,2015-09,-0.03327644934379585,0.01750281242863167,0.9411764705882353
E_discount_overshoot,2015-10,0.037702522089868906,0.021650133374075363,1.0
E_discount_overshoot,2015-11,0.0010808082723836399,0.009173473793407638,1.0
E_discount_overshoot,2015-12,0.0028111512182549983,0.009700817287004742,1.0
E_discount_overshoot,2016-01,-0.03562733883785421,-0.004838622217690511,1.0
E_discount_overshoot,2016-02,0.03405953050571568,0.029835083118712257,1.0
E_discount_overshoot,2016-03,0.046971583779979495,0.006417627893034036,1.0
E_discount_overshoot,2016-04,-0.004503528645918194,0.04529142654703095,1.0
E_discount_overshoot,2016-05,-0.0015626175331469295,0.0022372967837828487,1.0
E_discount_overshoot,2016-06,0.04762318023944175,-0.006246238308852983,1.0
E_discount_overshoot,2016-07,0.05341407487274915,0.05155146351731841,0.9411764705882353
E_discount_overshoot,2016-08,0.02444685686795104,0.019421081349739668,1.0
E_discount_overshoot,2016-09,0.017601107406742426,0.0046472724611341856,1.0
E_discount_overshoot,2016-10,0.013190296615980774,-0.00544602704070746,1.0
E_discount_overshoot,2016-11,-0.024928584949404357,0.02871471882700146,1.0
E_discount_overshoot,2016-12,0.04155286009642333,0.01657793711624413,1.0
E_discount_overshoot,2017-01,0.00510917540651147,0.022243877258409078,1.0
E_discount_overshoot,2017-02,0.030267711590287294,0.0165655764901008,0.9411764705882353
E_discount_overshoot,2017-03,0.016866822024057537,0.01311628882751549,1.0
E_discount_overshoot,2017-04,-0.0006359126215118326,0.028894988706674427,1.0
E_discount_overshoot,2017-05,0.02257440732065301,0.015082978634144907,1.0
E_discount_overshoot,2017-06,-0.026520423217189247,0.0016108175749359284,1.0
E_discount_overshoot,2017-07,0.029896618984698038,0.005291589368655611,1.0
E_discount_overshoot,2017-08,0.015021843995856689,0.00986775630486953,1.0
E_discount_overshoot,2017-09,-0.013230240601719546,0.014143876789536715,1.0
E_discount_overshoot,2017-10,0.022592452545788688,0.010371636317202908,1.0
E_discount_overshoot,2017-11,-0.016398228684220324,0.018736056678542137,1.0
E_discount_overshoot,2017-12,0.027647710954322797,0.014240181136971421,1.0
E_discount_overshoot,2018-01,-0.011149355911173634,0.01347303449965076,1.0
E_discount_overshoot,2018-02,-0.018960650933954576,-0.006344717676447764,1.0
E_discount_overshoot,2018-03,-0.027557562194858835,0.0032360271271088376,1.0
E_discount_overshoot,2018-04,0.010031310862379086,0.02217390143142665,1.0
E_discount_overshoot,2018-05,0.015314848972112103,0.0139264431034502,0.8823529411764707
E_discount_overshoot,2018-06,-0.019020252042249056,0.009481940547420799,1.0
E_discount_overshoot,2018-07,-0.03096501026734476,0.015545046943986559,1.0
E_discount_overshoot,2018-08,-0.014817123422454049,0.013223089040965167,1.0
E_discount_overshoot,2018-09,-0.003394230521371073,0.0036491088691827413,1.0
E_discount_overshoot,2018-10,-0.04701968970023504,0.009695473996247091,1.0
E_discount_overshoot,2018-11,0.007114815990749493,0.009429318229720485,1.0
E_discount_overshoot,2018-12,-0.04406937578298912,23.8474448226931,1.0
E_discount_overshoot,2019-01,0.03121566358451108,0.027423388021333914,1.0
E_discount_overshoot,2019-08,-0.03061958674480764,-0.009462029947807205,1.0
E_discount_overshoot,2019-09,0.019795814829034593,0.0024163012471501138,1.0
E_discount_overshoot,2019-10,-0.013564911579585047,0.015324203285413807,1.0
E_discount_overshoot,2019-11,0.011721656211584509,0.024365008922498613,1.0
E_discount_overshoot,2019-12,0.030251330773140017,0.04750849798630308,1.0
E_discount_overshoot,2020-01,-0.023257384970590912,0.028045207151180404,1.0
E_discount_overshoot,2020-02,-0.06435047785497852,-0.03425338427500342,1.0
E_discount_overshoot,2020-03,-0.1412488357565297,0.03927574417225275,1.0
E_discount_overshoot,2020-04,0.08500169664065149,0.08241176791461347,0.058823529411764705
E_discount_overshoot,2020-05,0.006411258795934183,0.04281916693844656,0.058823529411764705
E_discount_overshoot,2020-06,0.034266941744104024,0.033953450473140426,0.9411764705882353
E_discount_overshoot,2020-07,-0.020003311907604005,0.020615309899412074,1.0
E_discount_overshoot,2020-08,0.03623583451206316,-0.0013490908370498238,1.0
E_discount_overshoot,2020-09,-0.010530841741461116,0.006767918766838968,1.0
E_discount_overshoot,2020-10,-0.01682825752546471,0.05396622009866256,1.0
E_discount_overshoot,2020-11,0.11742362382069968,0.038217039569200945,1.0
E_discount_overshoot,2020-12,0.04066186190184794,0.02778430304318843,1.0
E_discount_overshoot,2021-01,-0.010975458634485543,0.024337200852942952,1.0
E_discount_overshoot,2021-02,0.01245848436827984,0.004643896985341211,1.0
E_discount_overshoot,2021-03,0.03648472092010884,0.01294488914097535,1.0
E_discount_overshoot,2021-04,0.044632995584041685,-0.020180407857424375,1.0
E_discount_overshoot,2021-05,-0.04836480791676854,0.5066195611148072,1.0
E_discount_overshoot,2021-06,0.008205459101341215,0.017513710438328757,1.0
E_discount_overshoot,2021-07,0.010232642043241244,0.0018259422253957477,0.9411764705882353
E_discount_overshoot,2021-08,0.03707994125469922,0.0028075859664639102,1.0
E_discount_overshoot,2021-09,-0.011499511283858772,0.023831860456063673,1.0
E_discount_overshoot,2021-10,0.015108719069401033,0.019457872092002226,1.0
E_discount_overshoot,2021-11,-0.013286726219401548,0.01467671723030377,1.0
E_discount_overshoot,2021-12,-0.05309603300862543,0.44226394108333816,1.0
E_discount_overshoot,2022-01,-0.04490285189997236,0.03145746413573935,1.0
E_discount_overshoot,2022-02,-0.11452188362002738,0.2911565971302038,1.0
E_discount_overshoot,2022-03,0.01503399637839915,0.03066033444706348,1.0
E_discount_overshoot,2022-04,-0.02958261607663258,0.03463197402698329,0.9411764705882353
E_discount_overshoot,2022-05,-0.014866613045887184,0.00011225127406398196,1.0
E_discount_overshoot,2022-06,-0.05380484992296244,-0.0009169064368463209,1.0
E_discount_overshoot,2022-07,0.07535095403296907,0.02963539370894354,1.0
E_discount_overshoot,2022-08,-0.008049634585615173,0.0492029370325944,1.0
E_discount_overshoot,2022-09,-0.05896219254187257,0.006075240728981195,1.0
E_discount_overshoot,2022-10,0.0034710856847160413,0.019423657195349837,1.0
E_discount_overshoot,2022-11,0.038478582666430845,0.04699481709060038,1.0
E_discount_overshoot,2022-12,-0.018301133262279497,0.027652200942737057,0.8823529411764707
E_discount_overshoot,2023-01,0.05520137806114482,-0.014067213683298177,1.0
E_discount_overshoot,2023-02,-0.012402402112082746,0.01979703861384461,1.0
E_discount_overshoot,2023-03,-0.022697328376006742,-0.021775851496648964,1.0
E_discount_overshoot,2023-04,-0.01046192882324358,0.02372020986827312,1.0
E_discount_overshoot,2023-05,-0.004114188651244001,-0.00044796177355604233,1.0
E_discount_overshoot,2023-06,0.011307429292838102,0.0016721893934704413,1.0
E_discount_overshoot,2023-07,0.02189096790240322,0.0163411249893159,1.0
E_discount_overshoot,2023-08,-0.008325656872342163,0.00398420462367592,0.875
E_discount_overshoot,2023-09,0.00810346509846787,0.003151846479571445,1.0
E_discount_overshoot,2023-10,-0.04041175334845235,-0.01546500156486201,1.0
E_discount_overshoot,2023-11,0.035624927781034404,0.04670448793598762,1.0
E_discount_overshoot,2023-12,0.08323488297398907,0.02713436470536673,0.13333333333333336
E_discount_overshoot,2024-01,0.16862978977188026,-0.02386474251746007,1.0
E_discount_overshoot,2024-02,0.004794783318051048,-0.016311555078398002,1.0
E_discount_overshoot,2024-03,0.034673388213444144,-0.020068517596144614,1.0
E_discount_overshoot,2024-04,0.01444600280504904,0.07053504769805063,1.0
E_discount_overshoot,2024-05,0.01817960476213374,0.017965923804651653,1.0
E_discount_overshoot,2024-06,-0.023777905609479556,0.018538950286777822,1.0
E_discount_overshoot,2024-07,0.02413786149932352,0.05872743741646478,1.0
E_discount_overshoot,2024-08,-0.009623657545816289,0.0014568708466433436,1.0
E_discount_overshoot,2024-09,0.02371548355801795,0.006292298219298868,1.0
E_discount_overshoot,2024-10,-0.016461244559838363,-0.012728058814793275,1.0
E_discount_overshoot,2024-11,-0.00028187503389518495,0.017371284566194013,1.0
E_discount_overshoot,2024-12,-0.010129849926892115,0.03488112402969029,1.0
E_discount_overshoot,2025-01,0.016427235700417427,0.019039588330773106,1.0
E_discount_overshoot,2025-02,-0.012416756078857779,0.019279433494151513,0.9333333333333333
E_discount_overshoot,2025-03,-0.03524833539140245,0.005349093290956923,1.0
E_discount_overshoot,2025-04,0.005450457836181525,0.009463649244428562,1.0
E_discount_overshoot,2025-05,0.016819899410531663,0.02869419809578052,1.0
E_discount_overshoot,2025-06,0.024297345076175328,0.024180435041147603,1.0
E_discount_overshoot,2025-07,0.026053700560792776,0.030455086881857545,1.0
E_discount_overshoot,2025-08,0.0006935496621505726,0.004120615075747697,1.0
E_discount_overshoot,2025-09,0.031708092191056296,0.03234652474334414,1.0
E_discount_overshoot,2025-10,0.049733243290261395,0.002000944522292207,1.0
E_discount_overshoot,2025-11,-0.01831312996890077,0.044526230901954345,1.0
E_discount_overshoot,2025-12,0.008477716628005302,0.02353474496676188,1.0
E_discount_overshoot,2026-01,0.030245874529034534,0.006230506973129322,1.0
E_discount_overshoot,2026-02,0.036191499256940866,-0.001306080373457534,1.0
E_discount_overshoot,2026-03,-0.04958415933787787,-0.001012146956002517,1.0
E_discount_overshoot,2026-04,0.046501503026712444,0.033412169573421226,0.923076923076923
E_discount_overshoot,2026-05,0.007349827677155149,0.05309625644286388,0.923076923076923
E_discount_overshoot,2026-06,0.011156562034375754,0.013169319349617813,1.0
E_discount_overshoot,2026-07,-0.020834799128874457,0.007232890167439852,1.0
BM_equal_weight_universe,2007-02,0.0004030834426880475,-0.0022717209524212014,0.9887005649717512
BM_equal_weight_universe,2007-03,0.022304335503065268,-0.005980634606774239,0.9606741573033708
BM_equal_weight_universe,2007-04,0.021171879194522732,0.048500683634099706,0.9510869565217391
BM_equal_weight_universe,2007-05,0.029558491774542187,-0.013209155258910747,0.9780219780219781
BM_equal_weight_universe,2007-06,-0.009742036413934872,-0.003184192190296776,1.0
BM_equal_weight_universe,2007-07,-0.01468428141687669,0.0024959174079903267,0.9629629629629632
BM_equal_weight_universe,2007-08,-0.020627008259591108,-0.0012541538779599548,0.9891891891891891
BM_equal_weight_universe,2007-09,0.02227785212292492,6.8298373689179e-05,0.9891304347826086
BM_equal_weight_universe,2007-10,0.03453936898034361,-0.009576961841139191,0.9637305699481865
BM_equal_weight_universe,2007-11,-0.052258883326975335,-0.01677402855044977,0.9893048128342246
BM_equal_weight_universe,2007-12,0.009495715467292502,-0.002003817091845566,0.9891891891891891
BM_equal_weight_universe,2008-01,-0.08229360416999473,0.004155487710817999,0.9581151832460737
BM_equal_weight_universe,2008-02,0.019913206545940504,0.017318757277265766,0.9783783783783784
BM_equal_weight_universe,2008-03,-0.03143527932581369,-0.014840427301679289,0.989010989010989
BM_equal_weight_universe,2008-04,0.592350625841023,0.0011992448863594784,0.9578947368421052
BM_equal_weight_universe,2008-05,0.008400971973587924,0.5278504495064118,0.9945945945945946
BM_equal_weight_universe,2008-06,-0.07658884356039822,-0.005667286755571625,0.9946808510638299
BM_equal_weight_universe,2008-07,-0.037375042225896965,0.0033256153838914972,0.9791666666666669
BM_equal_weight_universe,2008-08,0.03595639891369068,-0.015533303157556449,0.9789473684210526
BM_equal_weight_universe,2008-09,-0.12903761379780765,-0.0006478923736689307,0.9946236559139785
BM_equal_weight_universe,2008-10,-0.16236705701725213,-0.012473910314019282,0.9689119170984456
BM_equal_weight_universe,2008-11,-0.028617442249977035,-0.012209729610332976,0.9946808510638299
BM_equal_weight_universe,2008-12,0.0711229833009333,-0.005106389605801839,0.9894179894179895
BM_equal_weight_universe,2009-01,-0.05544020057583934,0.03708229479651617,0.9639175257731959
BM_equal_weight_universe,2009-02,-0.055895469464052154,-0.01044470692437124,0.9947089947089947
BM_equal_weight_universe,2009-03,0.040149290926287065,-0.0014765454437459498,1.0
BM_equal_weight_universe,2009-04,0.10852215426841981,0.027540853102439772,0.9742268041237113
BM_equal_weight_universe,2009-05,0.038756611317727285,0.015510408021862723,0.9895287958115184
BM_equal_weight_universe,2009-06,-0.013878720150082362,0.44831672128014327,0.9947089947089947
BM_equal_weight_universe,2009-07,0.068192610903514,-0.014195448855989237,0.9639175257731959
BM_equal_weight_universe,2009-08,0.0660988085483235,0.0030279232675428846,0.9893617021276596
BM_equal_weight_universe,2009-09,0.06764801241910656,-0.0012390770409091974,0.9838709677419355
BM_equal_weight_universe,2009-10,-0.028927838990741035,0.00920497989346239,0.9528795811518328
BM_equal_weight_universe,2009-11,0.018256742447338936,-0.010625319701521686,0.9945652173913044
BM_equal_weight_universe,2009-12,0.036667620514046054,0.0006973912698879539,0.9891304347826086
BM_equal_weight_universe,2010-01,-0.018962959621159004,0.0028410593442540315,0.9945054945054945
BM_equal_weight_universe,2010-02,0.02718945820515467,-0.010705500176854794,0.9945054945054945
BM_equal_weight_universe,2010-03,0.06085984954175418,0.00790332945289105,0.989010989010989
BM_equal_weight_universe,2010-04,0.0032955555148964713,0.00036350266851199417,0.9675675675675677
BM_equal_weight_universe,2010-05,-0.053045008783576535,-0.002757632912100659,0.9944751381215471
BM_equal_weight_universe,2010-06,-0.029273407726661257,0.014172380164041574,0.988950276243094
BM_equal_weight_universe,2010-07,0.033986726085985464,0.0020464086899813255,0.9836065573770492
BM_equal_weight_universe,2010-08,-0.0017624091583280464,-0.009288154395579961,1.0
BM_equal_weight_universe,2010-09,0.06896423718234493,0.0030130601205787836,0.9890710382513661
BM_equal_weight_universe,2010-10,0.022929846157992942,0.015017103989553944,0.9836956521739131
BM_equal_weight_universe,2010-11,-0.008396708993358004,-0.001966788442961446,0.9944751381215471
BM_equal_weight_universe,2010-12,0.0629712269698467,0.0030937842162215377,0.9944751381215471
BM_equal_weight_universe,2011-01,-0.013285428730252572,0.011743571950674977,0.9728260869565217
BM_equal_weight_universe,2011-02,0.00476107405649613,-0.013371898937123206,0.9944444444444445
BM_equal_weight_universe,2011-03,0.014460055479337725,-0.005599502262202521,0.9888888888888889
BM_equal_weight_universe,2011-04,0.013177069890191233,0.008164145454866288,0.9836065573770492
BM_equal_weight_universe,2011-05,-0.0035957247855518465,0.00018432628203006332,0.9833333333333334
BM_equal_weight_universe,2011-06,0.002803401027026893,-0.005262116986009715,1.0
BM_equal_weight_universe,2011-07,-0.023520366376574262,0.008400267938240537,0.9890710382513661
BM_equal_weight_universe,2011-08,-0.07136935349546732,-0.0014958819996524807,0.988950276243094
BM_equal_weight_universe,2011-09,-0.062160426015812426,0.0014123800432244706,1.0
BM_equal_weight_universe,2011-10,0.047275501878761755,-0.010445545192990388,0.989010989010989
BM_equal_weight_universe,2011-11,-0.02024008949463129,-0.009323863219760906,0.9888888888888889
BM_equal_weight_universe,2011-12,-0.0029576167249787677,-0.0020839601425606267,1.0
BM_equal_weight_universe,2012-01,0.04736565730365111,0.00036726538400269106,0.9779005524861879
BM_equal_weight_universe,2012-02,0.04378321539446553,0.012043878878454334,0.9943820224719101
BM_equal_weight_universe,2012-03,0.00027704782311570655,0.0013548875934440803,0.9944751381215471
BM_equal_weight_universe,2012-04,-0.014948246400788569,-0.0035988110456687352,0.967391304347826
BM_equal_weight_universe,2012-05,-0.05646777596577455,-0.0042066144719692215,0.24022346368715083
BM_equal_weight_universe,2012-06,0.023231385289794758,0.013397411978872502,0.9302325581395349
BM_equal_weight_universe,2012-07,0.012957881192894757,0.0018123637157130557,0.9887005649717512
BM_equal_weight_universe,2012-08,0.012116314675701938,-4.276521431613998e-05,0.9775280898876405
BM_equal_weight_universe,2012-09,0.021621751118781417,0.006752611378761457,0.982758620689655
BM_equal_weight_universe,2012-10,0.0038133634504332664,0.007662503855016076,0.9942196531791907
BM_equal_weight_universe,2012-11,0.012790021210478727,-0.00640477111897237,1.0
BM_equal_weight_universe,2012-12,0.01429837654817474,0.014352898075761115,0.9943181818181822
BM_equal_weight_universe,2013-01,0.06013045178226198,0.010724981962738233,0.9943502824858759
BM_equal_weight_universe,2013-02,0.03794076410231767,-0.006501630918607047,0.9829545454545457
BM_equal_weight_universe,2013-03,0.013153888343402503,0.000490714991587161,0.9885057471264367
BM_equal_weight_universe,2013-04,0.0007485412286008413,0.006998512896364089,0.9828571428571429
BM_equal_weight_universe,2013-05,0.02106321908497903,-0.0018116046306657077,1.0
BM_equal_weight_universe,2013-06,-0.04075083016429204,-0.005150557578527661,1.0
BM_equal_weight_universe,2013-07,0.047021757094038635,0.006681194017770649,0.9830508474576269
BM_equal_weight_universe,2013-08,-0.027659092300806327,0.005938543741164346,1.0
BM_equal_weight_universe,2013-09,0.011236865401819274,0.006101806989898135,0.9715909090909093
BM_equal_weight_universe,2013-10,0.0393117806770624,0.0016650927671604766,0.9826589595375721
BM_equal_weight_universe,2013-11,-0.01103254313897381,0.0024667116296015618,1.0
BM_equal_weight_universe,2013-12,0.006705813764818037,-0.0023049657187212583,0.982758620689655
BM_equal_weight_universe,2014-01,-0.019233610115652555,0.002499127355402051,0.9883720930232557
BM_equal_weight_universe,2014-02,0.03143837668736709,-0.0011718571205728365,0.9941860465116278
BM_equal_weight_universe,2014-03,-0.00940532046879082,-0.007540114611987803,0.9942528735632183
BM_equal_weight_universe,2014-04,-0.01018603046057701,0.0051936263963807405,0.9831460674157304
BM_equal_weight_universe,2014-05,0.01632793640986907,-0.0039980602480340355,0.9943181818181822
BM_equal_weight_universe,2014-06,-0.013407875563055756,0.002031775963148103,0.9828571428571429
BM_equal_weight_universe,2014-07,-0.008596181546301445,-0.0022580417353696,0.988636363636364
BM_equal_weight_universe,2014-08,0.02591226068210532,-0.011570477870544181,1.0
BM_equal_weight_universe,2014-09,-0.020853967847865387,0.008613130360371597,0.9943820224719101
BM_equal_weight_universe,2014-10,0.001228822289660221,-0.007570678969221855,0.9779005524861879
BM_equal_weight_universe,2014-11,0.024585921252628984,0.0012971112072107812,0.9943502824858759
BM_equal_weight_universe,2014-12,-0.016443991652003092,7.290737387264084e-05,0.9943502824858759
BM_equal_weight_universe,2015-01,0.02599369240448283,-0.009494851046387339,0.9775280898876405
BM_equal_weight_universe,2015-02,0.02313067146660882,-0.005157604484851626,1.0
BM_equal_weight_universe,2015-03,0.01228330500662014,0.0018754680616821107,1.0
BM_equal_weight_universe,2015-04,0.009186503901658531,-0.002872007670279626,0.9777777777777779
BM_equal_weight_universe,2015-05,0.012070879383358359,0.007467878026187067,1.0
BM_equal_weight_universe,2015-06,-0.04686396839811213,0.005497981312358111,0.9887640449438202
BM_equal_weight_universe,2015-07,0.0027501652974114216,-0.001999627574898252,0.9833333333333334
BM_equal_weight_universe,2015-08,-0.04653290577676132,-0.0015111113793556488,0.9944751381215471
BM_equal_weight_universe,2015-09,-0.023597363071743274,-0.0055069401358751316,0.988950276243094
BM_equal_weight_universe,2015-10,0.03726432417441712,0.00456916306936503,0.9672131147540983
BM_equal_weight_universe,2015-11,0.010428770590094389,-0.00607389325110331,0.9831460674157304
BM_equal_weight_universe,2015-12,0.0027429488636422777,0.003322799039081038,0.9943502824858759
BM_equal_weight_universe,2016-01,-0.0442094489744322,-0.019485703226325247,0.9835164835164836
BM_equal_weight_universe,2016-02,0.006446130900553515,-0.0006876076675161064,0.9888888888888889
BM_equal_weight_universe,2016-03,0.03962788160975987,-0.008813569694545774,0.988950276243094
BM_equal_weight_universe,2016-04,0.0014082060721252083,0.017192187821523465,0.9672131147540983
BM_equal_weight_universe,2016-05,0.007036156270278853,-0.007085801706494463,0.9944134078212291
BM_equal_weight_universe,2016-06,0.03405658034309025,-0.02337800734701908,0.9888268156424582
BM_equal_weight_universe,2016-07,0.049996372662230885,0.019922786109438744,0.9613259668508287
BM_equal_weight_universe,2016-08,0.0201009148936308,0.0026447605725543697,0.9942857142857142
BM_equal_weight_universe,2016-09,0.01754600856587423,-0.001831601475027667,1.0
BM_equal_weight_universe,2016-10,0.022141056024589857,-0.0015012366564125276,0.9672131147540983
BM_equal_weight_universe,2016-11,-0.028119551131715527,0.008084073167441619,0.9888888888888889
BM_equal_weight_universe,2016-12,0.029666066673540166,0.004320475025863887,0.9887640449438202
BM_equal_weight_universe,2017-01,0.017000808859749222,0.0017096158279426474,0.9672131147540983
BM_equal_weight_universe,2017-02,0.029289250914977527,-0.0009571558560184553,0.9833333333333334
BM_equal_weight_universe,2017-03,0.014551973731487956,-0.0004024500706562537,0.9832402234636872
BM_equal_weight_universe,2017-04,0.0023351449903575043,0.008439312063711044,0.9354838709677419
BM_equal_weight_universe,2017-05,0.028675548051494547,0.0009616616239124643,0.988636363636364
BM_equal_weight_universe,2017-06,-0.008967455328575336,0.005341709717322396,0.989010989010989
BM_equal_weight_universe,2017-07,0.016532918586059278,-0.0014967919156350703,0.9680851063829786
BM_equal_weight_universe,2017-08,0.020765986680990008,-0.005342316730454322,0.9782608695652173
BM_equal_weight_universe,2017-09,-0.013100683584875771,0.0044477297311643705,1.0
BM_equal_weight_universe,2017-10,0.03170490966118294,-0.0007915240167949643,0.9526315789473684
BM_equal_weight_universe,2017-11,-0.008187193358747992,0.01159680101080684,0.989010989010989
BM_equal_weight_universe,2017-12,0.023675501106456016,-0.0033522224721565033,1.0
BM_equal_weight_universe,2018-01,0.0005090064636022153,0.006006387134927993,0.9574468085106382
BM_equal_weight_universe,2018-02,-0.01607650377178602,-0.01162888085591177,1.0
BM_equal_weight_universe,2018-03,-0.02662260753345596,0.0020266308616961773,1.0
BM_equal_weight_universe,2018-04,0.027769704328248046,0.0006029009962751378,0.9473684210526315
BM_equal_weight_universe,2018-05,0.0061932512963267326,-0.0047491552081801724,0.988950276243094
BM_equal_weight_universe,2018-06,-0.004702851317968843,0.004851117365320337,1.0
BM_equal_weight_universe,2018-07,0.013276344999980916,-0.002796764301089956,0.9788359788359791
BM_equal_weight_universe,2018-08,-0.0045642489443676795,-0.0008217023246928704,0.989247311827957
BM_equal_weight_universe,2018-09,-0.006486464788978974,-0.002043018844440474,0.9945652173913044
BM_equal_weight_universe,2018-10,-0.06712243143680724,0.0016328738444554242,0.9572192513368984
BM_equal_weight_universe,2018-11,0.004213429827656144,-0.028621114806007313,0.988950276243094
BM_equal_weight_universe,2018-12,-0.05139962185199552,2.7533719627776203,0.9945945945945946
BM_equal_weight_universe,2019-01,0.038238957229217704,0.0007131031845037526,0.9839572192513368
BM_equal_weight_universe,2019-02,0.008876873012211184,0.008191383951401399,0.0108695652173913
BM_equal_weight_universe,2019-03,0.010809187809638132,-0.039578457125325706,0.5
BM_equal_weight_universe,2019-04,0.01716119130186744,0.02464525917791094,0.3333333333333333
BM_equal_weight_universe,2019-05,0.0042047801711417865,-0.05075396085100625,0.2
BM_equal_weight_universe,2019-06,0.023874237860868286,0.009852798241267946,1.0
BM_equal_weight_universe,2019-07,0.04505667958100168,0.005777878892050392,0.25
BM_equal_weight_universe,2019-08,-0.03551421172460584,-0.010386807285321636,1.0
BM_equal_weight_universe,2019-09,0.010436551498206912,0.006096777431679932,0.9945945945945946
BM_equal_weight_universe,2019-10,-0.016161608392758937,0.005291943670740006,0.9891891891891891
BM_equal_weight_universe,2019-11,0.024516458271632506,0.006951256952243827,0.994535519125683
BM_equal_weight_universe,2019-12,0.028471925261266448,0.014250074822088522,0.994535519125683
BM_equal_weight_universe,2020-01,-0.017734391598109484,-0.0019091547359656462,0.9945945945945946
BM_equal_weight_universe,2020-02,-0.06733801472927459,-0.033549241860424246,1.0
BM_equal_weight_universe,2020-03,-0.1670213960312213,-0.006860104651256223,0.989247311827957
BM_equal_weight_universe,2020-04,0.1529126612358168,-0.002376255300090632,0.032432432432432434
BM_equal_weight_universe,2020-05,0.032355859535534805,0.005345992788179524,1.0
BM_equal_weight_universe,2020-06,0.031114007940014454,0.0015919571529625074,0.9786096256684493
BM_equal_weight_universe,2020-07,-0.007814575178101543,0.004900502381716143,0.9891304347826086
BM_equal_weight_universe,2020-08,0.035087395200714536,-0.003595532576215577,0.9945054945054945
BM_equal_weight_universe,2020-09,0.0009976687014171177,-0.003446968923286893,0.9890710382513661
BM_equal_weight_universe,2020-10,-0.015168073787690972,0.016059777167595164,0.9782608695652173
BM_equal_weight_universe,2020-11,0.0973543761230018,0.019589611152081063,0.988950276243094
BM_equal_weight_universe,2020-12,0.04849564312689765,0.013969479902595094,0.9944134078212291
BM_equal_weight_universe,2021-01,-0.00444482613319001,-0.006531985229958265,0.9835164835164836
BM_equal_weight_universe,2021-02,0.008020742980080195,-0.004281958613395975,1.0
BM_equal_weight_universe,2021-03,0.02243548043152465,0.0015892921860628563,0.9944751381215471
BM_equal_weight_universe,2021-04,0.039188341202879395,747.2779032492992,0.9834254143646409
BM_equal_weight_universe,2021-05,-0.0026027216998369437,0.03763469800618899,0.9943820224719101
BM_equal_weight_universe,2021-06,0.020500750677300388,-0.008787348072294063,1.0
BM_equal_weight_universe,2021-07,-0.00776173531382897,-0.0023479496407038235,0.9887640449438202
BM_equal_weight_universe,2021-08,0.03334353963100062,-0.004782136043605065,1.0
BM_equal_weight_universe,2021-09,-0.022112374644515008,0.002863796570558539,0.9943820224719101
BM_equal_weight_universe,2021-10,0.007806013601689343,-0.0040392464236808515,0.9720670391061454
BM_equal_weight_universe,2021-11,-0.02145812785868221,3.9648886806221105e-06,0.9885714285714287
BM_equal_weight_universe,2021-12,0.012461093029309499,0.04359832851991947,0.9943502824858759
BM_equal_weight_universe,2022-01,-0.05809929786565712,-0.00919674280203742,1.0
BM_equal_weight_universe,2022-02,-0.04946114575682779,2.2919332423845042,0.9775280898876405
BM_equal_weight_universe,2022-03,0.013323343024795226,-0.0020557977458203923,0.9942528735632183
BM_equal_weight_universe,2022-04,-0.03267822107199133,1.2006701904271824,0.9774011299435027
BM_equal_weight_universe,2022-05,-0.018197001673199667,-0.016064484813613444,0.9942857142857142
BM_equal_weight_universe,2022-06,-0.05671299605954311,-0.0037316459538574475,0.9943502824858759
BM_equal_weight_universe,2022-07,0.050072096461782206,0.0033529106776591902,0.9830508474576269
BM_equal_weight_universe,2022-08,-0.0016925673315524277,-0.0025957636708876133,0.9942857142857142
BM_equal_weight_universe,2022-09,-0.0655807129949246,-0.00011939985038077704,0.9943181818181822
BM_equal_weight_universe,2022-10,0.004743092213104604,-0.001435941084095704,0.9545454545454546
BM_equal_weight_universe,2022-11,0.06111514879648904,0.006245583557018495,0.9761904761904762
BM_equal_weight_universe,2022-12,-0.01793165904608074,0.01080312136169706,0.9464285714285714
BM_equal_weight_universe,2023-01,0.049363497467302855,-0.008979090654024776,0.9876543209876543
BM_equal_weight_universe,2023-02,-0.012628323761059889,0.00777512784981904,1.0
BM_equal_weight_universe,2023-03,-0.019805723191365775,-0.013094798260226963,0.9879518072289156
BM_equal_weight_universe,2023-04,-0.005615661187067653,0.007038021183012306,0.9940119760479043
BM_equal_weight_universe,2023-05,-0.018003348136233877,0.001454805160143627,1.0
BM_equal_weight_universe,2023-06,0.006655044314579633,-0.010929038500324511,0.9880952380952381
BM_equal_weight_universe,2023-07,0.016624806630391422,0.004901462179700065,1.0
BM_equal_weight_universe,2023-08,-0.025211494098821372,-0.0028939626830654834,0.9819277108433735
BM_equal_weight_universe,2023-09,-0.003378868794055233,0.001724602854988118,0.9815950920245399
BM_equal_weight_universe,2023-10,-0.05124797694886902,-0.015308569392070096,0.9754601226993863
BM_equal_weight_universe,2023-11,0.04346790414446804,0.017501328846243697,0.9753086419753088
BM_equal_weight_universe,2023-12,0.040678305190626034,0.0060677948884356285,0.08860759493670882
BM_equal_weight_universe,2024-01,-0.01029864532479291,0.0002419972867242048,1.0
BM_equal_weight_universe,2024-02,0.01829871813123186,-0.013307717320810996,0.987577639751553
BM_equal_weight_universe,2024-03,0.023417341103038364,-0.007689328496411529,0.9811320754716981
BM_equal_weight_universe,2024-04,-0.006087578296467107,0.010790783798309923,0.9746835443037973
BM_equal_weight_universe,2024-05,0.021136499741519738,0.00572591163615391,0.9805194805194806
BM_equal_weight_universe,2024-06,-0.003509504768008641,-0.0014066429215081114,0.9801324503311257
BM_equal_weight_universe,2024-07,0.013137672507371523,0.01892402028318067,1.0
BM_equal_weight_universe,2024-08,-0.008068109089376533,-0.013759123234992525,0.9934640522875817
BM_equal_weight_universe,2024-09,-0.004894943454292035,0.0010766256826124155,1.0
BM_equal_weight_universe,2024-10,-0.009553816791610534,-0.006550022451460325,0.9868421052631577
BM_equal_weight_universe,2024-11,0.013054963843361772,0.005506606025748364,0.9933333333333333
BM_equal_weight_universe,2024-12,-0.010335267710284018,0.01587750698077358,0.9933333333333333
BM_equal_weight_universe,2025-01,0.029464465207436175,0.000623808213675482,0.9932885906040267
BM_equal_weight_universe,2025-02,-0.028845152365674354,0.008288203150021142,0.972972972972973
BM_equal_weight_universe,2025-03,-0.04011847282952924,-0.0009837909153993184,0.9724137931034483
BM_equal_weight_universe,2025-04,-0.00511815926318779,0.003840602429642045,1.0
BM_equal_weight_universe,2025-05,0.04500557082308039,0.00394002792729895,0.9858156028368794
BM_equal_weight_universe,2025-06,0.023694478727304336,0.0062962372334111096,1.0
BM_equal_weight_universe,2025-07,0.02151466227105177,0.004159746378929813,0.9857142857142858
BM_equal_weight_universe,2025-08,0.005960589470879612,-0.0026138704333485844,1.0
BM_equal_weight_universe,2025-09,0.027111762818116218,6.93184886300705e-05,0.9927536231884058
BM_equal_weight_universe,2025-10,0.026878225176387178,-0.004264522470916528,0.9716312056737588
BM_equal_weight_universe,2025-11,-0.0033693328733380417,0.011009145551330379,0.9781021897810218
BM_equal_weight_universe,2025-12,0.007298908388568715,0.004245632711592371,0.9776119402985075
BM_equal_weight_universe,2026-01,0.02910712833018696,0.0004072852528545359,0.9924812030075187
BM_equal_weight_universe,2026-02,0.036619342737725116,-0.0015047769389222,0.9850746268656716
BM_equal_weight_universe,2026-03,-0.08010636823775519,-0.01494357879087349,0.9848484848484849
BM_equal_weight_universe,2026-04,0.05653497453245244,0.01514207515430261,0.9848484848484849
BM_equal_weight_universe,2026-05,0.03147941991435454,0.010216783665471163,0.9923076923076923
BM_equal_weight_universe,2026-06,0.0024477758668617596,-0.0022396769328885072,0.9922480620155039
BM_equal_weight_universe,2026-07,-0.0159781873967992,-0.00122058144965688,0.9923076923076923
